NumNodes,GroupSize,AvgDeg,NumSeed,InfRate,NumInfected
1000000, 10, 6, 3, 0, 3
1000000, 10, 6, 3, 0, 3
1000000, 10, 6, 3, 0, 3
1000000, 10, 6, 3, 0, 3
1000000, 10, 6, 3, 0, 3
1000000, 10, 6, 3, 0, 3
1000000, 10, 6, 3, 0, 3
1000000, 10, 6, 3, 0, 3
1000000, 10, 6, 3, 0, 3
1000000, 10, 6, 3, 0, 3
1000000, 10, 6, 3, 0, 3
1000000, 10, 6, 3, 0, 3
1000000, 10, 6, 3, 0, 3
1000000, 10, 6, 3, 0, 3
1000000, 10, 6, 3, 0, 3
1000000, 10, 6, 3, 0, 3
1000000, 10, 6, 3, 0, 3
1000000, 10, 6, 3, 0, 3
1000000, 10, 6, 3, 0, 3
1000000, 10, 6, 3, 0, 3
1000000, 10, 6, 3, 0, 3
1000000, 10, 6, 3, 0, 3
1000000, 10, 6, 3, 0, 3
1000000, 10, 6, 3, 0, 3
1000000, 10, 6, 3, 0, 3
1000000, 10, 6, 3, 0, 3
1000000, 10, 6, 3, 0, 3
1000000, 10, 6, 3, 0, 3
1000000, 10, 6, 3, 0, 3
1000000, 10, 6, 3, 0, 3
1000000, 10, 6, 3, 0, 3
1000000, 10, 6, 3, 0, 3
1000000, 10, 6, 3, 0, 3
1000000, 10, 6, 3, 0, 3
1000000, 10, 6, 3, 0, 3
1000000, 10, 6, 3, 0, 3
1000000, 10, 6, 3, 0, 3
1000000, 10, 6, 3, 0, 3
1000000, 10, 6, 3, 0, 3
1000000, 10, 6, 3, 0, 3
1000000, 10, 6, 3, 0, 3
1000000, 10, 6, 3, 0, 3
1000000, 10, 6, 3, 0, 3
1000000, 10, 6, 3, 0, 3
1000000, 10, 6, 3, 0, 3
1000000, 10, 6, 3, 0, 3
1000000, 10, 6, 3, 0, 3
1000000, 10, 6, 3, 0, 3
1000000, 10, 6, 3, 0, 3
1000000, 10, 6, 3, 0, 3
1000000, 10, 6, 3, 100, 3
1000000, 10, 6, 3, 100, 3
1000000, 10, 6, 3, 100, 3
1000000, 10, 6, 3, 100, 4
1000000, 10, 6, 3, 100, 3
1000000, 10, 6, 3, 100, 3
1000000, 10, 6, 3, 100, 3
1000000, 10, 6, 3, 100, 3
1000000, 10, 6, 3, 100, 3
1000000, 10, 6, 3, 100, 4
1000000, 10, 6, 3, 100, 3
1000000, 10, 6, 3, 100, 3
1000000, 10, 6, 3, 100, 3
1000000, 10, 6, 3, 100, 4
1000000, 10, 6, 3, 100, 3
1000000, 10, 6, 3, 100, 3
1000000, 10, 6, 3, 100, 3
1000000, 10, 6, 3, 100, 3
1000000, 10, 6, 3, 100, 3
1000000, 10, 6, 3, 100, 3
1000000, 10, 6, 3, 100, 3
1000000, 10, 6, 3, 100, 3
1000000, 10, 6, 3, 100, 3
1000000, 10, 6, 3, 100, 3
1000000, 10, 6, 3, 100, 3
1000000, 10, 6, 3, 100, 3
1000000, 10, 6, 3, 100, 3
1000000, 10, 6, 3, 100, 3
1000000, 10, 6, 3, 100, 3
1000000, 10, 6, 3, 100, 3
1000000, 10, 6, 3, 100, 3
1000000, 10, 6, 3, 100, 4
1000000, 10, 6, 3, 100, 3
1000000, 10, 6, 3, 100, 3
1000000, 10, 6, 3, 100, 3
1000000, 10, 6, 3, 100, 3
1000000, 10, 6, 3, 100, 3
1000000, 10, 6, 3, 100, 3
1000000, 10, 6, 3, 100, 3
1000000, 10, 6, 3, 100, 4
1000000, 10, 6, 3, 100, 3
1000000, 10, 6, 3, 100, 3
1000000, 10, 6, 3, 100, 3
1000000, 10, 6, 3, 100, 3
1000000, 10, 6, 3, 100, 4
1000000, 10, 6, 3, 100, 3
1000000, 10, 6, 3, 100, 4
1000000, 10, 6, 3, 100, 3
1000000, 10, 6, 3, 100, 4
1000000, 10, 6, 3, 100, 3
1000000, 10, 6, 3, 200, 3
1000000, 10, 6, 3, 200, 3
1000000, 10, 6, 3, 200, 3
1000000, 10, 6, 3, 200, 4
1000000, 10, 6, 3, 200, 3
1000000, 10, 6, 3, 200, 4
1000000, 10, 6, 3, 200, 3
1000000, 10, 6, 3, 200, 3
1000000, 10, 6, 3, 200, 4
1000000, 10, 6, 3, 200, 3
1000000, 10, 6, 3, 200, 4
1000000, 10, 6, 3, 200, 3
1000000, 10, 6, 3, 200, 3
1000000, 10, 6, 3, 200, 3
1000000, 10, 6, 3, 200, 3
1000000, 10, 6, 3, 200, 3
1000000, 10, 6, 3, 200, 3
1000000, 10, 6, 3, 200, 3
1000000, 10, 6, 3, 200, 3
1000000, 10, 6, 3, 200, 3
1000000, 10, 6, 3, 200, 3
1000000, 10, 6, 3, 200, 3
1000000, 10, 6, 3, 200, 3
1000000, 10, 6, 3, 200, 3
1000000, 10, 6, 3, 200, 4
1000000, 10, 6, 3, 200, 3
1000000, 10, 6, 3, 200, 3
1000000, 10, 6, 3, 200, 3
1000000, 10, 6, 3, 200, 3
1000000, 10, 6, 3, 200, 3
1000000, 10, 6, 3, 200, 3
1000000, 10, 6, 3, 200, 3
1000000, 10, 6, 3, 200, 3
1000000, 10, 6, 3, 200, 3
1000000, 10, 6, 3, 200, 3
1000000, 10, 6, 3, 200, 3
1000000, 10, 6, 3, 200, 4
1000000, 10, 6, 3, 200, 3
1000000, 10, 6, 3, 200, 4
1000000, 10, 6, 3, 200, 5
1000000, 10, 6, 3, 200, 3
1000000, 10, 6, 3, 200, 4
1000000, 10, 6, 3, 200, 3
1000000, 10, 6, 3, 200, 3
1000000, 10, 6, 3, 200, 3
1000000, 10, 6, 3, 200, 3
1000000, 10, 6, 3, 200, 4
1000000, 10, 6, 3, 200, 4
1000000, 10, 6, 3, 200, 3
1000000, 10, 6, 3, 200, 3
1000000, 10, 6, 3, 300, 3
1000000, 10, 6, 3, 300, 3
1000000, 10, 6, 3, 300, 3
1000000, 10, 6, 3, 300, 4
1000000, 10, 6, 3, 300, 3
1000000, 10, 6, 3, 300, 4
1000000, 10, 6, 3, 300, 4
1000000, 10, 6, 3, 300, 4
1000000, 10, 6, 3, 300, 5
1000000, 10, 6, 3, 300, 3
1000000, 10, 6, 3, 300, 3
1000000, 10, 6, 3, 300, 4
1000000, 10, 6, 3, 300, 3
1000000, 10, 6, 3, 300, 3
1000000, 10, 6, 3, 300, 3
1000000, 10, 6, 3, 300, 3
1000000, 10, 6, 3, 300, 3
1000000, 10, 6, 3, 300, 4
1000000, 10, 6, 3, 300, 3
1000000, 10, 6, 3, 300, 4
1000000, 10, 6, 3, 300, 3
1000000, 10, 6, 3, 300, 4
1000000, 10, 6, 3, 300, 3
1000000, 10, 6, 3, 300, 5
1000000, 10, 6, 3, 300, 3
1000000, 10, 6, 3, 300, 3
1000000, 10, 6, 3, 300, 4
1000000, 10, 6, 3, 300, 4
1000000, 10, 6, 3, 300, 3
1000000, 10, 6, 3, 300, 8
1000000, 10, 6, 3, 300, 4
1000000, 10, 6, 3, 300, 3
1000000, 10, 6, 3, 300, 5
1000000, 10, 6, 3, 300, 3
1000000, 10, 6, 3, 300, 3
1000000, 10, 6, 3, 300, 3
1000000, 10, 6, 3, 300, 3
1000000, 10, 6, 3, 300, 3
1000000, 10, 6, 3, 300, 3
1000000, 10, 6, 3, 300, 3
1000000, 10, 6, 3, 300, 3
1000000, 10, 6, 3, 300, 4
1000000, 10, 6, 3, 300, 5
1000000, 10, 6, 3, 300, 4
1000000, 10, 6, 3, 300, 3
1000000, 10, 6, 3, 300, 5
1000000, 10, 6, 3, 300, 3
1000000, 10, 6, 3, 300, 3
1000000, 10, 6, 3, 300, 3
1000000, 10, 6, 3, 300, 3
1000000, 10, 6, 3, 400, 4
1000000, 10, 6, 3, 400, 4
1000000, 10, 6, 3, 400, 3
1000000, 10, 6, 3, 400, 3
1000000, 10, 6, 3, 400, 6
1000000, 10, 6, 3, 400, 3
1000000, 10, 6, 3, 400, 3
1000000, 10, 6, 3, 400, 3
1000000, 10, 6, 3, 400, 5
1000000, 10, 6, 3, 400, 3
1000000, 10, 6, 3, 400, 5
1000000, 10, 6, 3, 400, 3
1000000, 10, 6, 3, 400, 3
1000000, 10, 6, 3, 400, 5
1000000, 10, 6, 3, 400, 5
1000000, 10, 6, 3, 400, 3
1000000, 10, 6, 3, 400, 4
1000000, 10, 6, 3, 400, 3
1000000, 10, 6, 3, 400, 3
1000000, 10, 6, 3, 400, 3
1000000, 10, 6, 3, 400, 3
1000000, 10, 6, 3, 400, 3
1000000, 10, 6, 3, 400, 4
1000000, 10, 6, 3, 400, 4
1000000, 10, 6, 3, 400, 3
1000000, 10, 6, 3, 400, 3
1000000, 10, 6, 3, 400, 3
1000000, 10, 6, 3, 400, 7
1000000, 10, 6, 3, 400, 4
1000000, 10, 6, 3, 400, 5
1000000, 10, 6, 3, 400, 3
1000000, 10, 6, 3, 400, 3
1000000, 10, 6, 3, 400, 3
1000000, 10, 6, 3, 400, 3
1000000, 10, 6, 3, 400, 5
1000000, 10, 6, 3, 400, 3
1000000, 10, 6, 3, 400, 4
1000000, 10, 6, 3, 400, 3
1000000, 10, 6, 3, 400, 4
1000000, 10, 6, 3, 400, 6
1000000, 10, 6, 3, 400, 4
1000000, 10, 6, 3, 400, 3
1000000, 10, 6, 3, 400, 4
1000000, 10, 6, 3, 400, 5
1000000, 10, 6, 3, 400, 3
1000000, 10, 6, 3, 400, 4
1000000, 10, 6, 3, 400, 3
1000000, 10, 6, 3, 400, 4
1000000, 10, 6, 3, 400, 3
1000000, 10, 6, 3, 400, 3
1000000, 10, 6, 3, 500, 4
1000000, 10, 6, 3, 500, 4
1000000, 10, 6, 3, 500, 4
1000000, 10, 6, 3, 500, 3
1000000, 10, 6, 3, 500, 5
1000000, 10, 6, 3, 500, 4
1000000, 10, 6, 3, 500, 6
1000000, 10, 6, 3, 500, 5
1000000, 10, 6, 3, 500, 5
1000000, 10, 6, 3, 500, 3
1000000, 10, 6, 3, 500, 3
1000000, 10, 6, 3, 500, 5
1000000, 10, 6, 3, 500, 6
1000000, 10, 6, 3, 500, 3
1000000, 10, 6, 3, 500, 4
1000000, 10, 6, 3, 500, 5
1000000, 10, 6, 3, 500, 3
1000000, 10, 6, 3, 500, 4
1000000, 10, 6, 3, 500, 11
1000000, 10, 6, 3, 500, 4
1000000, 10, 6, 3, 500, 3
1000000, 10, 6, 3, 500, 5
1000000, 10, 6, 3, 500, 4
1000000, 10, 6, 3, 500, 4
1000000, 10, 6, 3, 500, 3
1000000, 10, 6, 3, 500, 4
1000000, 10, 6, 3, 500, 3
1000000, 10, 6, 3, 500, 3
1000000, 10, 6, 3, 500, 4
1000000, 10, 6, 3, 500, 4
1000000, 10, 6, 3, 500, 5
1000000, 10, 6, 3, 500, 4
1000000, 10, 6, 3, 500, 6
1000000, 10, 6, 3, 500, 3
1000000, 10, 6, 3, 500, 5
1000000, 10, 6, 3, 500, 4
1000000, 10, 6, 3, 500, 6
1000000, 10, 6, 3, 500, 3
1000000, 10, 6, 3, 500, 4
1000000, 10, 6, 3, 500, 4
1000000, 10, 6, 3, 500, 5
1000000, 10, 6, 3, 500, 3
1000000, 10, 6, 3, 500, 4
1000000, 10, 6, 3, 500, 4
1000000, 10, 6, 3, 500, 4
1000000, 10, 6, 3, 500, 5
1000000, 10, 6, 3, 500, 5
1000000, 10, 6, 3, 500, 3
1000000, 10, 6, 3, 500, 4
1000000, 10, 6, 3, 500, 6
1000000, 10, 6, 3, 600, 3
1000000, 10, 6, 3, 600, 3
1000000, 10, 6, 3, 600, 4
1000000, 10, 6, 3, 600, 4
1000000, 10, 6, 3, 600, 8
1000000, 10, 6, 3, 600, 3
1000000, 10, 6, 3, 600, 4
1000000, 10, 6, 3, 600, 4
1000000, 10, 6, 3, 600, 5
1000000, 10, 6, 3, 600, 4
1000000, 10, 6, 3, 600, 4
1000000, 10, 6, 3, 600, 3
1000000, 10, 6, 3, 600, 4
1000000, 10, 6, 3, 600, 11
1000000, 10, 6, 3, 600, 3
1000000, 10, 6, 3, 600, 4
1000000, 10, 6, 3, 600, 4
1000000, 10, 6, 3, 600, 3
1000000, 10, 6, 3, 600, 3
1000000, 10, 6, 3, 600, 3
1000000, 10, 6, 3, 600, 5
1000000, 10, 6, 3, 600, 5
1000000, 10, 6, 3, 600, 3
1000000, 10, 6, 3, 600, 6
1000000, 10, 6, 3, 600, 6
1000000, 10, 6, 3, 600, 3
1000000, 10, 6, 3, 600, 3
1000000, 10, 6, 3, 600, 4
1000000, 10, 6, 3, 600, 3
1000000, 10, 6, 3, 600, 4
1000000, 10, 6, 3, 600, 5
1000000, 10, 6, 3, 600, 13
1000000, 10, 6, 3, 600, 5
1000000, 10, 6, 3, 600, 3
1000000, 10, 6, 3, 600, 5
1000000, 10, 6, 3, 600, 3
1000000, 10, 6, 3, 600, 5
1000000, 10, 6, 3, 600, 5
1000000, 10, 6, 3, 600, 3
1000000, 10, 6, 3, 600, 3
1000000, 10, 6, 3, 600, 4
1000000, 10, 6, 3, 600, 7
1000000, 10, 6, 3, 600, 5
1000000, 10, 6, 3, 600, 4
1000000, 10, 6, 3, 600, 4
1000000, 10, 6, 3, 600, 4
1000000, 10, 6, 3, 600, 3
1000000, 10, 6, 3, 600, 4
1000000, 10, 6, 3, 600, 5
1000000, 10, 6, 3, 600, 4
1000000, 10, 6, 3, 700, 3
1000000, 10, 6, 3, 700, 3
1000000, 10, 6, 3, 700, 7
1000000, 10, 6, 3, 700, 3
1000000, 10, 6, 3, 700, 3
1000000, 10, 6, 3, 700, 4
1000000, 10, 6, 3, 700, 4
1000000, 10, 6, 3, 700, 5
1000000, 10, 6, 3, 700, 3
1000000, 10, 6, 3, 700, 4
1000000, 10, 6, 3, 700, 4
1000000, 10, 6, 3, 700, 5
1000000, 10, 6, 3, 700, 3
1000000, 10, 6, 3, 700, 3
1000000, 10, 6, 3, 700, 4
1000000, 10, 6, 3, 700, 3
1000000, 10, 6, 3, 700, 5
1000000, 10, 6, 3, 700, 6
1000000, 10, 6, 3, 700, 3
1000000, 10, 6, 3, 700, 4
1000000, 10, 6, 3, 700, 7
1000000, 10, 6, 3, 700, 4
1000000, 10, 6, 3, 700, 6
1000000, 10, 6, 3, 700, 3
1000000, 10, 6, 3, 700, 3
1000000, 10, 6, 3, 700, 8
1000000, 10, 6, 3, 700, 4
1000000, 10, 6, 3, 700, 6
1000000, 10, 6, 3, 700, 7
1000000, 10, 6, 3, 700, 3
1000000, 10, 6, 3, 700, 5
1000000, 10, 6, 3, 700, 5
1000000, 10, 6, 3, 700, 6
1000000, 10, 6, 3, 700, 4
1000000, 10, 6, 3, 700, 4
1000000, 10, 6, 3, 700, 4
1000000, 10, 6, 3, 700, 3
1000000, 10, 6, 3, 700, 3
1000000, 10, 6, 3, 700, 4
1000000, 10, 6, 3, 700, 6
1000000, 10, 6, 3, 700, 3
1000000, 10, 6, 3, 700, 4
1000000, 10, 6, 3, 700, 5
1000000, 10, 6, 3, 700, 3
1000000, 10, 6, 3, 700, 3
1000000, 10, 6, 3, 700, 4
1000000, 10, 6, 3, 700, 4
1000000, 10, 6, 3, 700, 6
1000000, 10, 6, 3, 700, 3
1000000, 10, 6, 3, 700, 5
1000000, 10, 6, 3, 800, 3
1000000, 10, 6, 3, 800, 4
1000000, 10, 6, 3, 800, 5
1000000, 10, 6, 3, 800, 3
1000000, 10, 6, 3, 800, 7
1000000, 10, 6, 3, 800, 8
1000000, 10, 6, 3, 800, 3
1000000, 10, 6, 3, 800, 5
1000000, 10, 6, 3, 800, 5
1000000, 10, 6, 3, 800, 7
1000000, 10, 6, 3, 800, 3
1000000, 10, 6, 3, 800, 4
1000000, 10, 6, 3, 800, 3
1000000, 10, 6, 3, 800, 5
1000000, 10, 6, 3, 800, 3
1000000, 10, 6, 3, 800, 8
1000000, 10, 6, 3, 800, 6
1000000, 10, 6, 3, 800, 4
1000000, 10, 6, 3, 800, 3
1000000, 10, 6, 3, 800, 8
1000000, 10, 6, 3, 800, 3
1000000, 10, 6, 3, 800, 3
1000000, 10, 6, 3, 800, 3
1000000, 10, 6, 3, 800, 3
1000000, 10, 6, 3, 800, 5
1000000, 10, 6, 3, 800, 6
1000000, 10, 6, 3, 800, 4
1000000, 10, 6, 3, 800, 3
1000000, 10, 6, 3, 800, 5
1000000, 10, 6, 3, 800, 8
1000000, 10, 6, 3, 800, 5
1000000, 10, 6, 3, 800, 8
1000000, 10, 6, 3, 800, 8
1000000, 10, 6, 3, 800, 5
1000000, 10, 6, 3, 800, 3
1000000, 10, 6, 3, 800, 3
1000000, 10, 6, 3, 800, 4
1000000, 10, 6, 3, 800, 3
1000000, 10, 6, 3, 800, 7
1000000, 10, 6, 3, 800, 4
1000000, 10, 6, 3, 800, 3
1000000, 10, 6, 3, 800, 8
1000000, 10, 6, 3, 800, 7
1000000, 10, 6, 3, 800, 5
1000000, 10, 6, 3, 800, 6
1000000, 10, 6, 3, 800, 3
1000000, 10, 6, 3, 800, 4
1000000, 10, 6, 3, 800, 4
1000000, 10, 6, 3, 800, 3
1000000, 10, 6, 3, 800, 4
1000000, 10, 6, 3, 900, 4
1000000, 10, 6, 3, 900, 6
1000000, 10, 6, 3, 900, 8
1000000, 10, 6, 3, 900, 3
1000000, 10, 6, 3, 900, 3
1000000, 10, 6, 3, 900, 8
1000000, 10, 6, 3, 900, 5
1000000, 10, 6, 3, 900, 5
1000000, 10, 6, 3, 900, 4
1000000, 10, 6, 3, 900, 4
1000000, 10, 6, 3, 900, 3
1000000, 10, 6, 3, 900, 20
1000000, 10, 6, 3, 900, 3
1000000, 10, 6, 3, 900, 4
1000000, 10, 6, 3, 900, 4
1000000, 10, 6, 3, 900, 5
1000000, 10, 6, 3, 900, 3
1000000, 10, 6, 3, 900, 5
1000000, 10, 6, 3, 900, 4
1000000, 10, 6, 3, 900, 5
1000000, 10, 6, 3, 900, 4
1000000, 10, 6, 3, 900, 6
1000000, 10, 6, 3, 900, 5
1000000, 10, 6, 3, 900, 3
1000000, 10, 6, 3, 900, 5
1000000, 10, 6, 3, 900, 10
1000000, 10, 6, 3, 900, 3
1000000, 10, 6, 3, 900, 4
1000000, 10, 6, 3, 900, 5
1000000, 10, 6, 3, 900, 4
1000000, 10, 6, 3, 900, 5
1000000, 10, 6, 3, 900, 3
1000000, 10, 6, 3, 900, 3
1000000, 10, 6, 3, 900, 21
1000000, 10, 6, 3, 900, 3
1000000, 10, 6, 3, 900, 4
1000000, 10, 6, 3, 900, 4
1000000, 10, 6, 3, 900, 5
1000000, 10, 6, 3, 900, 3
1000000, 10, 6, 3, 900, 6
1000000, 10, 6, 3, 900, 3
1000000, 10, 6, 3, 900, 4
1000000, 10, 6, 3, 900, 5
1000000, 10, 6, 3, 900, 6
1000000, 10, 6, 3, 900, 6
1000000, 10, 6, 3, 900, 4
1000000, 10, 6, 3, 900, 3
1000000, 10, 6, 3, 900, 3
1000000, 10, 6, 3, 900, 5
1000000, 10, 6, 3, 900, 4
1000000, 10, 6, 3, 1000, 7
1000000, 10, 6, 3, 1000, 5
1000000, 10, 6, 3, 1000, 6
1000000, 10, 6, 3, 1000, 3
1000000, 10, 6, 3, 1000, 5
1000000, 10, 6, 3, 1000, 8
1000000, 10, 6, 3, 1000, 4
1000000, 10, 6, 3, 1000, 4
1000000, 10, 6, 3, 1000, 3
1000000, 10, 6, 3, 1000, 4
1000000, 10, 6, 3, 1000, 10
1000000, 10, 6, 3, 1000, 4
1000000, 10, 6, 3, 1000, 4
1000000, 10, 6, 3, 1000, 7
1000000, 10, 6, 3, 1000, 5
1000000, 10, 6, 3, 1000, 7
1000000, 10, 6, 3, 1000, 3
1000000, 10, 6, 3, 1000, 6
1000000, 10, 6, 3, 1000, 4
1000000, 10, 6, 3, 1000, 3
1000000, 10, 6, 3, 1000, 3
1000000, 10, 6, 3, 1000, 6
1000000, 10, 6, 3, 1000, 3
1000000, 10, 6, 3, 1000, 11
1000000, 10, 6, 3, 1000, 14
1000000, 10, 6, 3, 1000, 3
1000000, 10, 6, 3, 1000, 3
1000000, 10, 6, 3, 1000, 3
1000000, 10, 6, 3, 1000, 5
1000000, 10, 6, 3, 1000, 3
1000000, 10, 6, 3, 1000, 6
1000000, 10, 6, 3, 1000, 9
1000000, 10, 6, 3, 1000, 5
1000000, 10, 6, 3, 1000, 6
1000000, 10, 6, 3, 1000, 9
1000000, 10, 6, 3, 1000, 11
1000000, 10, 6, 3, 1000, 4
1000000, 10, 6, 3, 1000, 6
1000000, 10, 6, 3, 1000, 3
1000000, 10, 6, 3, 1000, 5
1000000, 10, 6, 3, 1000, 10
1000000, 10, 6, 3, 1000, 9
1000000, 10, 6, 3, 1000, 3
1000000, 10, 6, 3, 1000, 9
1000000, 10, 6, 3, 1000, 13
1000000, 10, 6, 3, 1000, 4
1000000, 10, 6, 3, 1000, 11
1000000, 10, 6, 3, 1000, 5
1000000, 10, 6, 3, 1000, 7
1000000, 10, 6, 3, 1000, 3
1000000, 10, 6, 3, 1100, 6
1000000, 10, 6, 3, 1100, 4
1000000, 10, 6, 3, 1100, 5
1000000, 10, 6, 3, 1100, 7
1000000, 10, 6, 3, 1100, 4
1000000, 10, 6, 3, 1100, 6
1000000, 10, 6, 3, 1100, 7
1000000, 10, 6, 3, 1100, 6
1000000, 10, 6, 3, 1100, 8
1000000, 10, 6, 3, 1100, 7
1000000, 10, 6, 3, 1100, 5
1000000, 10, 6, 3, 1100, 3
1000000, 10, 6, 3, 1100, 6
1000000, 10, 6, 3, 1100, 5
1000000, 10, 6, 3, 1100, 5
1000000, 10, 6, 3, 1100, 8
1000000, 10, 6, 3, 1100, 13
1000000, 10, 6, 3, 1100, 4
1000000, 10, 6, 3, 1100, 3
1000000, 10, 6, 3, 1100, 15
1000000, 10, 6, 3, 1100, 3
1000000, 10, 6, 3, 1100, 27
1000000, 10, 6, 3, 1100, 5
1000000, 10, 6, 3, 1100, 17
1000000, 10, 6, 3, 1100, 3
1000000, 10, 6, 3, 1100, 6
1000000, 10, 6, 3, 1100, 3
1000000, 10, 6, 3, 1100, 4
1000000, 10, 6, 3, 1100, 6
1000000, 10, 6, 3, 1100, 3
1000000, 10, 6, 3, 1100, 11
1000000, 10, 6, 3, 1100, 6
1000000, 10, 6, 3, 1100, 3
1000000, 10, 6, 3, 1100, 5
1000000, 10, 6, 3, 1100, 4
1000000, 10, 6, 3, 1100, 5
1000000, 10, 6, 3, 1100, 21
1000000, 10, 6, 3, 1100, 6
1000000, 10, 6, 3, 1100, 6
1000000, 10, 6, 3, 1100, 4
1000000, 10, 6, 3, 1100, 7
1000000, 10, 6, 3, 1100, 3
1000000, 10, 6, 3, 1100, 5
1000000, 10, 6, 3, 1100, 6
1000000, 10, 6, 3, 1100, 6
1000000, 10, 6, 3, 1100, 4
1000000, 10, 6, 3, 1100, 5
1000000, 10, 6, 3, 1100, 5
1000000, 10, 6, 3, 1100, 8
1000000, 10, 6, 3, 1100, 6
1000000, 10, 6, 3, 1200, 5
1000000, 10, 6, 3, 1200, 5
1000000, 10, 6, 3, 1200, 4
1000000, 10, 6, 3, 1200, 3
1000000, 10, 6, 3, 1200, 3
1000000, 10, 6, 3, 1200, 12
1000000, 10, 6, 3, 1200, 9
1000000, 10, 6, 3, 1200, 3
1000000, 10, 6, 3, 1200, 6
1000000, 10, 6, 3, 1200, 4
1000000, 10, 6, 3, 1200, 5
1000000, 10, 6, 3, 1200, 3
1000000, 10, 6, 3, 1200, 10
1000000, 10, 6, 3, 1200, 8
1000000, 10, 6, 3, 1200, 4
1000000, 10, 6, 3, 1200, 6
1000000, 10, 6, 3, 1200, 4
1000000, 10, 6, 3, 1200, 11
1000000, 10, 6, 3, 1200, 5
1000000, 10, 6, 3, 1200, 7
1000000, 10, 6, 3, 1200, 5
1000000, 10, 6, 3, 1200, 16
1000000, 10, 6, 3, 1200, 5
1000000, 10, 6, 3, 1200, 3
1000000, 10, 6, 3, 1200, 32
1000000, 10, 6, 3, 1200, 15
1000000, 10, 6, 3, 1200, 4
1000000, 10, 6, 3, 1200, 3
1000000, 10, 6, 3, 1200, 14
1000000, 10, 6, 3, 1200, 4
1000000, 10, 6, 3, 1200, 10
1000000, 10, 6, 3, 1200, 3
1000000, 10, 6, 3, 1200, 5
1000000, 10, 6, 3, 1200, 5
1000000, 10, 6, 3, 1200, 6
1000000, 10, 6, 3, 1200, 16
1000000, 10, 6, 3, 1200, 6
1000000, 10, 6, 3, 1200, 4
1000000, 10, 6, 3, 1200, 7
1000000, 10, 6, 3, 1200, 4
1000000, 10, 6, 3, 1200, 4
1000000, 10, 6, 3, 1200, 9
1000000, 10, 6, 3, 1200, 5
1000000, 10, 6, 3, 1200, 4
1000000, 10, 6, 3, 1200, 6
1000000, 10, 6, 3, 1200, 9
1000000, 10, 6, 3, 1200, 7
1000000, 10, 6, 3, 1200, 15
1000000, 10, 6, 3, 1200, 4
1000000, 10, 6, 3, 1200, 11
1000000, 10, 6, 3, 1300, 4
1000000, 10, 6, 3, 1300, 4
1000000, 10, 6, 3, 1300, 4
1000000, 10, 6, 3, 1300, 5
1000000, 10, 6, 3, 1300, 15
1000000, 10, 6, 3, 1300, 32
1000000, 10, 6, 3, 1300, 3
1000000, 10, 6, 3, 1300, 6
1000000, 10, 6, 3, 1300, 5
1000000, 10, 6, 3, 1300, 4
1000000, 10, 6, 3, 1300, 5
1000000, 10, 6, 3, 1300, 3
1000000, 10, 6, 3, 1300, 6
1000000, 10, 6, 3, 1300, 10
1000000, 10, 6, 3, 1300, 23
1000000, 10, 6, 3, 1300, 3
1000000, 10, 6, 3, 1300, 7
1000000, 10, 6, 3, 1300, 7
1000000, 10, 6, 3, 1300, 6
1000000, 10, 6, 3, 1300, 10
1000000, 10, 6, 3, 1300, 3
1000000, 10, 6, 3, 1300, 5
1000000, 10, 6, 3, 1300, 7
1000000, 10, 6, 3, 1300, 16
1000000, 10, 6, 3, 1300, 17
1000000, 10, 6, 3, 1300, 11
1000000, 10, 6, 3, 1300, 5
1000000, 10, 6, 3, 1300, 3
1000000, 10, 6, 3, 1300, 5
1000000, 10, 6, 3, 1300, 3
1000000, 10, 6, 3, 1300, 4
1000000, 10, 6, 3, 1300, 4
1000000, 10, 6, 3, 1300, 4
1000000, 10, 6, 3, 1300, 3
1000000, 10, 6, 3, 1300, 9
1000000, 10, 6, 3, 1300, 13
1000000, 10, 6, 3, 1300, 9
1000000, 10, 6, 3, 1300, 14
1000000, 10, 6, 3, 1300, 3
1000000, 10, 6, 3, 1300, 7
1000000, 10, 6, 3, 1300, 16
1000000, 10, 6, 3, 1300, 7
1000000, 10, 6, 3, 1300, 7
1000000, 10, 6, 3, 1300, 11
1000000, 10, 6, 3, 1300, 4
1000000, 10, 6, 3, 1300, 5
1000000, 10, 6, 3, 1300, 4
1000000, 10, 6, 3, 1300, 12
1000000, 10, 6, 3, 1300, 8
1000000, 10, 6, 3, 1300, 8
1000000, 10, 6, 3, 1400, 17
1000000, 10, 6, 3, 1400, 6
1000000, 10, 6, 3, 1400, 8
1000000, 10, 6, 3, 1400, 33
1000000, 10, 6, 3, 1400, 29
1000000, 10, 6, 3, 1400, 3
1000000, 10, 6, 3, 1400, 34
1000000, 10, 6, 3, 1400, 11
1000000, 10, 6, 3, 1400, 9
1000000, 10, 6, 3, 1400, 12
1000000, 10, 6, 3, 1400, 4
1000000, 10, 6, 3, 1400, 10
1000000, 10, 6, 3, 1400, 7
1000000, 10, 6, 3, 1400, 8
1000000, 10, 6, 3, 1400, 6
1000000, 10, 6, 3, 1400, 5
1000000, 10, 6, 3, 1400, 17
1000000, 10, 6, 3, 1400, 5
1000000, 10, 6, 3, 1400, 6
1000000, 10, 6, 3, 1400, 5
1000000, 10, 6, 3, 1400, 13
1000000, 10, 6, 3, 1400, 6
1000000, 10, 6, 3, 1400, 13
1000000, 10, 6, 3, 1400, 14
1000000, 10, 6, 3, 1400, 32
1000000, 10, 6, 3, 1400, 26
1000000, 10, 6, 3, 1400, 4
1000000, 10, 6, 3, 1400, 6
1000000, 10, 6, 3, 1400, 5
1000000, 10, 6, 3, 1400, 9
1000000, 10, 6, 3, 1400, 7
1000000, 10, 6, 3, 1400, 4
1000000, 10, 6, 3, 1400, 4
1000000, 10, 6, 3, 1400, 58
1000000, 10, 6, 3, 1400, 15
1000000, 10, 6, 3, 1400, 16
1000000, 10, 6, 3, 1400, 5
1000000, 10, 6, 3, 1400, 5
1000000, 10, 6, 3, 1400, 21
1000000, 10, 6, 3, 1400, 13
1000000, 10, 6, 3, 1400, 3
1000000, 10, 6, 3, 1400, 6
1000000, 10, 6, 3, 1400, 9
1000000, 10, 6, 3, 1400, 4
1000000, 10, 6, 3, 1400, 30
1000000, 10, 6, 3, 1400, 6
1000000, 10, 6, 3, 1400, 4
1000000, 10, 6, 3, 1400, 7
1000000, 10, 6, 3, 1400, 12
1000000, 10, 6, 3, 1400, 4
1000000, 10, 6, 3, 1500, 8
1000000, 10, 6, 3, 1500, 12
1000000, 10, 6, 3, 1500, 7
1000000, 10, 6, 3, 1500, 65
1000000, 10, 6, 3, 1500, 16
1000000, 10, 6, 3, 1500, 5
1000000, 10, 6, 3, 1500, 7
1000000, 10, 6, 3, 1500, 12
1000000, 10, 6, 3, 1500, 4
1000000, 10, 6, 3, 1500, 13
1000000, 10, 6, 3, 1500, 35
1000000, 10, 6, 3, 1500, 7
1000000, 10, 6, 3, 1500, 4
1000000, 10, 6, 3, 1500, 6
1000000, 10, 6, 3, 1500, 3
1000000, 10, 6, 3, 1500, 5
1000000, 10, 6, 3, 1500, 7
1000000, 10, 6, 3, 1500, 5
1000000, 10, 6, 3, 1500, 7
1000000, 10, 6, 3, 1500, 27
1000000, 10, 6, 3, 1500, 4
1000000, 10, 6, 3, 1500, 8
1000000, 10, 6, 3, 1500, 14
1000000, 10, 6, 3, 1500, 32
1000000, 10, 6, 3, 1500, 25
1000000, 10, 6, 3, 1500, 9
1000000, 10, 6, 3, 1500, 15
1000000, 10, 6, 3, 1500, 3
1000000, 10, 6, 3, 1500, 16
1000000, 10, 6, 3, 1500, 7
1000000, 10, 6, 3, 1500, 8
1000000, 10, 6, 3, 1500, 3
1000000, 10, 6, 3, 1500, 4
1000000, 10, 6, 3, 1500, 3
1000000, 10, 6, 3, 1500, 17
1000000, 10, 6, 3, 1500, 5
1000000, 10, 6, 3, 1500, 5
1000000, 10, 6, 3, 1500, 4
1000000, 10, 6, 3, 1500, 4
1000000, 10, 6, 3, 1500, 26
1000000, 10, 6, 3, 1500, 18
1000000, 10, 6, 3, 1500, 15
1000000, 10, 6, 3, 1500, 20
1000000, 10, 6, 3, 1500, 10
1000000, 10, 6, 3, 1500, 4
1000000, 10, 6, 3, 1500, 14
1000000, 10, 6, 3, 1500, 8
1000000, 10, 6, 3, 1500, 8
1000000, 10, 6, 3, 1500, 5
1000000, 10, 6, 3, 1500, 10
1000000, 10, 6, 3, 1600, 5
1000000, 10, 6, 3, 1600, 5
1000000, 10, 6, 3, 1600, 7
1000000, 10, 6, 3, 1600, 13
1000000, 10, 6, 3, 1600, 78
1000000, 10, 6, 3, 1600, 7
1000000, 10, 6, 3, 1600, 15
1000000, 10, 6, 3, 1600, 139
1000000, 10, 6, 3, 1600, 3
1000000, 10, 6, 3, 1600, 7
1000000, 10, 6, 3, 1600, 45
1000000, 10, 6, 3, 1600, 215
1000000, 10, 6, 3, 1600, 14
1000000, 10, 6, 3, 1600, 19
1000000, 10, 6, 3, 1600, 4
1000000, 10, 6, 3, 1600, 4
1000000, 10, 6, 3, 1600, 9
1000000, 10, 6, 3, 1600, 5
1000000, 10, 6, 3, 1600, 5
1000000, 10, 6, 3, 1600, 18
1000000, 10, 6, 3, 1600, 8
1000000, 10, 6, 3, 1600, 10
1000000, 10, 6, 3, 1600, 8
1000000, 10, 6, 3, 1600, 13
1000000, 10, 6, 3, 1600, 3
1000000, 10, 6, 3, 1600, 7
1000000, 10, 6, 3, 1600, 33
1000000, 10, 6, 3, 1600, 22
1000000, 10, 6, 3, 1600, 9
1000000, 10, 6, 3, 1600, 8
1000000, 10, 6, 3, 1600, 150
1000000, 10, 6, 3, 1600, 25
1000000, 10, 6, 3, 1600, 18
1000000, 10, 6, 3, 1600, 11
1000000, 10, 6, 3, 1600, 9
1000000, 10, 6, 3, 1600, 13
1000000, 10, 6, 3, 1600, 8
1000000, 10, 6, 3, 1600, 6
1000000, 10, 6, 3, 1600, 4
1000000, 10, 6, 3, 1600, 8
1000000, 10, 6, 3, 1600, 107
1000000, 10, 6, 3, 1600, 19
1000000, 10, 6, 3, 1600, 12
1000000, 10, 6, 3, 1600, 4
1000000, 10, 6, 3, 1600, 18
1000000, 10, 6, 3, 1600, 15
1000000, 10, 6, 3, 1600, 5
1000000, 10, 6, 3, 1600, 5
1000000, 10, 6, 3, 1600, 55
1000000, 10, 6, 3, 1600, 73
1000000, 10, 6, 3, 1700, 17
1000000, 10, 6, 3, 1700, 89
1000000, 10, 6, 3, 1700, 3
1000000, 10, 6, 3, 1700, 7
1000000, 10, 6, 3, 1700, 8
1000000, 10, 6, 3, 1700, 4
1000000, 10, 6, 3, 1700, 642
1000000, 10, 6, 3, 1700, 9
1000000, 10, 6, 3, 1700, 5
1000000, 10, 6, 3, 1700, 7
1000000, 10, 6, 3, 1700, 61
1000000, 10, 6, 3, 1700, 12
1000000, 10, 6, 3, 1700, 9
1000000, 10, 6, 3, 1700, 3
1000000, 10, 6, 3, 1700, 5
1000000, 10, 6, 3, 1700, 88
1000000, 10, 6, 3, 1700, 9
1000000, 10, 6, 3, 1700, 7
1000000, 10, 6, 3, 1700, 25
1000000, 10, 6, 3, 1700, 38
1000000, 10, 6, 3, 1700, 11
1000000, 10, 6, 3, 1700, 16
1000000, 10, 6, 3, 1700, 55
1000000, 10, 6, 3, 1700, 39
1000000, 10, 6, 3, 1700, 49
1000000, 10, 6, 3, 1700, 13
1000000, 10, 6, 3, 1700, 282
1000000, 10, 6, 3, 1700, 14
1000000, 10, 6, 3, 1700, 6
1000000, 10, 6, 3, 1700, 24
1000000, 10, 6, 3, 1700, 22
1000000, 10, 6, 3, 1700, 5
1000000, 10, 6, 3, 1700, 10
1000000, 10, 6, 3, 1700, 4
1000000, 10, 6, 3, 1700, 6
1000000, 10, 6, 3, 1700, 97
1000000, 10, 6, 3, 1700, 6
1000000, 10, 6, 3, 1700, 7
1000000, 10, 6, 3, 1700, 21
1000000, 10, 6, 3, 1700, 43
1000000, 10, 6, 3, 1700, 19
1000000, 10, 6, 3, 1700, 7
1000000, 10, 6, 3, 1700, 8
1000000, 10, 6, 3, 1700, 5
1000000, 10, 6, 3, 1700, 5
1000000, 10, 6, 3, 1700, 3
1000000, 10, 6, 3, 1700, 91
1000000, 10, 6, 3, 1700, 31
1000000, 10, 6, 3, 1700, 15
1000000, 10, 6, 3, 1700, 35
1000000, 10, 6, 3, 1800, 4
1000000, 10, 6, 3, 1800, 10
1000000, 10, 6, 3, 1800, 5
1000000, 10, 6, 3, 1800, 9
1000000, 10, 6, 3, 1800, 5
1000000, 10, 6, 3, 1800, 37
1000000, 10, 6, 3, 1800, 92
1000000, 10, 6, 3, 1800, 7
1000000, 10, 6, 3, 1800, 326
1000000, 10, 6, 3, 1800, 15
1000000, 10, 6, 3, 1800, 10
1000000, 10, 6, 3, 1800, 4
1000000, 10, 6, 3, 1800, 38
1000000, 10, 6, 3, 1800, 3
1000000, 10, 6, 3, 1800, 8
1000000, 10, 6, 3, 1800, 639
1000000, 10, 6, 3, 1800, 25
1000000, 10, 6, 3, 1800, 1055
1000000, 10, 6, 3, 1800, 528
1000000, 10, 6, 3, 1800, 13
1000000, 10, 6, 3, 1800, 27
1000000, 10, 6, 3, 1800, 8
1000000, 10, 6, 3, 1800, 194
1000000, 10, 6, 3, 1800, 44
1000000, 10, 6, 3, 1800, 16
1000000, 10, 6, 3, 1800, 10
1000000, 10, 6, 3, 1800, 13
1000000, 10, 6, 3, 1800, 17
1000000, 10, 6, 3, 1800, 15
1000000, 10, 6, 3, 1800, 37
1000000, 10, 6, 3, 1800, 3
1000000, 10, 6, 3, 1800, 6
1000000, 10, 6, 3, 1800, 8
1000000, 10, 6, 3, 1800, 5
1000000, 10, 6, 3, 1800, 32
1000000, 10, 6, 3, 1800, 4
1000000, 10, 6, 3, 1800, 10
1000000, 10, 6, 3, 1800, 329
1000000, 10, 6, 3, 1800, 105
1000000, 10, 6, 3, 1800, 4
1000000, 10, 6, 3, 1800, 5
1000000, 10, 6, 3, 1800, 87
1000000, 10, 6, 3, 1800, 15
1000000, 10, 6, 3, 1800, 3
1000000, 10, 6, 3, 1800, 18
1000000, 10, 6, 3, 1800, 173
1000000, 10, 6, 3, 1800, 372
1000000, 10, 6, 3, 1800, 7
1000000, 10, 6, 3, 1800, 7
1000000, 10, 6, 3, 1800, 10
1000000, 10, 6, 3, 1900, 26
1000000, 10, 6, 3, 1900, 17
1000000, 10, 6, 3, 1900, 83718
1000000, 10, 6, 3, 1900, 3
1000000, 10, 6, 3, 1900, 3
1000000, 10, 6, 3, 1900, 73
1000000, 10, 6, 3, 1900, 13
1000000, 10, 6, 3, 1900, 12
1000000, 10, 6, 3, 1900, 15
1000000, 10, 6, 3, 1900, 13
1000000, 10, 6, 3, 1900, 11
1000000, 10, 6, 3, 1900, 48
1000000, 10, 6, 3, 1900, 98
1000000, 10, 6, 3, 1900, 10
1000000, 10, 6, 3, 1900, 19
1000000, 10, 6, 3, 1900, 7
1000000, 10, 6, 3, 1900, 22
1000000, 10, 6, 3, 1900, 93943
1000000, 10, 6, 3, 1900, 23
1000000, 10, 6, 3, 1900, 85146
1000000, 10, 6, 3, 1900, 6
1000000, 10, 6, 3, 1900, 13
1000000, 10, 6, 3, 1900, 4
1000000, 10, 6, 3, 1900, 203
1000000, 10, 6, 3, 1900, 5
1000000, 10, 6, 3, 1900, 992
1000000, 10, 6, 3, 1900, 91393
1000000, 10, 6, 3, 1900, 19
1000000, 10, 6, 3, 1900, 7
1000000, 10, 6, 3, 1900, 70818
1000000, 10, 6, 3, 1900, 10
1000000, 10, 6, 3, 1900, 4
1000000, 10, 6, 3, 1900, 77705
1000000, 10, 6, 3, 1900, 4
1000000, 10, 6, 3, 1900, 5
1000000, 10, 6, 3, 1900, 30
1000000, 10, 6, 3, 1900, 85176
1000000, 10, 6, 3, 1900, 26
1000000, 10, 6, 3, 1900, 32
1000000, 10, 6, 3, 1900, 90696
1000000, 10, 6, 3, 1900, 8
1000000, 10, 6, 3, 1900, 1732
1000000, 10, 6, 3, 1900, 9
1000000, 10, 6, 3, 1900, 8
1000000, 10, 6, 3, 1900, 71081
1000000, 10, 6, 3, 1900, 33
1000000, 10, 6, 3, 1900, 43
1000000, 10, 6, 3, 1900, 24
1000000, 10, 6, 3, 1900, 3
1000000, 10, 6, 3, 1900, 51
1000000, 10, 6, 3, 2000, 14
1000000, 10, 6, 3, 2000, 194842
1000000, 10, 6, 3, 2000, 196459
1000000, 10, 6, 3, 2000, 194307
1000000, 10, 6, 3, 2000, 194554
1000000, 10, 6, 3, 2000, 10
1000000, 10, 6, 3, 2000, 195513
1000000, 10, 6, 3, 2000, 188087
1000000, 10, 6, 3, 2000, 26
1000000, 10, 6, 3, 2000, 25
1000000, 10, 6, 3, 2000, 240
1000000, 10, 6, 3, 2000, 198057
1000000, 10, 6, 3, 2000, 48
1000000, 10, 6, 3, 2000, 5
1000000, 10, 6, 3, 2000, 23
1000000, 10, 6, 3, 2000, 6
1000000, 10, 6, 3, 2000, 190041
1000000, 10, 6, 3, 2000, 3
1000000, 10, 6, 3, 2000, 15
1000000, 10, 6, 3, 2000, 38
1000000, 10, 6, 3, 2000, 191127
1000000, 10, 6, 3, 2000, 194068
1000000, 10, 6, 3, 2000, 200864
1000000, 10, 6, 3, 2000, 198563
1000000, 10, 6, 3, 2000, 8
1000000, 10, 6, 3, 2000, 50
1000000, 10, 6, 3, 2000, 200892
1000000, 10, 6, 3, 2000, 4
1000000, 10, 6, 3, 2000, 8
1000000, 10, 6, 3, 2000, 11
1000000, 10, 6, 3, 2000, 9
1000000, 10, 6, 3, 2000, 202024
1000000, 10, 6, 3, 2000, 7
1000000, 10, 6, 3, 2000, 8
1000000, 10, 6, 3, 2000, 11
1000000, 10, 6, 3, 2000, 22
1000000, 10, 6, 3, 2000, 197217
1000000, 10, 6, 3, 2000, 198960
1000000, 10, 6, 3, 2000, 193521
1000000, 10, 6, 3, 2000, 6
1000000, 10, 6, 3, 2000, 5
1000000, 10, 6, 3, 2000, 198237
1000000, 10, 6, 3, 2000, 185681
1000000, 10, 6, 3, 2000, 3
1000000, 10, 6, 3, 2000, 191051
1000000, 10, 6, 3, 2000, 284
1000000, 10, 6, 3, 2000, 191970
1000000, 10, 6, 3, 2000, 8
1000000, 10, 6, 3, 2000, 190348
1000000, 10, 6, 3, 2000, 34
1000000, 10, 6, 3, 2100, 8
1000000, 10, 6, 3, 2100, 3
1000000, 10, 6, 3, 2100, 282274
1000000, 10, 6, 3, 2100, 285775
1000000, 10, 6, 3, 2100, 24
1000000, 10, 6, 3, 2100, 6
1000000, 10, 6, 3, 2100, 286968
1000000, 10, 6, 3, 2100, 292507
1000000, 10, 6, 3, 2100, 278562
1000000, 10, 6, 3, 2100, 283901
1000000, 10, 6, 3, 2100, 284178
1000000, 10, 6, 3, 2100, 287772
1000000, 10, 6, 3, 2100, 288894
1000000, 10, 6, 3, 2100, 285463
1000000, 10, 6, 3, 2100, 285392
1000000, 10, 6, 3, 2100, 31
1000000, 10, 6, 3, 2100, 290150
1000000, 10, 6, 3, 2100, 22
1000000, 10, 6, 3, 2100, 10
1000000, 10, 6, 3, 2100, 30
1000000, 10, 6, 3, 2100, 286416
1000000, 10, 6, 3, 2100, 285774
1000000, 10, 6, 3, 2100, 289639
1000000, 10, 6, 3, 2100, 292155
1000000, 10, 6, 3, 2100, 289570
1000000, 10, 6, 3, 2100, 290470
1000000, 10, 6, 3, 2100, 286276
1000000, 10, 6, 3, 2100, 289179
1000000, 10, 6, 3, 2100, 286083
1000000, 10, 6, 3, 2100, 288855
1000000, 10, 6, 3, 2100, 292622
1000000, 10, 6, 3, 2100, 288242
1000000, 10, 6, 3, 2100, 4
1000000, 10, 6, 3, 2100, 15
1000000, 10, 6, 3, 2100, 289295
1000000, 10, 6, 3, 2100, 10
1000000, 10, 6, 3, 2100, 287836
1000000, 10, 6, 3, 2100, 290135
1000000, 10, 6, 3, 2100, 19
1000000, 10, 6, 3, 2100, 288212
1000000, 10, 6, 3, 2100, 283687
1000000, 10, 6, 3, 2100, 286818
1000000, 10, 6, 3, 2100, 290934
1000000, 10, 6, 3, 2100, 285440
1000000, 10, 6, 3, 2100, 9
1000000, 10, 6, 3, 2100, 14
1000000, 10, 6, 3, 2100, 289421
1000000, 10, 6, 3, 2100, 285631
1000000, 10, 6, 3, 2100, 16
1000000, 10, 6, 3, 2100, 289110
1000000, 10, 6, 3, 2200, 369417
1000000, 10, 6, 3, 2200, 372755
1000000, 10, 6, 3, 2200, 370189
1000000, 10, 6, 3, 2200, 369957
1000000, 10, 6, 3, 2200, 367720
1000000, 10, 6, 3, 2200, 368687
1000000, 10, 6, 3, 2200, 368893
1000000, 10, 6, 3, 2200, 7
1000000, 10, 6, 3, 2200, 19
1000000, 10, 6, 3, 2200, 15
1000000, 10, 6, 3, 2200, 369404
1000000, 10, 6, 3, 2200, 368303
1000000, 10, 6, 3, 2200, 372165
1000000, 10, 6, 3, 2200, 15
1000000, 10, 6, 3, 2200, 367533
1000000, 10, 6, 3, 2200, 370169
1000000, 10, 6, 3, 2200, 371378
1000000, 10, 6, 3, 2200, 7
1000000, 10, 6, 3, 2200, 374626
1000000, 10, 6, 3, 2200, 370378
1000000, 10, 6, 3, 2200, 373648
1000000, 10, 6, 3, 2200, 373475
1000000, 10, 6, 3, 2200, 375061
1000000, 10, 6, 3, 2200, 365400
1000000, 10, 6, 3, 2200, 369027
1000000, 10, 6, 3, 2200, 12
1000000, 10, 6, 3, 2200, 7
1000000, 10, 6, 3, 2200, 369627
1000000, 10, 6, 3, 2200, 4
1000000, 10, 6, 3, 2200, 4
1000000, 10, 6, 3, 2200, 372317
1000000, 10, 6, 3, 2200, 22
1000000, 10, 6, 3, 2200, 373208
1000000, 10, 6, 3, 2200, 371768
1000000, 10, 6, 3, 2200, 370368
1000000, 10, 6, 3, 2200, 373107
1000000, 10, 6, 3, 2200, 364672
1000000, 10, 6, 3, 2200, 369866
1000000, 10, 6, 3, 2200, 368302
1000000, 10, 6, 3, 2200, 371642
1000000, 10, 6, 3, 2200, 11
1000000, 10, 6, 3, 2200, 9
1000000, 10, 6, 3, 2200, 13
1000000, 10, 6, 3, 2200, 370574
1000000, 10, 6, 3, 2200, 371713
1000000, 10, 6, 3, 2200, 8
1000000, 10, 6, 3, 2200, 46
1000000, 10, 6, 3, 2200, 373465
1000000, 10, 6, 3, 2200, 109
1000000, 10, 6, 3, 2200, 370159
1000000, 10, 6, 3, 2300, 441255
1000000, 10, 6, 3, 2300, 440754
1000000, 10, 6, 3, 2300, 9
1000000, 10, 6, 3, 2300, 441914
1000000, 10, 6, 3, 2300, 440586
1000000, 10, 6, 3, 2300, 438802
1000000, 10, 6, 3, 2300, 441952
1000000, 10, 6, 3, 2300, 442086
1000000, 10, 6, 3, 2300, 439208
1000000, 10, 6, 3, 2300, 11
1000000, 10, 6, 3, 2300, 440281
1000000, 10, 6, 3, 2300, 442464
1000000, 10, 6, 3, 2300, 3
1000000, 10, 6, 3, 2300, 442046
1000000, 10, 6, 3, 2300, 444360
1000000, 10, 6, 3, 2300, 441255
1000000, 10, 6, 3, 2300, 442684
1000000, 10, 6, 3, 2300, 441483
1000000, 10, 6, 3, 2300, 27
1000000, 10, 6, 3, 2300, 23
1000000, 10, 6, 3, 2300, 439157
1000000, 10, 6, 3, 2300, 441358
1000000, 10, 6, 3, 2300, 16
1000000, 10, 6, 3, 2300, 444860
1000000, 10, 6, 3, 2300, 438421
1000000, 10, 6, 3, 2300, 439667
1000000, 10, 6, 3, 2300, 440717
1000000, 10, 6, 3, 2300, 437510
1000000, 10, 6, 3, 2300, 32
1000000, 10, 6, 3, 2300, 28
1000000, 10, 6, 3, 2300, 438420
1000000, 10, 6, 3, 2300, 440284
1000000, 10, 6, 3, 2300, 38
1000000, 10, 6, 3, 2300, 441669
1000000, 10, 6, 3, 2300, 7
1000000, 10, 6, 3, 2300, 9
1000000, 10, 6, 3, 2300, 442191
1000000, 10, 6, 3, 2300, 9
1000000, 10, 6, 3, 2300, 6
1000000, 10, 6, 3, 2300, 442444
1000000, 10, 6, 3, 2300, 443877
1000000, 10, 6, 3, 2300, 439625
1000000, 10, 6, 3, 2300, 440163
1000000, 10, 6, 3, 2300, 439569
1000000, 10, 6, 3, 2300, 443884
1000000, 10, 6, 3, 2300, 439425
1000000, 10, 6, 3, 2300, 441016
1000000, 10, 6, 3, 2300, 442093
1000000, 10, 6, 3, 2300, 443924
1000000, 10, 6, 3, 2300, 439479
1000000, 10, 6, 3, 2400, 19
1000000, 10, 6, 3, 2400, 502007
1000000, 10, 6, 3, 2400, 20
1000000, 10, 6, 3, 2400, 504746
1000000, 10, 6, 3, 2400, 504220
1000000, 10, 6, 3, 2400, 503091
1000000, 10, 6, 3, 2400, 499626
1000000, 10, 6, 3, 2400, 503020
1000000, 10, 6, 3, 2400, 4
1000000, 10, 6, 3, 2400, 500794
1000000, 10, 6, 3, 2400, 505079
1000000, 10, 6, 3, 2400, 15
1000000, 10, 6, 3, 2400, 503355
1000000, 10, 6, 3, 2400, 499586
1000000, 10, 6, 3, 2400, 504844
1000000, 10, 6, 3, 2400, 5
1000000, 10, 6, 3, 2400, 5
1000000, 10, 6, 3, 2400, 503837
1000000, 10, 6, 3, 2400, 501566
1000000, 10, 6, 3, 2400, 500949
1000000, 10, 6, 3, 2400, 507494
1000000, 10, 6, 3, 2400, 506300
1000000, 10, 6, 3, 2400, 502840
1000000, 10, 6, 3, 2400, 502961
1000000, 10, 6, 3, 2400, 503045
1000000, 10, 6, 3, 2400, 504838
1000000, 10, 6, 3, 2400, 7
1000000, 10, 6, 3, 2400, 499798
1000000, 10, 6, 3, 2400, 505019
1000000, 10, 6, 3, 2400, 501275
1000000, 10, 6, 3, 2400, 500616
1000000, 10, 6, 3, 2400, 503563
1000000, 10, 6, 3, 2400, 3
1000000, 10, 6, 3, 2400, 506132
1000000, 10, 6, 3, 2400, 504235
1000000, 10, 6, 3, 2400, 501702
1000000, 10, 6, 3, 2400, 4
1000000, 10, 6, 3, 2400, 6
1000000, 10, 6, 3, 2400, 44
1000000, 10, 6, 3, 2400, 503002
1000000, 10, 6, 3, 2400, 504652
1000000, 10, 6, 3, 2400, 505100
1000000, 10, 6, 3, 2400, 502006
1000000, 10, 6, 3, 2400, 501795
1000000, 10, 6, 3, 2400, 500565
1000000, 10, 6, 3, 2400, 503409
1000000, 10, 6, 3, 2400, 501081
1000000, 10, 6, 3, 2400, 7
1000000, 10, 6, 3, 2400, 503803
1000000, 10, 6, 3, 2400, 501699
1000000, 10, 6, 3, 2500, 558205
1000000, 10, 6, 3, 2500, 557122
1000000, 10, 6, 3, 2500, 557701
1000000, 10, 6, 3, 2500, 554996
1000000, 10, 6, 3, 2500, 556150
1000000, 10, 6, 3, 2500, 557513
1000000, 10, 6, 3, 2500, 553773
1000000, 10, 6, 3, 2500, 558392
1000000, 10, 6, 3, 2500, 557499
1000000, 10, 6, 3, 2500, 3
1000000, 10, 6, 3, 2500, 553732
1000000, 10, 6, 3, 2500, 562632
1000000, 10, 6, 3, 2500, 557314
1000000, 10, 6, 3, 2500, 554639
1000000, 10, 6, 3, 2500, 556196
1000000, 10, 6, 3, 2500, 558783
1000000, 10, 6, 3, 2500, 555936
1000000, 10, 6, 3, 2500, 555304
1000000, 10, 6, 3, 2500, 555102
1000000, 10, 6, 3, 2500, 555673
1000000, 10, 6, 3, 2500, 554488
1000000, 10, 6, 3, 2500, 558415
1000000, 10, 6, 3, 2500, 556087
1000000, 10, 6, 3, 2500, 558162
1000000, 10, 6, 3, 2500, 555703
1000000, 10, 6, 3, 2500, 557420
1000000, 10, 6, 3, 2500, 14
1000000, 10, 6, 3, 2500, 4
1000000, 10, 6, 3, 2500, 556738
1000000, 10, 6, 3, 2500, 554882
1000000, 10, 6, 3, 2500, 555658
1000000, 10, 6, 3, 2500, 3
1000000, 10, 6, 3, 2500, 557013
1000000, 10, 6, 3, 2500, 559227
1000000, 10, 6, 3, 2500, 553353
1000000, 10, 6, 3, 2500, 555445
1000000, 10, 6, 3, 2500, 558702
1000000, 10, 6, 3, 2500, 555269
1000000, 10, 6, 3, 2500, 556018
1000000, 10, 6, 3, 2500, 556036
1000000, 10, 6, 3, 2500, 6
1000000, 10, 6, 3, 2500, 555227
1000000, 10, 6, 3, 2500, 5
1000000, 10, 6, 3, 2500, 556873
1000000, 10, 6, 3, 2500, 557540
1000000, 10, 6, 3, 2500, 553605
1000000, 10, 6, 3, 2500, 4
1000000, 10, 6, 3, 2500, 557137
1000000, 10, 6, 3, 2500, 554938
1000000, 10, 6, 3, 2500, 554330
1000000, 10, 6, 3, 2600, 606515
1000000, 10, 6, 3, 2600, 602345
1000000, 10, 6, 3, 2600, 604611
1000000, 10, 6, 3, 2600, 602497
1000000, 10, 6, 3, 2600, 606263
1000000, 10, 6, 3, 2600, 603957
1000000, 10, 6, 3, 2600, 18
1000000, 10, 6, 3, 2600, 603418
1000000, 10, 6, 3, 2600, 604031
1000000, 10, 6, 3, 2600, 603904
1000000, 10, 6, 3, 2600, 601696
1000000, 10, 6, 3, 2600, 602334
1000000, 10, 6, 3, 2600, 603789
1000000, 10, 6, 3, 2600, 600581
1000000, 10, 6, 3, 2600, 602540
1000000, 10, 6, 3, 2600, 604919
1000000, 10, 6, 3, 2600, 4
1000000, 10, 6, 3, 2600, 604886
1000000, 10, 6, 3, 2600, 604533
1000000, 10, 6, 3, 2600, 604015
1000000, 10, 6, 3, 2600, 601563
1000000, 10, 6, 3, 2600, 10
1000000, 10, 6, 3, 2600, 603603
1000000, 10, 6, 3, 2600, 6
1000000, 10, 6, 3, 2600, 601963
1000000, 10, 6, 3, 2600, 601319
1000000, 10, 6, 3, 2600, 601519
1000000, 10, 6, 3, 2600, 603792
1000000, 10, 6, 3, 2600, 605614
1000000, 10, 6, 3, 2600, 605086
1000000, 10, 6, 3, 2600, 602869
1000000, 10, 6, 3, 2600, 604772
1000000, 10, 6, 3, 2600, 603681
1000000, 10, 6, 3, 2600, 601967
1000000, 10, 6, 3, 2600, 4
1000000, 10, 6, 3, 2600, 6
1000000, 10, 6, 3, 2600, 8
1000000, 10, 6, 3, 2600, 604936
1000000, 10, 6, 3, 2600, 605099
1000000, 10, 6, 3, 2600, 604987
1000000, 10, 6, 3, 2600, 14
1000000, 10, 6, 3, 2600, 7
1000000, 10, 6, 3, 2600, 603156
1000000, 10, 6, 3, 2600, 602081
1000000, 10, 6, 3, 2600, 603173
1000000, 10, 6, 3, 2600, 603729
1000000, 10, 6, 3, 2600, 603643
1000000, 10, 6, 3, 2600, 601287
1000000, 10, 6, 3, 2600, 603859
1000000, 10, 6, 3, 2600, 604089
1000000, 10, 6, 3, 2700, 644528
1000000, 10, 6, 3, 2700, 643515
1000000, 10, 6, 3, 2700, 647116
1000000, 10, 6, 3, 2700, 645072
1000000, 10, 6, 3, 2700, 644365
1000000, 10, 6, 3, 2700, 645468
1000000, 10, 6, 3, 2700, 645547
1000000, 10, 6, 3, 2700, 645776
1000000, 10, 6, 3, 2700, 643936
1000000, 10, 6, 3, 2700, 4
1000000, 10, 6, 3, 2700, 646127
1000000, 10, 6, 3, 2700, 645175
1000000, 10, 6, 3, 2700, 646276
1000000, 10, 6, 3, 2700, 646738
1000000, 10, 6, 3, 2700, 645070
1000000, 10, 6, 3, 2700, 645234
1000000, 10, 6, 3, 2700, 645646
1000000, 10, 6, 3, 2700, 645078
1000000, 10, 6, 3, 2700, 643687
1000000, 10, 6, 3, 2700, 644746
1000000, 10, 6, 3, 2700, 646616
1000000, 10, 6, 3, 2700, 6
1000000, 10, 6, 3, 2700, 645409
1000000, 10, 6, 3, 2700, 645231
1000000, 10, 6, 3, 2700, 645761
1000000, 10, 6, 3, 2700, 644006
1000000, 10, 6, 3, 2700, 645433
1000000, 10, 6, 3, 2700, 644168
1000000, 10, 6, 3, 2700, 644074
1000000, 10, 6, 3, 2700, 645014
1000000, 10, 6, 3, 2700, 645409
1000000, 10, 6, 3, 2700, 645469
1000000, 10, 6, 3, 2700, 645536
1000000, 10, 6, 3, 2700, 7
1000000, 10, 6, 3, 2700, 644678
1000000, 10, 6, 3, 2700, 643642
1000000, 10, 6, 3, 2700, 644050
1000000, 10, 6, 3, 2700, 644189
1000000, 10, 6, 3, 2700, 643936
1000000, 10, 6, 3, 2700, 643987
1000000, 10, 6, 3, 2700, 4
1000000, 10, 6, 3, 2700, 644351
1000000, 10, 6, 3, 2700, 644886
1000000, 10, 6, 3, 2700, 645243
1000000, 10, 6, 3, 2700, 646026
1000000, 10, 6, 3, 2700, 646069
1000000, 10, 6, 3, 2700, 644033
1000000, 10, 6, 3, 2700, 644611
1000000, 10, 6, 3, 2700, 644415
1000000, 10, 6, 3, 2700, 644455
1000000, 10, 6, 3, 2800, 683355
1000000, 10, 6, 3, 2800, 681606
1000000, 10, 6, 3, 2800, 682710
1000000, 10, 6, 3, 2800, 5
1000000, 10, 6, 3, 2800, 681946
1000000, 10, 6, 3, 2800, 681658
1000000, 10, 6, 3, 2800, 682677
1000000, 10, 6, 3, 2800, 682379
1000000, 10, 6, 3, 2800, 684133
1000000, 10, 6, 3, 2800, 681409
1000000, 10, 6, 3, 2800, 682335
1000000, 10, 6, 3, 2800, 682415
1000000, 10, 6, 3, 2800, 682000
1000000, 10, 6, 3, 2800, 3
1000000, 10, 6, 3, 2800, 680305
1000000, 10, 6, 3, 2800, 683139
1000000, 10, 6, 3, 2800, 682769
1000000, 10, 6, 3, 2800, 681232
1000000, 10, 6, 3, 2800, 680206
1000000, 10, 6, 3, 2800, 682189
1000000, 10, 6, 3, 2800, 680434
1000000, 10, 6, 3, 2800, 681957
1000000, 10, 6, 3, 2800, 681069
1000000, 10, 6, 3, 2800, 681894
1000000, 10, 6, 3, 2800, 682338
1000000, 10, 6, 3, 2800, 682006
1000000, 10, 6, 3, 2800, 681041
1000000, 10, 6, 3, 2800, 680263
1000000, 10, 6, 3, 2800, 681785
1000000, 10, 6, 3, 2800, 680609
1000000, 10, 6, 3, 2800, 680548
1000000, 10, 6, 3, 2800, 680711
1000000, 10, 6, 3, 2800, 679507
1000000, 10, 6, 3, 2800, 681472
1000000, 10, 6, 3, 2800, 680934
1000000, 10, 6, 3, 2800, 18
1000000, 10, 6, 3, 2800, 683219
1000000, 10, 6, 3, 2800, 681281
1000000, 10, 6, 3, 2800, 683532
1000000, 10, 6, 3, 2800, 682285
1000000, 10, 6, 3, 2800, 681401
1000000, 10, 6, 3, 2800, 682281
1000000, 10, 6, 3, 2800, 8
1000000, 10, 6, 3, 2800, 682603
1000000, 10, 6, 3, 2800, 679509
1000000, 10, 6, 3, 2800, 682745
1000000, 10, 6, 3, 2800, 680842
1000000, 10, 6, 3, 2800, 681957
1000000, 10, 6, 3, 2800, 683050
1000000, 10, 6, 3, 2800, 680971
1000000, 10, 6, 3, 2900, 713348
1000000, 10, 6, 3, 2900, 714744
1000000, 10, 6, 3, 2900, 714436
1000000, 10, 6, 3, 2900, 714696
1000000, 10, 6, 3, 2900, 713963
1000000, 10, 6, 3, 2900, 713583
1000000, 10, 6, 3, 2900, 714699
1000000, 10, 6, 3, 2900, 716915
1000000, 10, 6, 3, 2900, 713910
1000000, 10, 6, 3, 2900, 717105
1000000, 10, 6, 3, 2900, 714237
1000000, 10, 6, 3, 2900, 714244
1000000, 10, 6, 3, 2900, 715327
1000000, 10, 6, 3, 2900, 713977
1000000, 10, 6, 3, 2900, 713241
1000000, 10, 6, 3, 2900, 715025
1000000, 10, 6, 3, 2900, 715206
1000000, 10, 6, 3, 2900, 713928
1000000, 10, 6, 3, 2900, 714369
1000000, 10, 6, 3, 2900, 714887
1000000, 10, 6, 3, 2900, 716072
1000000, 10, 6, 3, 2900, 714018
1000000, 10, 6, 3, 2900, 712576
1000000, 10, 6, 3, 2900, 717040
1000000, 10, 6, 3, 2900, 714759
1000000, 10, 6, 3, 2900, 712822
1000000, 10, 6, 3, 2900, 714812
1000000, 10, 6, 3, 2900, 714064
1000000, 10, 6, 3, 2900, 16
1000000, 10, 6, 3, 2900, 713202
1000000, 10, 6, 3, 2900, 712988
1000000, 10, 6, 3, 2900, 714152
1000000, 10, 6, 3, 2900, 714324
1000000, 10, 6, 3, 2900, 713423
1000000, 10, 6, 3, 2900, 715218
1000000, 10, 6, 3, 2900, 713404
1000000, 10, 6, 3, 2900, 713651
1000000, 10, 6, 3, 2900, 713778
1000000, 10, 6, 3, 2900, 714100
1000000, 10, 6, 3, 2900, 10
1000000, 10, 6, 3, 2900, 716383
1000000, 10, 6, 3, 2900, 714571
1000000, 10, 6, 3, 2900, 714810
1000000, 10, 6, 3, 2900, 6
1000000, 10, 6, 3, 2900, 714841
1000000, 10, 6, 3, 2900, 714691
1000000, 10, 6, 3, 2900, 714037
1000000, 10, 6, 3, 2900, 715152
1000000, 10, 6, 3, 2900, 713004
1000000, 10, 6, 3, 2900, 714358
1000000, 10, 6, 3, 3000, 743908
1000000, 10, 6, 3, 3000, 7
1000000, 10, 6, 3, 3000, 745051
1000000, 10, 6, 3, 3000, 742243
1000000, 10, 6, 3, 3000, 743282
1000000, 10, 6, 3, 3000, 744348
1000000, 10, 6, 3, 3000, 743852
1000000, 10, 6, 3, 3000, 742385
1000000, 10, 6, 3, 3000, 743959
1000000, 10, 6, 3, 3000, 743964
1000000, 10, 6, 3, 3000, 743996
1000000, 10, 6, 3, 3000, 742505
1000000, 10, 6, 3, 3000, 742416
1000000, 10, 6, 3, 3000, 742789
1000000, 10, 6, 3, 3000, 743761
1000000, 10, 6, 3, 3000, 742556
1000000, 10, 6, 3, 3000, 743793
1000000, 10, 6, 3, 3000, 744326
1000000, 10, 6, 3, 3000, 742813
1000000, 10, 6, 3, 3000, 743147
1000000, 10, 6, 3, 3000, 741012
1000000, 10, 6, 3, 3000, 743898
1000000, 10, 6, 3, 3000, 742883
1000000, 10, 6, 3, 3000, 743766
1000000, 10, 6, 3, 3000, 743422
1000000, 10, 6, 3, 3000, 742442
1000000, 10, 6, 3, 3000, 743292
1000000, 10, 6, 3, 3000, 742656
1000000, 10, 6, 3, 3000, 743677
1000000, 10, 6, 3, 3000, 743505
1000000, 10, 6, 3, 3000, 743886
1000000, 10, 6, 3, 3000, 742671
1000000, 10, 6, 3, 3000, 4
1000000, 10, 6, 3, 3000, 743765
1000000, 10, 6, 3, 3000, 742230
1000000, 10, 6, 3, 3000, 742636
1000000, 10, 6, 3, 3000, 742469
1000000, 10, 6, 3, 3000, 742372
1000000, 10, 6, 3, 3000, 743033
1000000, 10, 6, 3, 3000, 742511
1000000, 10, 6, 3, 3000, 744613
1000000, 10, 6, 3, 3000, 742556
1000000, 10, 6, 3, 3000, 743687
1000000, 10, 6, 3, 3000, 743039
1000000, 10, 6, 3, 3000, 743106
1000000, 10, 6, 3, 3000, 744013
1000000, 10, 6, 3, 3000, 743661
1000000, 10, 6, 3, 3000, 743585
1000000, 10, 6, 3, 3000, 742333
1000000, 10, 6, 3, 3000, 742731
1000000, 10, 6, 3, 3100, 768761
1000000, 10, 6, 3, 3100, 769703
1000000, 10, 6, 3, 3100, 769385
1000000, 10, 6, 3, 3100, 769157
1000000, 10, 6, 3, 3100, 769356
1000000, 10, 6, 3, 3100, 769669
1000000, 10, 6, 3, 3100, 768896
1000000, 10, 6, 3, 3100, 769626
1000000, 10, 6, 3, 3100, 768030
1000000, 10, 6, 3, 3100, 769057
1000000, 10, 6, 3, 3100, 768368
1000000, 10, 6, 3, 3100, 768675
1000000, 10, 6, 3, 3100, 769600
1000000, 10, 6, 3, 3100, 768511
1000000, 10, 6, 3, 3100, 767844
1000000, 10, 6, 3, 3100, 768920
1000000, 10, 6, 3, 3100, 768102
1000000, 10, 6, 3, 3100, 767998
1000000, 10, 6, 3, 3100, 769533
1000000, 10, 6, 3, 3100, 768412
1000000, 10, 6, 3, 3100, 769141
1000000, 10, 6, 3, 3100, 770032
1000000, 10, 6, 3, 3100, 769811
1000000, 10, 6, 3, 3100, 769676
1000000, 10, 6, 3, 3100, 768293
1000000, 10, 6, 3, 3100, 768336
1000000, 10, 6, 3, 3100, 768291
1000000, 10, 6, 3, 3100, 769120
1000000, 10, 6, 3, 3100, 767830
1000000, 10, 6, 3, 3100, 769881
1000000, 10, 6, 3, 3100, 768450
1000000, 10, 6, 3, 3100, 768582
1000000, 10, 6, 3, 3100, 4
1000000, 10, 6, 3, 3100, 769322
1000000, 10, 6, 3, 3100, 769615
1000000, 10, 6, 3, 3100, 767677
1000000, 10, 6, 3, 3100, 768177
1000000, 10, 6, 3, 3100, 768598
1000000, 10, 6, 3, 3100, 770156
1000000, 10, 6, 3, 3100, 770407
1000000, 10, 6, 3, 3100, 5
1000000, 10, 6, 3, 3100, 770145
1000000, 10, 6, 3, 3100, 769388
1000000, 10, 6, 3, 3100, 768245
1000000, 10, 6, 3, 3100, 768686
1000000, 10, 6, 3, 3100, 767484
1000000, 10, 6, 3, 3100, 6
1000000, 10, 6, 3, 3100, 769083
1000000, 10, 6, 3, 3100, 768409
1000000, 10, 6, 3, 3100, 769099
1000000, 10, 6, 3, 3200, 792076
1000000, 10, 6, 3, 3200, 791346
1000000, 10, 6, 3, 3200, 792366
1000000, 10, 6, 3, 3200, 790716
1000000, 10, 6, 3, 3200, 792299
1000000, 10, 6, 3, 3200, 791794
1000000, 10, 6, 3, 3200, 791054
1000000, 10, 6, 3, 3200, 791624
1000000, 10, 6, 3, 3200, 791039
1000000, 10, 6, 3, 3200, 791963
1000000, 10, 6, 3, 3200, 790541
1000000, 10, 6, 3, 3200, 790354
1000000, 10, 6, 3, 3200, 792068
1000000, 10, 6, 3, 3200, 791497
1000000, 10, 6, 3, 3200, 791223
1000000, 10, 6, 3, 3200, 792120
1000000, 10, 6, 3, 3200, 791066
1000000, 10, 6, 3, 3200, 790463
1000000, 10, 6, 3, 3200, 791596
1000000, 10, 6, 3, 3200, 793848
1000000, 10, 6, 3, 3200, 791608
1000000, 10, 6, 3, 3200, 791655
1000000, 10, 6, 3, 3200, 793124
1000000, 10, 6, 3, 3200, 13
1000000, 10, 6, 3, 3200, 791425
1000000, 10, 6, 3, 3200, 791277
1000000, 10, 6, 3, 3200, 791834
1000000, 10, 6, 3, 3200, 791770
1000000, 10, 6, 3, 3200, 790205
1000000, 10, 6, 3, 3200, 792051
1000000, 10, 6, 3, 3200, 791834
1000000, 10, 6, 3, 3200, 791314
1000000, 10, 6, 3, 3200, 792233
1000000, 10, 6, 3, 3200, 791648
1000000, 10, 6, 3, 3200, 793601
1000000, 10, 6, 3, 3200, 791266
1000000, 10, 6, 3, 3200, 792138
1000000, 10, 6, 3, 3200, 791746
1000000, 10, 6, 3, 3200, 792453
1000000, 10, 6, 3, 3200, 791373
1000000, 10, 6, 3, 3200, 791027
1000000, 10, 6, 3, 3200, 791498
1000000, 10, 6, 3, 3200, 788998
1000000, 10, 6, 3, 3200, 791923
1000000, 10, 6, 3, 3200, 791140
1000000, 10, 6, 3, 3200, 791855
1000000, 10, 6, 3, 3200, 791277
1000000, 10, 6, 3, 3200, 790042
1000000, 10, 6, 3, 3200, 790942
1000000, 10, 6, 3, 3200, 792288
1000000, 10, 6, 3, 3300, 812666
1000000, 10, 6, 3, 3300, 811849
1000000, 10, 6, 3, 3300, 810907
1000000, 10, 6, 3, 3300, 813055
1000000, 10, 6, 3, 3300, 812672
1000000, 10, 6, 3, 3300, 811250
1000000, 10, 6, 3, 3300, 811182
1000000, 10, 6, 3, 3300, 811847
1000000, 10, 6, 3, 3300, 811451
1000000, 10, 6, 3, 3300, 810925
1000000, 10, 6, 3, 3300, 811878
1000000, 10, 6, 3, 3300, 812554
1000000, 10, 6, 3, 3300, 812039
1000000, 10, 6, 3, 3300, 811843
1000000, 10, 6, 3, 3300, 812546
1000000, 10, 6, 3, 3300, 812044
1000000, 10, 6, 3, 3300, 812292
1000000, 10, 6, 3, 3300, 811964
1000000, 10, 6, 3, 3300, 811497
1000000, 10, 6, 3, 3300, 811568
1000000, 10, 6, 3, 3300, 811752
1000000, 10, 6, 3, 3300, 812246
1000000, 10, 6, 3, 3300, 812260
1000000, 10, 6, 3, 3300, 811831
1000000, 10, 6, 3, 3300, 813273
1000000, 10, 6, 3, 3300, 812462
1000000, 10, 6, 3, 3300, 811981
1000000, 10, 6, 3, 3300, 812873
1000000, 10, 6, 3, 3300, 811747
1000000, 10, 6, 3, 3300, 811339
1000000, 10, 6, 3, 3300, 811832
1000000, 10, 6, 3, 3300, 812628
1000000, 10, 6, 3, 3300, 810776
1000000, 10, 6, 3, 3300, 811676
1000000, 10, 6, 3, 3300, 812331
1000000, 10, 6, 3, 3300, 811830
1000000, 10, 6, 3, 3300, 812589
1000000, 10, 6, 3, 3300, 811241
1000000, 10, 6, 3, 3300, 5
1000000, 10, 6, 3, 3300, 812038
1000000, 10, 6, 3, 3300, 811868
1000000, 10, 6, 3, 3300, 812814
1000000, 10, 6, 3, 3300, 811872
1000000, 10, 6, 3, 3300, 813019
1000000, 10, 6, 3, 3300, 811514
1000000, 10, 6, 3, 3300, 811439
1000000, 10, 6, 3, 3300, 811811
1000000, 10, 6, 3, 3300, 811710
1000000, 10, 6, 3, 3300, 811353
1000000, 10, 6, 3, 3300, 811738
1000000, 10, 6, 3, 3400, 829468
1000000, 10, 6, 3, 3400, 830744
1000000, 10, 6, 3, 3400, 830562
1000000, 10, 6, 3, 3400, 830641
1000000, 10, 6, 3, 3400, 829837
1000000, 10, 6, 3, 3400, 829647
1000000, 10, 6, 3, 3400, 831472
1000000, 10, 6, 3, 3400, 831202
1000000, 10, 6, 3, 3400, 831419
1000000, 10, 6, 3, 3400, 830205
1000000, 10, 6, 3, 3400, 829435
1000000, 10, 6, 3, 3400, 829904
1000000, 10, 6, 3, 3400, 830722
1000000, 10, 6, 3, 3400, 830243
1000000, 10, 6, 3, 3400, 829243
1000000, 10, 6, 3, 3400, 831390
1000000, 10, 6, 3, 3400, 830292
1000000, 10, 6, 3, 3400, 829925
1000000, 10, 6, 3, 3400, 829944
1000000, 10, 6, 3, 3400, 828896
1000000, 10, 6, 3, 3400, 830177
1000000, 10, 6, 3, 3400, 829122
1000000, 10, 6, 3, 3400, 829121
1000000, 10, 6, 3, 3400, 830072
1000000, 10, 6, 3, 3400, 830473
1000000, 10, 6, 3, 3400, 830057
1000000, 10, 6, 3, 3400, 829582
1000000, 10, 6, 3, 3400, 830824
1000000, 10, 6, 3, 3400, 830762
1000000, 10, 6, 3, 3400, 830390
1000000, 10, 6, 3, 3400, 830283
1000000, 10, 6, 3, 3400, 830455
1000000, 10, 6, 3, 3400, 830969
1000000, 10, 6, 3, 3400, 829947
1000000, 10, 6, 3, 3400, 830479
1000000, 10, 6, 3, 3400, 830194
1000000, 10, 6, 3, 3400, 831318
1000000, 10, 6, 3, 3400, 830125
1000000, 10, 6, 3, 3400, 830332
1000000, 10, 6, 3, 3400, 829898
1000000, 10, 6, 3, 3400, 831975
1000000, 10, 6, 3, 3400, 830827
1000000, 10, 6, 3, 3400, 830017
1000000, 10, 6, 3, 3400, 830134
1000000, 10, 6, 3, 3400, 830540
1000000, 10, 6, 3, 3400, 831054
1000000, 10, 6, 3, 3400, 830608
1000000, 10, 6, 3, 3400, 831358
1000000, 10, 6, 3, 3400, 831491
1000000, 10, 6, 3, 3400, 830177
1000000, 10, 6, 3, 3500, 846868
1000000, 10, 6, 3, 3500, 846707
1000000, 10, 6, 3, 3500, 847235
1000000, 10, 6, 3, 3500, 846258
1000000, 10, 6, 3, 3500, 846050
1000000, 10, 6, 3, 3500, 846507
1000000, 10, 6, 3, 3500, 846670
1000000, 10, 6, 3, 3500, 846580
1000000, 10, 6, 3, 3500, 847098
1000000, 10, 6, 3, 3500, 846280
1000000, 10, 6, 3, 3500, 847160
1000000, 10, 6, 3, 3500, 847198
1000000, 10, 6, 3, 3500, 847386
1000000, 10, 6, 3, 3500, 847415
1000000, 10, 6, 3, 3500, 846467
1000000, 10, 6, 3, 3500, 847176
1000000, 10, 6, 3, 3500, 846135
1000000, 10, 6, 3, 3500, 846911
1000000, 10, 6, 3, 3500, 846879
1000000, 10, 6, 3, 3500, 845790
1000000, 10, 6, 3, 3500, 847712
1000000, 10, 6, 3, 3500, 847034
1000000, 10, 6, 3, 3500, 846388
1000000, 10, 6, 3, 3500, 846185
1000000, 10, 6, 3, 3500, 846862
1000000, 10, 6, 3, 3500, 847031
1000000, 10, 6, 3, 3500, 846735
1000000, 10, 6, 3, 3500, 847193
1000000, 10, 6, 3, 3500, 847630
1000000, 10, 6, 3, 3500, 846222
1000000, 10, 6, 3, 3500, 847215
1000000, 10, 6, 3, 3500, 846354
1000000, 10, 6, 3, 3500, 845966
1000000, 10, 6, 3, 3500, 845750
1000000, 10, 6, 3, 3500, 847419
1000000, 10, 6, 3, 3500, 846134
1000000, 10, 6, 3, 3500, 846209
1000000, 10, 6, 3, 3500, 846322
1000000, 10, 6, 3, 3500, 847472
1000000, 10, 6, 3, 3500, 847118
1000000, 10, 6, 3, 3500, 847697
1000000, 10, 6, 3, 3500, 846546
1000000, 10, 6, 3, 3500, 846476
1000000, 10, 6, 3, 3500, 846398
1000000, 10, 6, 3, 3500, 846938
1000000, 10, 6, 3, 3500, 845501
1000000, 10, 6, 3, 3500, 846727
1000000, 10, 6, 3, 3500, 846554
1000000, 10, 6, 3, 3500, 846944
1000000, 10, 6, 3, 3500, 845601
1000000, 10, 6, 3, 3600, 861195
1000000, 10, 6, 3, 3600, 862159
1000000, 10, 6, 3, 3600, 860839
1000000, 10, 6, 3, 3600, 861776
1000000, 10, 6, 3, 3600, 861314
1000000, 10, 6, 3, 3600, 861717
1000000, 10, 6, 3, 3600, 861786
1000000, 10, 6, 3, 3600, 861513
1000000, 10, 6, 3, 3600, 862590
1000000, 10, 6, 3, 3600, 861854
1000000, 10, 6, 3, 3600, 861528
1000000, 10, 6, 3, 3600, 860361
1000000, 10, 6, 3, 3600, 862660
1000000, 10, 6, 3, 3600, 861159
1000000, 10, 6, 3, 3600, 862426
1000000, 10, 6, 3, 3600, 860620
1000000, 10, 6, 3, 3600, 861124
1000000, 10, 6, 3, 3600, 860369
1000000, 10, 6, 3, 3600, 861582
1000000, 10, 6, 3, 3600, 861532
1000000, 10, 6, 3, 3600, 861519
1000000, 10, 6, 3, 3600, 860064
1000000, 10, 6, 3, 3600, 861795
1000000, 10, 6, 3, 3600, 861476
1000000, 10, 6, 3, 3600, 861367
1000000, 10, 6, 3, 3600, 860362
1000000, 10, 6, 3, 3600, 862441
1000000, 10, 6, 3, 3600, 862157
1000000, 10, 6, 3, 3600, 862092
1000000, 10, 6, 3, 3600, 862053
1000000, 10, 6, 3, 3600, 862270
1000000, 10, 6, 3, 3600, 861834
1000000, 10, 6, 3, 3600, 861744
1000000, 10, 6, 3, 3600, 862387
1000000, 10, 6, 3, 3600, 861431
1000000, 10, 6, 3, 3600, 861854
1000000, 10, 6, 3, 3600, 860991
1000000, 10, 6, 3, 3600, 861808
1000000, 10, 6, 3, 3600, 861489
1000000, 10, 6, 3, 3600, 861419
1000000, 10, 6, 3, 3600, 861426
1000000, 10, 6, 3, 3600, 860627
1000000, 10, 6, 3, 3600, 860837
1000000, 10, 6, 3, 3600, 860899
1000000, 10, 6, 3, 3600, 861823
1000000, 10, 6, 3, 3600, 861140
1000000, 10, 6, 3, 3600, 861410
1000000, 10, 6, 3, 3600, 862267
1000000, 10, 6, 3, 3600, 861801
1000000, 10, 6, 3, 3600, 861242
1000000, 10, 6, 3, 3700, 874334
1000000, 10, 6, 3, 3700, 874804
1000000, 10, 6, 3, 3700, 874529
1000000, 10, 6, 3, 3700, 874292
1000000, 10, 6, 3, 3700, 874606
1000000, 10, 6, 3, 3700, 875198
1000000, 10, 6, 3, 3700, 875656
1000000, 10, 6, 3, 3700, 874531
1000000, 10, 6, 3, 3700, 874457
1000000, 10, 6, 3, 3700, 874907
1000000, 10, 6, 3, 3700, 875379
1000000, 10, 6, 3, 3700, 874398
1000000, 10, 6, 3, 3700, 874642
1000000, 10, 6, 3, 3700, 874409
1000000, 10, 6, 3, 3700, 875118
1000000, 10, 6, 3, 3700, 874756
1000000, 10, 6, 3, 3700, 874550
1000000, 10, 6, 3, 3700, 873548
1000000, 10, 6, 3, 3700, 875670
1000000, 10, 6, 3, 3700, 874385
1000000, 10, 6, 3, 3700, 873862
1000000, 10, 6, 3, 3700, 874792
1000000, 10, 6, 3, 3700, 874839
1000000, 10, 6, 3, 3700, 874334
1000000, 10, 6, 3, 3700, 874285
1000000, 10, 6, 3, 3700, 874453
1000000, 10, 6, 3, 3700, 874202
1000000, 10, 6, 3, 3700, 875129
1000000, 10, 6, 3, 3700, 874479
1000000, 10, 6, 3, 3700, 874898
1000000, 10, 6, 3, 3700, 874334
1000000, 10, 6, 3, 3700, 874570
1000000, 10, 6, 3, 3700, 873753
1000000, 10, 6, 3, 3700, 875160
1000000, 10, 6, 3, 3700, 874748
1000000, 10, 6, 3, 3700, 874038
1000000, 10, 6, 3, 3700, 874189
1000000, 10, 6, 3, 3700, 875272
1000000, 10, 6, 3, 3700, 874651
1000000, 10, 6, 3, 3700, 874707
1000000, 10, 6, 3, 3700, 874959
1000000, 10, 6, 3, 3700, 874150
1000000, 10, 6, 3, 3700, 874688
1000000, 10, 6, 3, 3700, 875337
1000000, 10, 6, 3, 3700, 874291
1000000, 10, 6, 3, 3700, 874706
1000000, 10, 6, 3, 3700, 874919
1000000, 10, 6, 3, 3700, 874981
1000000, 10, 6, 3, 3700, 874841
1000000, 10, 6, 3, 3700, 874609
1000000, 10, 6, 3, 3800, 885903
1000000, 10, 6, 3, 3800, 887363
1000000, 10, 6, 3, 3800, 887189
1000000, 10, 6, 3, 3800, 886251
1000000, 10, 6, 3, 3800, 886619
1000000, 10, 6, 3, 3800, 887327
1000000, 10, 6, 3, 3800, 886491
1000000, 10, 6, 3, 3800, 885611
1000000, 10, 6, 3, 3800, 886514
1000000, 10, 6, 3, 3800, 886990
1000000, 10, 6, 3, 3800, 886303
1000000, 10, 6, 3, 3800, 887419
1000000, 10, 6, 3, 3800, 887081
1000000, 10, 6, 3, 3800, 886833
1000000, 10, 6, 3, 3800, 886086
1000000, 10, 6, 3, 3800, 886326
1000000, 10, 6, 3, 3800, 886674
1000000, 10, 6, 3, 3800, 887905
1000000, 10, 6, 3, 3800, 887348
1000000, 10, 6, 3, 3800, 886449
1000000, 10, 6, 3, 3800, 886456
1000000, 10, 6, 3, 3800, 886262
1000000, 10, 6, 3, 3800, 886030
1000000, 10, 6, 3, 3800, 886317
1000000, 10, 6, 3, 3800, 886368
1000000, 10, 6, 3, 3800, 886593
1000000, 10, 6, 3, 3800, 886818
1000000, 10, 6, 3, 3800, 887417
1000000, 10, 6, 3, 3800, 886908
1000000, 10, 6, 3, 3800, 886498
1000000, 10, 6, 3, 3800, 886760
1000000, 10, 6, 3, 3800, 886603
1000000, 10, 6, 3, 3800, 887310
1000000, 10, 6, 3, 3800, 886991
1000000, 10, 6, 3, 3800, 887250
1000000, 10, 6, 3, 3800, 886715
1000000, 10, 6, 3, 3800, 886752
1000000, 10, 6, 3, 3800, 886360
1000000, 10, 6, 3, 3800, 886189
1000000, 10, 6, 3, 3800, 887352
1000000, 10, 6, 3, 3800, 886082
1000000, 10, 6, 3, 3800, 886447
1000000, 10, 6, 3, 3800, 886505
1000000, 10, 6, 3, 3800, 887149
1000000, 10, 6, 3, 3800, 887345
1000000, 10, 6, 3, 3800, 887134
1000000, 10, 6, 3, 3800, 887061
1000000, 10, 6, 3, 3800, 886793
1000000, 10, 6, 3, 3800, 886732
1000000, 10, 6, 3, 3800, 886936
1000000, 10, 6, 3, 3900, 897439
1000000, 10, 6, 3, 3900, 897847
1000000, 10, 6, 3, 3900, 897305
1000000, 10, 6, 3, 3900, 897635
1000000, 10, 6, 3, 3900, 897259
1000000, 10, 6, 3, 3900, 897967
1000000, 10, 6, 3, 3900, 897064
1000000, 10, 6, 3, 3900, 897854
1000000, 10, 6, 3, 3900, 896298
1000000, 10, 6, 3, 3900, 897393
1000000, 10, 6, 3, 3900, 897250
1000000, 10, 6, 3, 3900, 897270
1000000, 10, 6, 3, 3900, 896926
1000000, 10, 6, 3, 3900, 897377
1000000, 10, 6, 3, 3900, 897234
1000000, 10, 6, 3, 3900, 897178
1000000, 10, 6, 3, 3900, 897460
1000000, 10, 6, 3, 3900, 897583
1000000, 10, 6, 3, 3900, 897362
1000000, 10, 6, 3, 3900, 898216
1000000, 10, 6, 3, 3900, 898358
1000000, 10, 6, 3, 3900, 897132
1000000, 10, 6, 3, 3900, 897049
1000000, 10, 6, 3, 3900, 896763
1000000, 10, 6, 3, 3900, 896937
1000000, 10, 6, 3, 3900, 898112
1000000, 10, 6, 3, 3900, 897115
1000000, 10, 6, 3, 3900, 897758
1000000, 10, 6, 3, 3900, 897840
1000000, 10, 6, 3, 3900, 897888
1000000, 10, 6, 3, 3900, 897423
1000000, 10, 6, 3, 3900, 898056
1000000, 10, 6, 3, 3900, 898264
1000000, 10, 6, 3, 3900, 897478
1000000, 10, 6, 3, 3900, 897794
1000000, 10, 6, 3, 3900, 897704
1000000, 10, 6, 3, 3900, 897184
1000000, 10, 6, 3, 3900, 897251
1000000, 10, 6, 3, 3900, 896813
1000000, 10, 6, 3, 3900, 897632
1000000, 10, 6, 3, 3900, 897654
1000000, 10, 6, 3, 3900, 898054
1000000, 10, 6, 3, 3900, 897614
1000000, 10, 6, 3, 3900, 896896
1000000, 10, 6, 3, 3900, 897365
1000000, 10, 6, 3, 3900, 897142
1000000, 10, 6, 3, 3900, 897188
1000000, 10, 6, 3, 3900, 897384
1000000, 10, 6, 3, 3900, 897547
1000000, 10, 6, 3, 3900, 897452
1000000, 10, 6, 3, 4000, 907487
1000000, 10, 6, 3, 4000, 906516
1000000, 10, 6, 3, 4000, 906393
1000000, 10, 6, 3, 4000, 907280
1000000, 10, 6, 3, 4000, 907511
1000000, 10, 6, 3, 4000, 907588
1000000, 10, 6, 3, 4000, 907598
1000000, 10, 6, 3, 4000, 906574
1000000, 10, 6, 3, 4000, 906839
1000000, 10, 6, 3, 4000, 907174
1000000, 10, 6, 3, 4000, 906791
1000000, 10, 6, 3, 4000, 907397
1000000, 10, 6, 3, 4000, 907337
1000000, 10, 6, 3, 4000, 907843
1000000, 10, 6, 3, 4000, 907487
1000000, 10, 6, 3, 4000, 906263
1000000, 10, 6, 3, 4000, 907456
1000000, 10, 6, 3, 4000, 907480
1000000, 10, 6, 3, 4000, 907109
1000000, 10, 6, 3, 4000, 907737
1000000, 10, 6, 3, 4000, 907173
1000000, 10, 6, 3, 4000, 907973
1000000, 10, 6, 3, 4000, 907326
1000000, 10, 6, 3, 4000, 907048
1000000, 10, 6, 3, 4000, 908021
1000000, 10, 6, 3, 4000, 906513
1000000, 10, 6, 3, 4000, 907993
1000000, 10, 6, 3, 4000, 907157
1000000, 10, 6, 3, 4000, 907320
1000000, 10, 6, 3, 4000, 907541
1000000, 10, 6, 3, 4000, 906625
1000000, 10, 6, 3, 4000, 907339
1000000, 10, 6, 3, 4000, 907644
1000000, 10, 6, 3, 4000, 907520
1000000, 10, 6, 3, 4000, 907124
1000000, 10, 6, 3, 4000, 906574
1000000, 10, 6, 3, 4000, 907324
1000000, 10, 6, 3, 4000, 906760
1000000, 10, 6, 3, 4000, 907555
1000000, 10, 6, 3, 4000, 907376
1000000, 10, 6, 3, 4000, 907203
1000000, 10, 6, 3, 4000, 907866
1000000, 10, 6, 3, 4000, 907278
1000000, 10, 6, 3, 4000, 907776
1000000, 10, 6, 3, 4000, 907360
1000000, 10, 6, 3, 4000, 906780
1000000, 10, 6, 3, 4000, 906219
1000000, 10, 6, 3, 4000, 907238
1000000, 10, 6, 3, 4000, 906700
1000000, 10, 6, 3, 4000, 906883
1000000, 10, 6, 3, 4100, 916304
1000000, 10, 6, 3, 4100, 915329
1000000, 10, 6, 3, 4100, 916135
1000000, 10, 6, 3, 4100, 916528
1000000, 10, 6, 3, 4100, 915273
1000000, 10, 6, 3, 4100, 916251
1000000, 10, 6, 3, 4100, 916321
1000000, 10, 6, 3, 4100, 916043
1000000, 10, 6, 3, 4100, 916198
1000000, 10, 6, 3, 4100, 916272
1000000, 10, 6, 3, 4100, 915769
1000000, 10, 6, 3, 4100, 916022
1000000, 10, 6, 3, 4100, 916145
1000000, 10, 6, 3, 4100, 916263
1000000, 10, 6, 3, 4100, 916256
1000000, 10, 6, 3, 4100, 916064
1000000, 10, 6, 3, 4100, 915678
1000000, 10, 6, 3, 4100, 916434
1000000, 10, 6, 3, 4100, 916210
1000000, 10, 6, 3, 4100, 916066
1000000, 10, 6, 3, 4100, 916660
1000000, 10, 6, 3, 4100, 915548
1000000, 10, 6, 3, 4100, 916193
1000000, 10, 6, 3, 4100, 915914
1000000, 10, 6, 3, 4100, 916203
1000000, 10, 6, 3, 4100, 915951
1000000, 10, 6, 3, 4100, 916360
1000000, 10, 6, 3, 4100, 916506
1000000, 10, 6, 3, 4100, 915816
1000000, 10, 6, 3, 4100, 915879
1000000, 10, 6, 3, 4100, 915719
1000000, 10, 6, 3, 4100, 916013
1000000, 10, 6, 3, 4100, 915785
1000000, 10, 6, 3, 4100, 916111
1000000, 10, 6, 3, 4100, 915665
1000000, 10, 6, 3, 4100, 916737
1000000, 10, 6, 3, 4100, 916791
1000000, 10, 6, 3, 4100, 915913
1000000, 10, 6, 3, 4100, 916441
1000000, 10, 6, 3, 4100, 916011
1000000, 10, 6, 3, 4100, 915630
1000000, 10, 6, 3, 4100, 916105
1000000, 10, 6, 3, 4100, 915599
1000000, 10, 6, 3, 4100, 915772
1000000, 10, 6, 3, 4100, 916552
1000000, 10, 6, 3, 4100, 915784
1000000, 10, 6, 3, 4100, 915617
1000000, 10, 6, 3, 4100, 916174
1000000, 10, 6, 3, 4100, 916536
1000000, 10, 6, 3, 4100, 915630
1000000, 10, 6, 3, 4200, 924438
1000000, 10, 6, 3, 4200, 923407
1000000, 10, 6, 3, 4200, 923863
1000000, 10, 6, 3, 4200, 924243
1000000, 10, 6, 3, 4200, 923793
1000000, 10, 6, 3, 4200, 924125
1000000, 10, 6, 3, 4200, 924214
1000000, 10, 6, 3, 4200, 923705
1000000, 10, 6, 3, 4200, 924282
1000000, 10, 6, 3, 4200, 924386
1000000, 10, 6, 3, 4200, 923997
1000000, 10, 6, 3, 4200, 924019
1000000, 10, 6, 3, 4200, 924007
1000000, 10, 6, 3, 4200, 923526
1000000, 10, 6, 3, 4200, 924301
1000000, 10, 6, 3, 4200, 924004
1000000, 10, 6, 3, 4200, 923950
1000000, 10, 6, 3, 4200, 923199
1000000, 10, 6, 3, 4200, 924024
1000000, 10, 6, 3, 4200, 924123
1000000, 10, 6, 3, 4200, 924067
1000000, 10, 6, 3, 4200, 923763
1000000, 10, 6, 3, 4200, 923906
1000000, 10, 6, 3, 4200, 923881
1000000, 10, 6, 3, 4200, 924012
1000000, 10, 6, 3, 4200, 924222
1000000, 10, 6, 3, 4200, 924140
1000000, 10, 6, 3, 4200, 924423
1000000, 10, 6, 3, 4200, 924269
1000000, 10, 6, 3, 4200, 924737
1000000, 10, 6, 3, 4200, 924268
1000000, 10, 6, 3, 4200, 924490
1000000, 10, 6, 3, 4200, 923514
1000000, 10, 6, 3, 4200, 924277
1000000, 10, 6, 3, 4200, 923710
1000000, 10, 6, 3, 4200, 923357
1000000, 10, 6, 3, 4200, 924174
1000000, 10, 6, 3, 4200, 924214
1000000, 10, 6, 3, 4200, 924257
1000000, 10, 6, 3, 4200, 924299
1000000, 10, 6, 3, 4200, 923786
1000000, 10, 6, 3, 4200, 924157
1000000, 10, 6, 3, 4200, 923435
1000000, 10, 6, 3, 4200, 924463
1000000, 10, 6, 3, 4200, 923557
1000000, 10, 6, 3, 4200, 923429
1000000, 10, 6, 3, 4200, 924063
1000000, 10, 6, 3, 4200, 924046
1000000, 10, 6, 3, 4200, 924218
1000000, 10, 6, 3, 4200, 924058
1000000, 10, 6, 3, 4300, 931346
1000000, 10, 6, 3, 4300, 931226
1000000, 10, 6, 3, 4300, 930933
1000000, 10, 6, 3, 4300, 930763
1000000, 10, 6, 3, 4300, 931569
1000000, 10, 6, 3, 4300, 930586
1000000, 10, 6, 3, 4300, 930662
1000000, 10, 6, 3, 4300, 931028
1000000, 10, 6, 3, 4300, 931043
1000000, 10, 6, 3, 4300, 931149
1000000, 10, 6, 3, 4300, 931582
1000000, 10, 6, 3, 4300, 931093
1000000, 10, 6, 3, 4300, 930853
1000000, 10, 6, 3, 4300, 930655
1000000, 10, 6, 3, 4300, 931473
1000000, 10, 6, 3, 4300, 931618
1000000, 10, 6, 3, 4300, 931339
1000000, 10, 6, 3, 4300, 931154
1000000, 10, 6, 3, 4300, 931408
1000000, 10, 6, 3, 4300, 930537
1000000, 10, 6, 3, 4300, 931265
1000000, 10, 6, 3, 4300, 930807
1000000, 10, 6, 3, 4300, 931215
1000000, 10, 6, 3, 4300, 930953
1000000, 10, 6, 3, 4300, 931282
1000000, 10, 6, 3, 4300, 931350
1000000, 10, 6, 3, 4300, 931223
1000000, 10, 6, 3, 4300, 931022
1000000, 10, 6, 3, 4300, 930931
1000000, 10, 6, 3, 4300, 930938
1000000, 10, 6, 3, 4300, 931715
1000000, 10, 6, 3, 4300, 930944
1000000, 10, 6, 3, 4300, 931380
1000000, 10, 6, 3, 4300, 931329
1000000, 10, 6, 3, 4300, 931430
1000000, 10, 6, 3, 4300, 931243
1000000, 10, 6, 3, 4300, 931838
1000000, 10, 6, 3, 4300, 931168
1000000, 10, 6, 3, 4300, 931064
1000000, 10, 6, 3, 4300, 931180
1000000, 10, 6, 3, 4300, 931335
1000000, 10, 6, 3, 4300, 930952
1000000, 10, 6, 3, 4300, 931260
1000000, 10, 6, 3, 4300, 931163
1000000, 10, 6, 3, 4300, 930948
1000000, 10, 6, 3, 4300, 931150
1000000, 10, 6, 3, 4300, 931342
1000000, 10, 6, 3, 4300, 931596
1000000, 10, 6, 3, 4300, 930952
1000000, 10, 6, 3, 4300, 931414
1000000, 10, 6, 3, 4400, 937729
1000000, 10, 6, 3, 4400, 937607
1000000, 10, 6, 3, 4400, 937225
1000000, 10, 6, 3, 4400, 938227
1000000, 10, 6, 3, 4400, 937794
1000000, 10, 6, 3, 4400, 937541
1000000, 10, 6, 3, 4400, 937851
1000000, 10, 6, 3, 4400, 937735
1000000, 10, 6, 3, 4400, 938059
1000000, 10, 6, 3, 4400, 937561
1000000, 10, 6, 3, 4400, 937834
1000000, 10, 6, 3, 4400, 937924
1000000, 10, 6, 3, 4400, 937855
1000000, 10, 6, 3, 4400, 937199
1000000, 10, 6, 3, 4400, 937463
1000000, 10, 6, 3, 4400, 937558
1000000, 10, 6, 3, 4400, 937298
1000000, 10, 6, 3, 4400, 937623
1000000, 10, 6, 3, 4400, 937349
1000000, 10, 6, 3, 4400, 937040
1000000, 10, 6, 3, 4400, 937887
1000000, 10, 6, 3, 4400, 937973
1000000, 10, 6, 3, 4400, 937156
1000000, 10, 6, 3, 4400, 937878
1000000, 10, 6, 3, 4400, 937320
1000000, 10, 6, 3, 4400, 937794
1000000, 10, 6, 3, 4400, 937783
1000000, 10, 6, 3, 4400, 938038
1000000, 10, 6, 3, 4400, 938143
1000000, 10, 6, 3, 4400, 937515
1000000, 10, 6, 3, 4400, 937982
1000000, 10, 6, 3, 4400, 937753
1000000, 10, 6, 3, 4400, 937637
1000000, 10, 6, 3, 4400, 937749
1000000, 10, 6, 3, 4400, 937755
1000000, 10, 6, 3, 4400, 937676
1000000, 10, 6, 3, 4400, 937925
1000000, 10, 6, 3, 4400, 937346
1000000, 10, 6, 3, 4400, 937736
1000000, 10, 6, 3, 4400, 937705
1000000, 10, 6, 3, 4400, 937227
1000000, 10, 6, 3, 4400, 937906
1000000, 10, 6, 3, 4400, 937574
1000000, 10, 6, 3, 4400, 937676
1000000, 10, 6, 3, 4400, 937336
1000000, 10, 6, 3, 4400, 937888
1000000, 10, 6, 3, 4400, 937346
1000000, 10, 6, 3, 4400, 937554
1000000, 10, 6, 3, 4400, 937585
1000000, 10, 6, 3, 4400, 937566
1000000, 10, 6, 3, 4500, 943475
1000000, 10, 6, 3, 4500, 943951
1000000, 10, 6, 3, 4500, 943571
1000000, 10, 6, 3, 4500, 943473
1000000, 10, 6, 3, 4500, 943546
1000000, 10, 6, 3, 4500, 944211
1000000, 10, 6, 3, 4500, 943552
1000000, 10, 6, 3, 4500, 943748
1000000, 10, 6, 3, 4500, 943049
1000000, 10, 6, 3, 4500, 943577
1000000, 10, 6, 3, 4500, 943263
1000000, 10, 6, 3, 4500, 943462
1000000, 10, 6, 3, 4500, 943600
1000000, 10, 6, 3, 4500, 943994
1000000, 10, 6, 3, 4500, 943322
1000000, 10, 6, 3, 4500, 943942
1000000, 10, 6, 3, 4500, 943599
1000000, 10, 6, 3, 4500, 943322
1000000, 10, 6, 3, 4500, 943460
1000000, 10, 6, 3, 4500, 944031
1000000, 10, 6, 3, 4500, 944090
1000000, 10, 6, 3, 4500, 943818
1000000, 10, 6, 3, 4500, 943703
1000000, 10, 6, 3, 4500, 943873
1000000, 10, 6, 3, 4500, 943885
1000000, 10, 6, 3, 4500, 943532
1000000, 10, 6, 3, 4500, 943805
1000000, 10, 6, 3, 4500, 943576
1000000, 10, 6, 3, 4500, 944089
1000000, 10, 6, 3, 4500, 943739
1000000, 10, 6, 3, 4500, 943816
1000000, 10, 6, 3, 4500, 943479
1000000, 10, 6, 3, 4500, 943335
1000000, 10, 6, 3, 4500, 944062
1000000, 10, 6, 3, 4500, 943566
1000000, 10, 6, 3, 4500, 943334
1000000, 10, 6, 3, 4500, 943629
1000000, 10, 6, 3, 4500, 943662
1000000, 10, 6, 3, 4500, 943809
1000000, 10, 6, 3, 4500, 944034
1000000, 10, 6, 3, 4500, 943919
1000000, 10, 6, 3, 4500, 943784
1000000, 10, 6, 3, 4500, 943967
1000000, 10, 6, 3, 4500, 943790
1000000, 10, 6, 3, 4500, 943833
1000000, 10, 6, 3, 4500, 943245
1000000, 10, 6, 3, 4500, 943900
1000000, 10, 6, 3, 4500, 943794
1000000, 10, 6, 3, 4500, 943512
1000000, 10, 6, 3, 4500, 943409
1000000, 10, 6, 3, 4600, 948253
1000000, 10, 6, 3, 4600, 949064
1000000, 10, 6, 3, 4600, 948922
1000000, 10, 6, 3, 4600, 948893
1000000, 10, 6, 3, 4600, 949255
1000000, 10, 6, 3, 4600, 948574
1000000, 10, 6, 3, 4600, 948654
1000000, 10, 6, 3, 4600, 948699
1000000, 10, 6, 3, 4600, 949281
1000000, 10, 6, 3, 4600, 948919
1000000, 10, 6, 3, 4600, 948707
1000000, 10, 6, 3, 4600, 948791
1000000, 10, 6, 3, 4600, 949628
1000000, 10, 6, 3, 4600, 949240
1000000, 10, 6, 3, 4600, 949279
1000000, 10, 6, 3, 4600, 948403
1000000, 10, 6, 3, 4600, 948957
1000000, 10, 6, 3, 4600, 949001
1000000, 10, 6, 3, 4600, 949107
1000000, 10, 6, 3, 4600, 949698
1000000, 10, 6, 3, 4600, 948719
1000000, 10, 6, 3, 4600, 948921
1000000, 10, 6, 3, 4600, 948998
1000000, 10, 6, 3, 4600, 948803
1000000, 10, 6, 3, 4600, 949100
1000000, 10, 6, 3, 4600, 948909
1000000, 10, 6, 3, 4600, 949163
1000000, 10, 6, 3, 4600, 949221
1000000, 10, 6, 3, 4600, 948866
1000000, 10, 6, 3, 4600, 949219
1000000, 10, 6, 3, 4600, 948623
1000000, 10, 6, 3, 4600, 948627
1000000, 10, 6, 3, 4600, 948512
1000000, 10, 6, 3, 4600, 949160
1000000, 10, 6, 3, 4600, 948924
1000000, 10, 6, 3, 4600, 949344
1000000, 10, 6, 3, 4600, 949137
1000000, 10, 6, 3, 4600, 949008
1000000, 10, 6, 3, 4600, 948771
1000000, 10, 6, 3, 4600, 948691
1000000, 10, 6, 3, 4600, 949071
1000000, 10, 6, 3, 4600, 949046
1000000, 10, 6, 3, 4600, 949131
1000000, 10, 6, 3, 4600, 949215
1000000, 10, 6, 3, 4600, 948668
1000000, 10, 6, 3, 4600, 949092
1000000, 10, 6, 3, 4600, 949243
1000000, 10, 6, 3, 4600, 949308
1000000, 10, 6, 3, 4600, 948919
1000000, 10, 6, 3, 4600, 949014
1000000, 10, 6, 3, 4700, 953798
1000000, 10, 6, 3, 4700, 953588
1000000, 10, 6, 3, 4700, 953802
1000000, 10, 6, 3, 4700, 953937
1000000, 10, 6, 3, 4700, 954043
1000000, 10, 6, 3, 4700, 953513
1000000, 10, 6, 3, 4700, 953803
1000000, 10, 6, 3, 4700, 954037
1000000, 10, 6, 3, 4700, 953704
1000000, 10, 6, 3, 4700, 953915
1000000, 10, 6, 3, 4700, 954185
1000000, 10, 6, 3, 4700, 953897
1000000, 10, 6, 3, 4700, 954275
1000000, 10, 6, 3, 4700, 953763
1000000, 10, 6, 3, 4700, 953814
1000000, 10, 6, 3, 4700, 953928
1000000, 10, 6, 3, 4700, 953560
1000000, 10, 6, 3, 4700, 953304
1000000, 10, 6, 3, 4700, 953935
1000000, 10, 6, 3, 4700, 953869
1000000, 10, 6, 3, 4700, 954092
1000000, 10, 6, 3, 4700, 954086
1000000, 10, 6, 3, 4700, 953752
1000000, 10, 6, 3, 4700, 953622
1000000, 10, 6, 3, 4700, 953743
1000000, 10, 6, 3, 4700, 953894
1000000, 10, 6, 3, 4700, 953898
1000000, 10, 6, 3, 4700, 953726
1000000, 10, 6, 3, 4700, 954089
1000000, 10, 6, 3, 4700, 954280
1000000, 10, 6, 3, 4700, 953760
1000000, 10, 6, 3, 4700, 954055
1000000, 10, 6, 3, 4700, 953925
1000000, 10, 6, 3, 4700, 954008
1000000, 10, 6, 3, 4700, 954055
1000000, 10, 6, 3, 4700, 953765
1000000, 10, 6, 3, 4700, 954130
1000000, 10, 6, 3, 4700, 953957
1000000, 10, 6, 3, 4700, 953756
1000000, 10, 6, 3, 4700, 954208
1000000, 10, 6, 3, 4700, 953988
1000000, 10, 6, 3, 4700, 954583
1000000, 10, 6, 3, 4700, 954205
1000000, 10, 6, 3, 4700, 953894
1000000, 10, 6, 3, 4700, 954048
1000000, 10, 6, 3, 4700, 953843
1000000, 10, 6, 3, 4700, 954113
1000000, 10, 6, 3, 4700, 954305
1000000, 10, 6, 3, 4700, 953946
1000000, 10, 6, 3, 4700, 954146
1000000, 10, 6, 3, 4800, 958419
1000000, 10, 6, 3, 4800, 958384
1000000, 10, 6, 3, 4800, 958600
1000000, 10, 6, 3, 4800, 958185
1000000, 10, 6, 3, 4800, 958102
1000000, 10, 6, 3, 4800, 958291
1000000, 10, 6, 3, 4800, 957878
1000000, 10, 6, 3, 4800, 958637
1000000, 10, 6, 3, 4800, 957864
1000000, 10, 6, 3, 4800, 958115
1000000, 10, 6, 3, 4800, 958252
1000000, 10, 6, 3, 4800, 958148
1000000, 10, 6, 3, 4800, 958394
1000000, 10, 6, 3, 4800, 958510
1000000, 10, 6, 3, 4800, 958031
1000000, 10, 6, 3, 4800, 957803
1000000, 10, 6, 3, 4800, 958040
1000000, 10, 6, 3, 4800, 957935
1000000, 10, 6, 3, 4800, 958139
1000000, 10, 6, 3, 4800, 958449
1000000, 10, 6, 3, 4800, 958413
1000000, 10, 6, 3, 4800, 958446
1000000, 10, 6, 3, 4800, 958438
1000000, 10, 6, 3, 4800, 958360
1000000, 10, 6, 3, 4800, 958574
1000000, 10, 6, 3, 4800, 958408
1000000, 10, 6, 3, 4800, 958492
1000000, 10, 6, 3, 4800, 958441
1000000, 10, 6, 3, 4800, 958059
1000000, 10, 6, 3, 4800, 958388
1000000, 10, 6, 3, 4800, 958399
1000000, 10, 6, 3, 4800, 958214
1000000, 10, 6, 3, 4800, 958231
1000000, 10, 6, 3, 4800, 958051
1000000, 10, 6, 3, 4800, 958350
1000000, 10, 6, 3, 4800, 958092
1000000, 10, 6, 3, 4800, 958267
1000000, 10, 6, 3, 4800, 958188
1000000, 10, 6, 3, 4800, 958615
1000000, 10, 6, 3, 4800, 958320
1000000, 10, 6, 3, 4800, 958028
1000000, 10, 6, 3, 4800, 958438
1000000, 10, 6, 3, 4800, 958301
1000000, 10, 6, 3, 4800, 958023
1000000, 10, 6, 3, 4800, 958137
1000000, 10, 6, 3, 4800, 958829
1000000, 10, 6, 3, 4800, 958179
1000000, 10, 6, 3, 4800, 958604
1000000, 10, 6, 3, 4800, 958407
1000000, 10, 6, 3, 4800, 958257
1000000, 10, 6, 3, 4900, 962344
1000000, 10, 6, 3, 4900, 962165
1000000, 10, 6, 3, 4900, 962608
1000000, 10, 6, 3, 4900, 962678
1000000, 10, 6, 3, 4900, 962170
1000000, 10, 6, 3, 4900, 962179
1000000, 10, 6, 3, 4900, 962279
1000000, 10, 6, 3, 4900, 962213
1000000, 10, 6, 3, 4900, 962641
1000000, 10, 6, 3, 4900, 962314
1000000, 10, 6, 3, 4900, 962085
1000000, 10, 6, 3, 4900, 962089
1000000, 10, 6, 3, 4900, 962182
1000000, 10, 6, 3, 4900, 962522
1000000, 10, 6, 3, 4900, 962028
1000000, 10, 6, 3, 4900, 962555
1000000, 10, 6, 3, 4900, 962438
1000000, 10, 6, 3, 4900, 962370
1000000, 10, 6, 3, 4900, 961892
1000000, 10, 6, 3, 4900, 962118
1000000, 10, 6, 3, 4900, 962267
1000000, 10, 6, 3, 4900, 962557
1000000, 10, 6, 3, 4900, 962220
1000000, 10, 6, 3, 4900, 962519
1000000, 10, 6, 3, 4900, 962197
1000000, 10, 6, 3, 4900, 962684
1000000, 10, 6, 3, 4900, 962121
1000000, 10, 6, 3, 4900, 962381
1000000, 10, 6, 3, 4900, 962289
1000000, 10, 6, 3, 4900, 962225
1000000, 10, 6, 3, 4900, 962193
1000000, 10, 6, 3, 4900, 962312
1000000, 10, 6, 3, 4900, 962334
1000000, 10, 6, 3, 4900, 962643
1000000, 10, 6, 3, 4900, 962556
1000000, 10, 6, 3, 4900, 962378
1000000, 10, 6, 3, 4900, 962296
1000000, 10, 6, 3, 4900, 962332
1000000, 10, 6, 3, 4900, 962276
1000000, 10, 6, 3, 4900, 962401
1000000, 10, 6, 3, 4900, 962206
1000000, 10, 6, 3, 4900, 962238
1000000, 10, 6, 3, 4900, 962364
1000000, 10, 6, 3, 4900, 962279
1000000, 10, 6, 3, 4900, 962228
1000000, 10, 6, 3, 4900, 962406
1000000, 10, 6, 3, 4900, 962397
1000000, 10, 6, 3, 4900, 962502
1000000, 10, 6, 3, 4900, 962814
1000000, 10, 6, 3, 4900, 962113
1000000, 10, 6, 3, 5000, 965929
1000000, 10, 6, 3, 5000, 966068
1000000, 10, 6, 3, 5000, 965606
1000000, 10, 6, 3, 5000, 965832
1000000, 10, 6, 3, 5000, 966115
1000000, 10, 6, 3, 5000, 966272
1000000, 10, 6, 3, 5000, 965862
1000000, 10, 6, 3, 5000, 965983
1000000, 10, 6, 3, 5000, 966111
1000000, 10, 6, 3, 5000, 965934
1000000, 10, 6, 3, 5000, 965852
1000000, 10, 6, 3, 5000, 965669
1000000, 10, 6, 3, 5000, 966179
1000000, 10, 6, 3, 5000, 966030
1000000, 10, 6, 3, 5000, 966072
1000000, 10, 6, 3, 5000, 966005
1000000, 10, 6, 3, 5000, 965852
1000000, 10, 6, 3, 5000, 965887
1000000, 10, 6, 3, 5000, 965861
1000000, 10, 6, 3, 5000, 965882
1000000, 10, 6, 3, 5000, 966064
1000000, 10, 6, 3, 5000, 965858
1000000, 10, 6, 3, 5000, 965921
1000000, 10, 6, 3, 5000, 965973
1000000, 10, 6, 3, 5000, 965935
1000000, 10, 6, 3, 5000, 965765
1000000, 10, 6, 3, 5000, 965868
1000000, 10, 6, 3, 5000, 965928
1000000, 10, 6, 3, 5000, 966071
1000000, 10, 6, 3, 5000, 966262
1000000, 10, 6, 3, 5000, 965989
1000000, 10, 6, 3, 5000, 966206
1000000, 10, 6, 3, 5000, 965625
1000000, 10, 6, 3, 5000, 965815
1000000, 10, 6, 3, 5000, 965760
1000000, 10, 6, 3, 5000, 966040
1000000, 10, 6, 3, 5000, 966339
1000000, 10, 6, 3, 5000, 966385
1000000, 10, 6, 3, 5000, 966110
1000000, 10, 6, 3, 5000, 965887
1000000, 10, 6, 3, 5000, 965821
1000000, 10, 6, 3, 5000, 966042
1000000, 10, 6, 3, 5000, 965898
1000000, 10, 6, 3, 5000, 966059
1000000, 10, 6, 3, 5000, 966061
1000000, 10, 6, 3, 5000, 966060
1000000, 10, 6, 3, 5000, 965849
1000000, 10, 6, 3, 5000, 966127
1000000, 10, 6, 3, 5000, 965532
1000000, 10, 6, 3, 5000, 966087
1000000, 10, 6, 3, 5100, 969445
1000000, 10, 6, 3, 5100, 969188
1000000, 10, 6, 3, 5100, 969130
1000000, 10, 6, 3, 5100, 968887
1000000, 10, 6, 3, 5100, 969030
1000000, 10, 6, 3, 5100, 969650
1000000, 10, 6, 3, 5100, 969087
1000000, 10, 6, 3, 5100, 969141
1000000, 10, 6, 3, 5100, 969525
1000000, 10, 6, 3, 5100, 969447
1000000, 10, 6, 3, 5100, 969056
1000000, 10, 6, 3, 5100, 969266
1000000, 10, 6, 3, 5100, 969088
1000000, 10, 6, 3, 5100, 969448
1000000, 10, 6, 3, 5100, 969436
1000000, 10, 6, 3, 5100, 969041
1000000, 10, 6, 3, 5100, 968993
1000000, 10, 6, 3, 5100, 969340
1000000, 10, 6, 3, 5100, 969301
1000000, 10, 6, 3, 5100, 968917
1000000, 10, 6, 3, 5100, 969134
1000000, 10, 6, 3, 5100, 969220
1000000, 10, 6, 3, 5100, 969113
1000000, 10, 6, 3, 5100, 969075
1000000, 10, 6, 3, 5100, 969427
1000000, 10, 6, 3, 5100, 969185
1000000, 10, 6, 3, 5100, 969381
1000000, 10, 6, 3, 5100, 969235
1000000, 10, 6, 3, 5100, 969004
1000000, 10, 6, 3, 5100, 969264
1000000, 10, 6, 3, 5100, 968910
1000000, 10, 6, 3, 5100, 969097
1000000, 10, 6, 3, 5100, 969133
1000000, 10, 6, 3, 5100, 969224
1000000, 10, 6, 3, 5100, 969123
1000000, 10, 6, 3, 5100, 969201
1000000, 10, 6, 3, 5100, 969472
1000000, 10, 6, 3, 5100, 969435
1000000, 10, 6, 3, 5100, 969171
1000000, 10, 6, 3, 5100, 969095
1000000, 10, 6, 3, 5100, 969269
1000000, 10, 6, 3, 5100, 969242
1000000, 10, 6, 3, 5100, 969098
1000000, 10, 6, 3, 5100, 969205
1000000, 10, 6, 3, 5100, 969450
1000000, 10, 6, 3, 5100, 969309
1000000, 10, 6, 3, 5100, 969200
1000000, 10, 6, 3, 5100, 969267
1000000, 10, 6, 3, 5100, 969156
1000000, 10, 6, 3, 5100, 969173
1000000, 10, 6, 3, 5200, 972226
1000000, 10, 6, 3, 5200, 972116
1000000, 10, 6, 3, 5200, 972383
1000000, 10, 6, 3, 5200, 972140
1000000, 10, 6, 3, 5200, 972379
1000000, 10, 6, 3, 5200, 972627
1000000, 10, 6, 3, 5200, 972529
1000000, 10, 6, 3, 5200, 972274
1000000, 10, 6, 3, 5200, 972440
1000000, 10, 6, 3, 5200, 972187
1000000, 10, 6, 3, 5200, 971938
1000000, 10, 6, 3, 5200, 972158
1000000, 10, 6, 3, 5200, 972450
1000000, 10, 6, 3, 5200, 972428
1000000, 10, 6, 3, 5200, 972160
1000000, 10, 6, 3, 5200, 972173
1000000, 10, 6, 3, 5200, 972505
1000000, 10, 6, 3, 5200, 972195
1000000, 10, 6, 3, 5200, 972527
1000000, 10, 6, 3, 5200, 972293
1000000, 10, 6, 3, 5200, 972501
1000000, 10, 6, 3, 5200, 972382
1000000, 10, 6, 3, 5200, 972191
1000000, 10, 6, 3, 5200, 972453
1000000, 10, 6, 3, 5200, 972581
1000000, 10, 6, 3, 5200, 971748
1000000, 10, 6, 3, 5200, 972277
1000000, 10, 6, 3, 5200, 972051
1000000, 10, 6, 3, 5200, 972453
1000000, 10, 6, 3, 5200, 972119
1000000, 10, 6, 3, 5200, 972062
1000000, 10, 6, 3, 5200, 971923
1000000, 10, 6, 3, 5200, 972710
1000000, 10, 6, 3, 5200, 972402
1000000, 10, 6, 3, 5200, 972357
1000000, 10, 6, 3, 5200, 972131
1000000, 10, 6, 3, 5200, 972382
1000000, 10, 6, 3, 5200, 972132
1000000, 10, 6, 3, 5200, 972387
1000000, 10, 6, 3, 5200, 972250
1000000, 10, 6, 3, 5200, 971823
1000000, 10, 6, 3, 5200, 972272
1000000, 10, 6, 3, 5200, 972164
1000000, 10, 6, 3, 5200, 972386
1000000, 10, 6, 3, 5200, 972131
1000000, 10, 6, 3, 5200, 972367
1000000, 10, 6, 3, 5200, 972410
1000000, 10, 6, 3, 5200, 972903
1000000, 10, 6, 3, 5200, 972596
1000000, 10, 6, 3, 5200, 972425
1000000, 10, 6, 3, 5300, 975222
1000000, 10, 6, 3, 5300, 974889
1000000, 10, 6, 3, 5300, 974989
1000000, 10, 6, 3, 5300, 975033
1000000, 10, 6, 3, 5300, 975042
1000000, 10, 6, 3, 5300, 975167
1000000, 10, 6, 3, 5300, 974784
1000000, 10, 6, 3, 5300, 975145
1000000, 10, 6, 3, 5300, 975199
1000000, 10, 6, 3, 5300, 974940
1000000, 10, 6, 3, 5300, 974915
1000000, 10, 6, 3, 5300, 974846
1000000, 10, 6, 3, 5300, 974966
1000000, 10, 6, 3, 5300, 974751
1000000, 10, 6, 3, 5300, 975332
1000000, 10, 6, 3, 5300, 974858
1000000, 10, 6, 3, 5300, 975061
1000000, 10, 6, 3, 5300, 974959
1000000, 10, 6, 3, 5300, 975209
1000000, 10, 6, 3, 5300, 974879
1000000, 10, 6, 3, 5300, 975363
1000000, 10, 6, 3, 5300, 974915
1000000, 10, 6, 3, 5300, 975024
1000000, 10, 6, 3, 5300, 975108
1000000, 10, 6, 3, 5300, 974955
1000000, 10, 6, 3, 5300, 975058
1000000, 10, 6, 3, 5300, 974967
1000000, 10, 6, 3, 5300, 974930
1000000, 10, 6, 3, 5300, 974797
1000000, 10, 6, 3, 5300, 974793
1000000, 10, 6, 3, 5300, 974756
1000000, 10, 6, 3, 5300, 975125
1000000, 10, 6, 3, 5300, 975065
1000000, 10, 6, 3, 5300, 975101
1000000, 10, 6, 3, 5300, 975120
1000000, 10, 6, 3, 5300, 975041
1000000, 10, 6, 3, 5300, 975144
1000000, 10, 6, 3, 5300, 974992
1000000, 10, 6, 3, 5300, 974761
1000000, 10, 6, 3, 5300, 975280
1000000, 10, 6, 3, 5300, 974881
1000000, 10, 6, 3, 5300, 974762
1000000, 10, 6, 3, 5300, 975272
1000000, 10, 6, 3, 5300, 975057
1000000, 10, 6, 3, 5300, 975114
1000000, 10, 6, 3, 5300, 975194
1000000, 10, 6, 3, 5300, 975115
1000000, 10, 6, 3, 5300, 975382
1000000, 10, 6, 3, 5300, 974804
1000000, 10, 6, 3, 5300, 974808
1000000, 10, 6, 3, 5400, 977303
1000000, 10, 6, 3, 5400, 977516
1000000, 10, 6, 3, 5400, 977358
1000000, 10, 6, 3, 5400, 977581
1000000, 10, 6, 3, 5400, 977658
1000000, 10, 6, 3, 5400, 977270
1000000, 10, 6, 3, 5400, 977500
1000000, 10, 6, 3, 5400, 977819
1000000, 10, 6, 3, 5400, 977341
1000000, 10, 6, 3, 5400, 977613
1000000, 10, 6, 3, 5400, 977366
1000000, 10, 6, 3, 5400, 977142
1000000, 10, 6, 3, 5400, 977747
1000000, 10, 6, 3, 5400, 977327
1000000, 10, 6, 3, 5400, 977393
1000000, 10, 6, 3, 5400, 977501
1000000, 10, 6, 3, 5400, 977500
1000000, 10, 6, 3, 5400, 977868
1000000, 10, 6, 3, 5400, 977282
1000000, 10, 6, 3, 5400, 977408
1000000, 10, 6, 3, 5400, 977373
1000000, 10, 6, 3, 5400, 977446
1000000, 10, 6, 3, 5400, 977249
1000000, 10, 6, 3, 5400, 977616
1000000, 10, 6, 3, 5400, 977199
1000000, 10, 6, 3, 5400, 977460
1000000, 10, 6, 3, 5400, 977509
1000000, 10, 6, 3, 5400, 977824
1000000, 10, 6, 3, 5400, 977383
1000000, 10, 6, 3, 5400, 977491
1000000, 10, 6, 3, 5400, 977644
1000000, 10, 6, 3, 5400, 977465
1000000, 10, 6, 3, 5400, 977416
1000000, 10, 6, 3, 5400, 977521
1000000, 10, 6, 3, 5400, 977410
1000000, 10, 6, 3, 5400, 977613
1000000, 10, 6, 3, 5400, 977462
1000000, 10, 6, 3, 5400, 977540
1000000, 10, 6, 3, 5400, 977476
1000000, 10, 6, 3, 5400, 977534
1000000, 10, 6, 3, 5400, 977409
1000000, 10, 6, 3, 5400, 977375
1000000, 10, 6, 3, 5400, 977790
1000000, 10, 6, 3, 5400, 977382
1000000, 10, 6, 3, 5400, 977422
1000000, 10, 6, 3, 5400, 977569
1000000, 10, 6, 3, 5400, 977612
1000000, 10, 6, 3, 5400, 977353
1000000, 10, 6, 3, 5400, 977490
1000000, 10, 6, 3, 5400, 977364
1000000, 10, 6, 3, 5500, 979886
1000000, 10, 6, 3, 5500, 979741
1000000, 10, 6, 3, 5500, 979961
1000000, 10, 6, 3, 5500, 979605
1000000, 10, 6, 3, 5500, 979495
1000000, 10, 6, 3, 5500, 979709
1000000, 10, 6, 3, 5500, 979679
1000000, 10, 6, 3, 5500, 979604
1000000, 10, 6, 3, 5500, 979815
1000000, 10, 6, 3, 5500, 979690
1000000, 10, 6, 3, 5500, 979880
1000000, 10, 6, 3, 5500, 979858
1000000, 10, 6, 3, 5500, 979911
1000000, 10, 6, 3, 5500, 979785
1000000, 10, 6, 3, 5500, 979531
1000000, 10, 6, 3, 5500, 979874
1000000, 10, 6, 3, 5500, 979743
1000000, 10, 6, 3, 5500, 979728
1000000, 10, 6, 3, 5500, 979429
1000000, 10, 6, 3, 5500, 979665
1000000, 10, 6, 3, 5500, 979823
1000000, 10, 6, 3, 5500, 979591
1000000, 10, 6, 3, 5500, 979639
1000000, 10, 6, 3, 5500, 979680
1000000, 10, 6, 3, 5500, 979787
1000000, 10, 6, 3, 5500, 979527
1000000, 10, 6, 3, 5500, 979840
1000000, 10, 6, 3, 5500, 979735
1000000, 10, 6, 3, 5500, 979639
1000000, 10, 6, 3, 5500, 979622
1000000, 10, 6, 3, 5500, 979482
1000000, 10, 6, 3, 5500, 979754
1000000, 10, 6, 3, 5500, 979632
1000000, 10, 6, 3, 5500, 979659
1000000, 10, 6, 3, 5500, 979851
1000000, 10, 6, 3, 5500, 979773
1000000, 10, 6, 3, 5500, 979826
1000000, 10, 6, 3, 5500, 979412
1000000, 10, 6, 3, 5500, 979630
1000000, 10, 6, 3, 5500, 979587
1000000, 10, 6, 3, 5500, 979777
1000000, 10, 6, 3, 5500, 979838
1000000, 10, 6, 3, 5500, 979764
1000000, 10, 6, 3, 5500, 980033
1000000, 10, 6, 3, 5500, 979731
1000000, 10, 6, 3, 5500, 979495
1000000, 10, 6, 3, 5500, 979887
1000000, 10, 6, 3, 5500, 979852
1000000, 10, 6, 3, 5500, 979713
1000000, 10, 6, 3, 5500, 979865
1000000, 10, 6, 3, 5600, 982057
1000000, 10, 6, 3, 5600, 981923
1000000, 10, 6, 3, 5600, 981590
1000000, 10, 6, 3, 5600, 981685
1000000, 10, 6, 3, 5600, 981773
1000000, 10, 6, 3, 5600, 981578
1000000, 10, 6, 3, 5600, 981882
1000000, 10, 6, 3, 5600, 981925
1000000, 10, 6, 3, 5600, 981773
1000000, 10, 6, 3, 5600, 982014
1000000, 10, 6, 3, 5600, 981590
1000000, 10, 6, 3, 5600, 982125
1000000, 10, 6, 3, 5600, 981718
1000000, 10, 6, 3, 5600, 981689
1000000, 10, 6, 3, 5600, 981942
1000000, 10, 6, 3, 5600, 981877
1000000, 10, 6, 3, 5600, 981794
1000000, 10, 6, 3, 5600, 981873
1000000, 10, 6, 3, 5600, 981675
1000000, 10, 6, 3, 5600, 981569
1000000, 10, 6, 3, 5600, 982006
1000000, 10, 6, 3, 5600, 981876
1000000, 10, 6, 3, 5600, 981948
1000000, 10, 6, 3, 5600, 981994
1000000, 10, 6, 3, 5600, 981993
1000000, 10, 6, 3, 5600, 981753
1000000, 10, 6, 3, 5600, 982024
1000000, 10, 6, 3, 5600, 982024
1000000, 10, 6, 3, 5600, 981890
1000000, 10, 6, 3, 5600, 981520
1000000, 10, 6, 3, 5600, 981758
1000000, 10, 6, 3, 5600, 981463
1000000, 10, 6, 3, 5600, 981616
1000000, 10, 6, 3, 5600, 981434
1000000, 10, 6, 3, 5600, 982008
1000000, 10, 6, 3, 5600, 981564
1000000, 10, 6, 3, 5600, 981968
1000000, 10, 6, 3, 5600, 981749
1000000, 10, 6, 3, 5600, 981709
1000000, 10, 6, 3, 5600, 981930
1000000, 10, 6, 3, 5600, 981743
1000000, 10, 6, 3, 5600, 982036
1000000, 10, 6, 3, 5600, 981783
1000000, 10, 6, 3, 5600, 981948
1000000, 10, 6, 3, 5600, 981548
1000000, 10, 6, 3, 5600, 981875
1000000, 10, 6, 3, 5600, 981782
1000000, 10, 6, 3, 5600, 981930
1000000, 10, 6, 3, 5600, 981725
1000000, 10, 6, 3, 5600, 981460
1000000, 10, 6, 3, 5700, 983620
1000000, 10, 6, 3, 5700, 983537
1000000, 10, 6, 3, 5700, 983697
1000000, 10, 6, 3, 5700, 983826
1000000, 10, 6, 3, 5700, 983686
1000000, 10, 6, 3, 5700, 983802
1000000, 10, 6, 3, 5700, 983689
1000000, 10, 6, 3, 5700, 983785
1000000, 10, 6, 3, 5700, 983624
1000000, 10, 6, 3, 5700, 983992
1000000, 10, 6, 3, 5700, 983320
1000000, 10, 6, 3, 5700, 983630
1000000, 10, 6, 3, 5700, 983589
1000000, 10, 6, 3, 5700, 983821
1000000, 10, 6, 3, 5700, 983718
1000000, 10, 6, 3, 5700, 983622
1000000, 10, 6, 3, 5700, 983793
1000000, 10, 6, 3, 5700, 983544
1000000, 10, 6, 3, 5700, 983717
1000000, 10, 6, 3, 5700, 983569
1000000, 10, 6, 3, 5700, 983599
1000000, 10, 6, 3, 5700, 983415
1000000, 10, 6, 3, 5700, 983802
1000000, 10, 6, 3, 5700, 983604
1000000, 10, 6, 3, 5700, 983429
1000000, 10, 6, 3, 5700, 983534
1000000, 10, 6, 3, 5700, 983841
1000000, 10, 6, 3, 5700, 983890
1000000, 10, 6, 3, 5700, 983933
1000000, 10, 6, 3, 5700, 983643
1000000, 10, 6, 3, 5700, 983600
1000000, 10, 6, 3, 5700, 983894
1000000, 10, 6, 3, 5700, 983727
1000000, 10, 6, 3, 5700, 983689
1000000, 10, 6, 3, 5700, 983786
1000000, 10, 6, 3, 5700, 983605
1000000, 10, 6, 3, 5700, 983752
1000000, 10, 6, 3, 5700, 983836
1000000, 10, 6, 3, 5700, 984093
1000000, 10, 6, 3, 5700, 983820
1000000, 10, 6, 3, 5700, 983843
1000000, 10, 6, 3, 5700, 983408
1000000, 10, 6, 3, 5700, 983836
1000000, 10, 6, 3, 5700, 983747
1000000, 10, 6, 3, 5700, 983599
1000000, 10, 6, 3, 5700, 983648
1000000, 10, 6, 3, 5700, 983618
1000000, 10, 6, 3, 5700, 983268
1000000, 10, 6, 3, 5700, 983511
1000000, 10, 6, 3, 5700, 983732
1000000, 10, 6, 3, 5800, 985197
1000000, 10, 6, 3, 5800, 985311
1000000, 10, 6, 3, 5800, 985352
1000000, 10, 6, 3, 5800, 985337
1000000, 10, 6, 3, 5800, 985258
1000000, 10, 6, 3, 5800, 985351
1000000, 10, 6, 3, 5800, 985412
1000000, 10, 6, 3, 5800, 985254
1000000, 10, 6, 3, 5800, 985416
1000000, 10, 6, 3, 5800, 985221
1000000, 10, 6, 3, 5800, 985237
1000000, 10, 6, 3, 5800, 985335
1000000, 10, 6, 3, 5800, 985540
1000000, 10, 6, 3, 5800, 985151
1000000, 10, 6, 3, 5800, 985259
1000000, 10, 6, 3, 5800, 985385
1000000, 10, 6, 3, 5800, 985361
1000000, 10, 6, 3, 5800, 985177
1000000, 10, 6, 3, 5800, 985272
1000000, 10, 6, 3, 5800, 985207
1000000, 10, 6, 3, 5800, 985272
1000000, 10, 6, 3, 5800, 985281
1000000, 10, 6, 3, 5800, 985192
1000000, 10, 6, 3, 5800, 985424
1000000, 10, 6, 3, 5800, 985545
1000000, 10, 6, 3, 5800, 985246
1000000, 10, 6, 3, 5800, 985300
1000000, 10, 6, 3, 5800, 985128
1000000, 10, 6, 3, 5800, 985396
1000000, 10, 6, 3, 5800, 985252
1000000, 10, 6, 3, 5800, 985272
1000000, 10, 6, 3, 5800, 985451
1000000, 10, 6, 3, 5800, 985085
1000000, 10, 6, 3, 5800, 985378
1000000, 10, 6, 3, 5800, 985079
1000000, 10, 6, 3, 5800, 985261
1000000, 10, 6, 3, 5800, 985093
1000000, 10, 6, 3, 5800, 985198
1000000, 10, 6, 3, 5800, 985383
1000000, 10, 6, 3, 5800, 985148
1000000, 10, 6, 3, 5800, 985618
1000000, 10, 6, 3, 5800, 985481
1000000, 10, 6, 3, 5800, 985527
1000000, 10, 6, 3, 5800, 985259
1000000, 10, 6, 3, 5800, 985266
1000000, 10, 6, 3, 5800, 985317
1000000, 10, 6, 3, 5800, 985361
1000000, 10, 6, 3, 5800, 985378
1000000, 10, 6, 3, 5800, 985224
1000000, 10, 6, 3, 5800, 985276
1000000, 10, 6, 3, 5900, 986766
1000000, 10, 6, 3, 5900, 986813
1000000, 10, 6, 3, 5900, 986762
1000000, 10, 6, 3, 5900, 987231
1000000, 10, 6, 3, 5900, 986802
1000000, 10, 6, 3, 5900, 986783
1000000, 10, 6, 3, 5900, 986886
1000000, 10, 6, 3, 5900, 986812
1000000, 10, 6, 3, 5900, 986892
1000000, 10, 6, 3, 5900, 986949
1000000, 10, 6, 3, 5900, 987028
1000000, 10, 6, 3, 5900, 986914
1000000, 10, 6, 3, 5900, 986801
1000000, 10, 6, 3, 5900, 986867
1000000, 10, 6, 3, 5900, 986844
1000000, 10, 6, 3, 5900, 986992
1000000, 10, 6, 3, 5900, 986901
1000000, 10, 6, 3, 5900, 986949
1000000, 10, 6, 3, 5900, 986817
1000000, 10, 6, 3, 5900, 986917
1000000, 10, 6, 3, 5900, 986722
1000000, 10, 6, 3, 5900, 986957
1000000, 10, 6, 3, 5900, 986901
1000000, 10, 6, 3, 5900, 986998
1000000, 10, 6, 3, 5900, 986709
1000000, 10, 6, 3, 5900, 987016
1000000, 10, 6, 3, 5900, 986735
1000000, 10, 6, 3, 5900, 987037
1000000, 10, 6, 3, 5900, 987078
1000000, 10, 6, 3, 5900, 986985
1000000, 10, 6, 3, 5900, 987012
1000000, 10, 6, 3, 5900, 986687
1000000, 10, 6, 3, 5900, 986788
1000000, 10, 6, 3, 5900, 986688
1000000, 10, 6, 3, 5900, 986718
1000000, 10, 6, 3, 5900, 986878
1000000, 10, 6, 3, 5900, 986982
1000000, 10, 6, 3, 5900, 986808
1000000, 10, 6, 3, 5900, 986731
1000000, 10, 6, 3, 5900, 986877
1000000, 10, 6, 3, 5900, 986870
1000000, 10, 6, 3, 5900, 986673
1000000, 10, 6, 3, 5900, 987048
1000000, 10, 6, 3, 5900, 987056
1000000, 10, 6, 3, 5900, 986848
1000000, 10, 6, 3, 5900, 986947
1000000, 10, 6, 3, 5900, 987033
1000000, 10, 6, 3, 5900, 987002
1000000, 10, 6, 3, 5900, 986691
1000000, 10, 6, 3, 5900, 986974
1000000, 10, 6, 3, 6000, 988453
1000000, 10, 6, 3, 6000, 988331
1000000, 10, 6, 3, 6000, 988100
1000000, 10, 6, 3, 6000, 988225
1000000, 10, 6, 3, 6000, 988214
1000000, 10, 6, 3, 6000, 988364
1000000, 10, 6, 3, 6000, 988393
1000000, 10, 6, 3, 6000, 988435
1000000, 10, 6, 3, 6000, 988453
1000000, 10, 6, 3, 6000, 988319
1000000, 10, 6, 3, 6000, 988363
1000000, 10, 6, 3, 6000, 988281
1000000, 10, 6, 3, 6000, 988337
1000000, 10, 6, 3, 6000, 988205
1000000, 10, 6, 3, 6000, 988176
1000000, 10, 6, 3, 6000, 988524
1000000, 10, 6, 3, 6000, 988019
1000000, 10, 6, 3, 6000, 988246
1000000, 10, 6, 3, 6000, 988351
1000000, 10, 6, 3, 6000, 988141
1000000, 10, 6, 3, 6000, 988152
1000000, 10, 6, 3, 6000, 988096
1000000, 10, 6, 3, 6000, 988441
1000000, 10, 6, 3, 6000, 988158
1000000, 10, 6, 3, 6000, 988294
1000000, 10, 6, 3, 6000, 988401
1000000, 10, 6, 3, 6000, 988395
1000000, 10, 6, 3, 6000, 988170
1000000, 10, 6, 3, 6000, 988392
1000000, 10, 6, 3, 6000, 988247
1000000, 10, 6, 3, 6000, 988061
1000000, 10, 6, 3, 6000, 988389
1000000, 10, 6, 3, 6000, 988147
1000000, 10, 6, 3, 6000, 988317
1000000, 10, 6, 3, 6000, 988117
1000000, 10, 6, 3, 6000, 988316
1000000, 10, 6, 3, 6000, 988275
1000000, 10, 6, 3, 6000, 988160
1000000, 10, 6, 3, 6000, 988316
1000000, 10, 6, 3, 6000, 988360
1000000, 10, 6, 3, 6000, 988305
1000000, 10, 6, 3, 6000, 988386
1000000, 10, 6, 3, 6000, 988225
1000000, 10, 6, 3, 6000, 988204
1000000, 10, 6, 3, 6000, 988065
1000000, 10, 6, 3, 6000, 988180
1000000, 10, 6, 3, 6000, 988333
1000000, 10, 6, 3, 6000, 988346
1000000, 10, 6, 3, 6000, 988064
1000000, 10, 6, 3, 6000, 988255
1000000, 10, 6, 3, 6100, 989729
1000000, 10, 6, 3, 6100, 989735
1000000, 10, 6, 3, 6100, 989499
1000000, 10, 6, 3, 6100, 989587
1000000, 10, 6, 3, 6100, 989531
1000000, 10, 6, 3, 6100, 989580
1000000, 10, 6, 3, 6100, 989623
1000000, 10, 6, 3, 6100, 989617
1000000, 10, 6, 3, 6100, 989431
1000000, 10, 6, 3, 6100, 989563
1000000, 10, 6, 3, 6100, 989370
1000000, 10, 6, 3, 6100, 989338
1000000, 10, 6, 3, 6100, 989716
1000000, 10, 6, 3, 6100, 989444
1000000, 10, 6, 3, 6100, 989502
1000000, 10, 6, 3, 6100, 989589
1000000, 10, 6, 3, 6100, 989465
1000000, 10, 6, 3, 6100, 989491
1000000, 10, 6, 3, 6100, 989582
1000000, 10, 6, 3, 6100, 989517
1000000, 10, 6, 3, 6100, 989767
1000000, 10, 6, 3, 6100, 989501
1000000, 10, 6, 3, 6100, 989475
1000000, 10, 6, 3, 6100, 989564
1000000, 10, 6, 3, 6100, 989505
1000000, 10, 6, 3, 6100, 989435
1000000, 10, 6, 3, 6100, 989368
1000000, 10, 6, 3, 6100, 989501
1000000, 10, 6, 3, 6100, 989384
1000000, 10, 6, 3, 6100, 989386
1000000, 10, 6, 3, 6100, 989551
1000000, 10, 6, 3, 6100, 989629
1000000, 10, 6, 3, 6100, 989596
1000000, 10, 6, 3, 6100, 989642
1000000, 10, 6, 3, 6100, 989362
1000000, 10, 6, 3, 6100, 989399
1000000, 10, 6, 3, 6100, 989405
1000000, 10, 6, 3, 6100, 989506
1000000, 10, 6, 3, 6100, 989422
1000000, 10, 6, 3, 6100, 989566
1000000, 10, 6, 3, 6100, 989642
1000000, 10, 6, 3, 6100, 989600
1000000, 10, 6, 3, 6100, 989536
1000000, 10, 6, 3, 6100, 989412
1000000, 10, 6, 3, 6100, 989519
1000000, 10, 6, 3, 6100, 989326
1000000, 10, 6, 3, 6100, 989410
1000000, 10, 6, 3, 6100, 989571
1000000, 10, 6, 3, 6100, 989545
1000000, 10, 6, 3, 6100, 989547
1000000, 10, 6, 3, 6200, 990668
1000000, 10, 6, 3, 6200, 990734
1000000, 10, 6, 3, 6200, 990519
1000000, 10, 6, 3, 6200, 990697
1000000, 10, 6, 3, 6200, 990610
1000000, 10, 6, 3, 6200, 990839
1000000, 10, 6, 3, 6200, 990825
1000000, 10, 6, 3, 6200, 990798
1000000, 10, 6, 3, 6200, 990831
1000000, 10, 6, 3, 6200, 990835
1000000, 10, 6, 3, 6200, 990670
1000000, 10, 6, 3, 6200, 990743
1000000, 10, 6, 3, 6200, 990715
1000000, 10, 6, 3, 6200, 990488
1000000, 10, 6, 3, 6200, 990661
1000000, 10, 6, 3, 6200, 990649
1000000, 10, 6, 3, 6200, 990518
1000000, 10, 6, 3, 6200, 990662
1000000, 10, 6, 3, 6200, 990509
1000000, 10, 6, 3, 6200, 990784
1000000, 10, 6, 3, 6200, 990797
1000000, 10, 6, 3, 6200, 990631
1000000, 10, 6, 3, 6200, 990790
1000000, 10, 6, 3, 6200, 990669
1000000, 10, 6, 3, 6200, 990714
1000000, 10, 6, 3, 6200, 990495
1000000, 10, 6, 3, 6200, 990618
1000000, 10, 6, 3, 6200, 990770
1000000, 10, 6, 3, 6200, 990600
1000000, 10, 6, 3, 6200, 990696
1000000, 10, 6, 3, 6200, 990404
1000000, 10, 6, 3, 6200, 990706
1000000, 10, 6, 3, 6200, 990739
1000000, 10, 6, 3, 6200, 990612
1000000, 10, 6, 3, 6200, 990525
1000000, 10, 6, 3, 6200, 990736
1000000, 10, 6, 3, 6200, 990732
1000000, 10, 6, 3, 6200, 990627
1000000, 10, 6, 3, 6200, 990766
1000000, 10, 6, 3, 6200, 990636
1000000, 10, 6, 3, 6200, 990751
1000000, 10, 6, 3, 6200, 990584
1000000, 10, 6, 3, 6200, 990607
1000000, 10, 6, 3, 6200, 990746
1000000, 10, 6, 3, 6200, 990514
1000000, 10, 6, 3, 6200, 990553
1000000, 10, 6, 3, 6200, 990657
1000000, 10, 6, 3, 6200, 990874
1000000, 10, 6, 3, 6200, 990675
1000000, 10, 6, 3, 6200, 990604
1000000, 10, 6, 3, 6300, 991752
1000000, 10, 6, 3, 6300, 991684
1000000, 10, 6, 3, 6300, 991866
1000000, 10, 6, 3, 6300, 991578
1000000, 10, 6, 3, 6300, 991753
1000000, 10, 6, 3, 6300, 991863
1000000, 10, 6, 3, 6300, 991661
1000000, 10, 6, 3, 6300, 991788
1000000, 10, 6, 3, 6300, 991799
1000000, 10, 6, 3, 6300, 991693
1000000, 10, 6, 3, 6300, 991602
1000000, 10, 6, 3, 6300, 991713
1000000, 10, 6, 3, 6300, 991824
1000000, 10, 6, 3, 6300, 991670
1000000, 10, 6, 3, 6300, 991848
1000000, 10, 6, 3, 6300, 991605
1000000, 10, 6, 3, 6300, 991784
1000000, 10, 6, 3, 6300, 991731
1000000, 10, 6, 3, 6300, 991749
1000000, 10, 6, 3, 6300, 991648
1000000, 10, 6, 3, 6300, 991516
1000000, 10, 6, 3, 6300, 991771
1000000, 10, 6, 3, 6300, 991927
1000000, 10, 6, 3, 6300, 991481
1000000, 10, 6, 3, 6300, 991540
1000000, 10, 6, 3, 6300, 991718
1000000, 10, 6, 3, 6300, 991769
1000000, 10, 6, 3, 6300, 991715
1000000, 10, 6, 3, 6300, 991827
1000000, 10, 6, 3, 6300, 991696
1000000, 10, 6, 3, 6300, 991765
1000000, 10, 6, 3, 6300, 991637
1000000, 10, 6, 3, 6300, 991700
1000000, 10, 6, 3, 6300, 991850
1000000, 10, 6, 3, 6300, 991604
1000000, 10, 6, 3, 6300, 991666
1000000, 10, 6, 3, 6300, 991561
1000000, 10, 6, 3, 6300, 991684
1000000, 10, 6, 3, 6300, 991630
1000000, 10, 6, 3, 6300, 991672
1000000, 10, 6, 3, 6300, 991728
1000000, 10, 6, 3, 6300, 991605
1000000, 10, 6, 3, 6300, 991654
1000000, 10, 6, 3, 6300, 991690
1000000, 10, 6, 3, 6300, 991757
1000000, 10, 6, 3, 6300, 991807
1000000, 10, 6, 3, 6300, 991681
1000000, 10, 6, 3, 6300, 991647
1000000, 10, 6, 3, 6300, 991812
1000000, 10, 6, 3, 6300, 991687
1000000, 10, 6, 3, 6400, 992561
1000000, 10, 6, 3, 6400, 992634
1000000, 10, 6, 3, 6400, 992683
1000000, 10, 6, 3, 6400, 992638
1000000, 10, 6, 3, 6400, 992600
1000000, 10, 6, 3, 6400, 992714
1000000, 10, 6, 3, 6400, 992675
1000000, 10, 6, 3, 6400, 992602
1000000, 10, 6, 3, 6400, 992549
1000000, 10, 6, 3, 6400, 992590
1000000, 10, 6, 3, 6400, 992632
1000000, 10, 6, 3, 6400, 992630
1000000, 10, 6, 3, 6400, 992628
1000000, 10, 6, 3, 6400, 992701
1000000, 10, 6, 3, 6400, 992661
1000000, 10, 6, 3, 6400, 992738
1000000, 10, 6, 3, 6400, 992690
1000000, 10, 6, 3, 6400, 992563
1000000, 10, 6, 3, 6400, 992763
1000000, 10, 6, 3, 6400, 992560
1000000, 10, 6, 3, 6400, 992627
1000000, 10, 6, 3, 6400, 992449
1000000, 10, 6, 3, 6400, 992718
1000000, 10, 6, 3, 6400, 992523
1000000, 10, 6, 3, 6400, 992630
1000000, 10, 6, 3, 6400, 992506
1000000, 10, 6, 3, 6400, 992549
1000000, 10, 6, 3, 6400, 992511
1000000, 10, 6, 3, 6400, 992534
1000000, 10, 6, 3, 6400, 992544
1000000, 10, 6, 3, 6400, 992551
1000000, 10, 6, 3, 6400, 992570
1000000, 10, 6, 3, 6400, 992649
1000000, 10, 6, 3, 6400, 992555
1000000, 10, 6, 3, 6400, 992744
1000000, 10, 6, 3, 6400, 992666
1000000, 10, 6, 3, 6400, 992552
1000000, 10, 6, 3, 6400, 992491
1000000, 10, 6, 3, 6400, 992445
1000000, 10, 6, 3, 6400, 992654
1000000, 10, 6, 3, 6400, 992514
1000000, 10, 6, 3, 6400, 992517
1000000, 10, 6, 3, 6400, 992518
1000000, 10, 6, 3, 6400, 992704
1000000, 10, 6, 3, 6400, 992723
1000000, 10, 6, 3, 6400, 992637
1000000, 10, 6, 3, 6400, 992503
1000000, 10, 6, 3, 6400, 992472
1000000, 10, 6, 3, 6400, 992549
1000000, 10, 6, 3, 6400, 992694
1000000, 10, 6, 3, 6500, 993483
1000000, 10, 6, 3, 6500, 993492
1000000, 10, 6, 3, 6500, 993374
1000000, 10, 6, 3, 6500, 993460
1000000, 10, 6, 3, 6500, 993569
1000000, 10, 6, 3, 6500, 993364
1000000, 10, 6, 3, 6500, 993425
1000000, 10, 6, 3, 6500, 993628
1000000, 10, 6, 3, 6500, 993401
1000000, 10, 6, 3, 6500, 993423
1000000, 10, 6, 3, 6500, 993502
1000000, 10, 6, 3, 6500, 993495
1000000, 10, 6, 3, 6500, 993440
1000000, 10, 6, 3, 6500, 993547
1000000, 10, 6, 3, 6500, 993512
1000000, 10, 6, 3, 6500, 993280
1000000, 10, 6, 3, 6500, 993502
1000000, 10, 6, 3, 6500, 993373
1000000, 10, 6, 3, 6500, 993358
1000000, 10, 6, 3, 6500, 993396
1000000, 10, 6, 3, 6500, 993439
1000000, 10, 6, 3, 6500, 993516
1000000, 10, 6, 3, 6500, 993525
1000000, 10, 6, 3, 6500, 993435
1000000, 10, 6, 3, 6500, 993432
1000000, 10, 6, 3, 6500, 993368
1000000, 10, 6, 3, 6500, 993388
1000000, 10, 6, 3, 6500, 993545
1000000, 10, 6, 3, 6500, 993375
1000000, 10, 6, 3, 6500, 993426
1000000, 10, 6, 3, 6500, 993553
1000000, 10, 6, 3, 6500, 993388
1000000, 10, 6, 3, 6500, 993552
1000000, 10, 6, 3, 6500, 993425
1000000, 10, 6, 3, 6500, 993483
1000000, 10, 6, 3, 6500, 993553
1000000, 10, 6, 3, 6500, 993466
1000000, 10, 6, 3, 6500, 993563
1000000, 10, 6, 3, 6500, 993480
1000000, 10, 6, 3, 6500, 993323
1000000, 10, 6, 3, 6500, 993303
1000000, 10, 6, 3, 6500, 993407
1000000, 10, 6, 3, 6500, 993351
1000000, 10, 6, 3, 6500, 993285
1000000, 10, 6, 3, 6500, 993397
1000000, 10, 6, 3, 6500, 993399
1000000, 10, 6, 3, 6500, 993445
1000000, 10, 6, 3, 6500, 993508
1000000, 10, 6, 3, 6500, 993421
1000000, 10, 6, 3, 6500, 993394