NumNodes,GroupSize,AvgDeg,NumSeeds,InfRate,NumInfected
1000000, 10, 5, 1, 0, 1
1000000, 10, 5, 1, 0, 1
1000000, 10, 5, 1, 0, 1
1000000, 10, 5, 1, 0, 1
1000000, 10, 5, 1, 0, 1
1000000, 10, 5, 1, 0, 1
1000000, 10, 5, 1, 0, 1
1000000, 10, 5, 1, 0, 1
1000000, 10, 5, 1, 0, 1
1000000, 10, 5, 1, 0, 1
1000000, 10, 5, 1, 0, 1
1000000, 10, 5, 1, 0, 1
1000000, 10, 5, 1, 0, 1
1000000, 10, 5, 1, 0, 1
1000000, 10, 5, 1, 0, 1
1000000, 10, 5, 1, 0, 1
1000000, 10, 5, 1, 0, 1
1000000, 10, 5, 1, 0, 1
1000000, 10, 5, 1, 0, 1
1000000, 10, 5, 1, 0, 1
1000000, 10, 5, 1, 0, 1
1000000, 10, 5, 1, 0, 1
1000000, 10, 5, 1, 0, 1
1000000, 10, 5, 1, 0, 1
1000000, 10, 5, 1, 0, 1
1000000, 10, 5, 1, 0, 1
1000000, 10, 5, 1, 0, 1
1000000, 10, 5, 1, 0, 1
1000000, 10, 5, 1, 0, 1
1000000, 10, 5, 1, 0, 1
1000000, 10, 5, 1, 0, 1
1000000, 10, 5, 1, 0, 1
1000000, 10, 5, 1, 0, 1
1000000, 10, 5, 1, 0, 1
1000000, 10, 5, 1, 0, 1
1000000, 10, 5, 1, 0, 1
1000000, 10, 5, 1, 0, 1
1000000, 10, 5, 1, 0, 1
1000000, 10, 5, 1, 0, 1
1000000, 10, 5, 1, 0, 1
1000000, 10, 5, 1, 0, 1
1000000, 10, 5, 1, 0, 1
1000000, 10, 5, 1, 0, 1
1000000, 10, 5, 1, 0, 1
1000000, 10, 5, 1, 0, 1
1000000, 10, 5, 1, 0, 1
1000000, 10, 5, 1, 0, 1
1000000, 10, 5, 1, 0, 1
1000000, 10, 5, 1, 0, 1
1000000, 10, 5, 1, 0, 1
1000000, 10, 5, 1, 100, 1
1000000, 10, 5, 1, 100, 1
1000000, 10, 5, 1, 100, 1
1000000, 10, 5, 1, 100, 1
1000000, 10, 5, 1, 100, 1
1000000, 10, 5, 1, 100, 2
1000000, 10, 5, 1, 100, 1
1000000, 10, 5, 1, 100, 1
1000000, 10, 5, 1, 100, 1
1000000, 10, 5, 1, 100, 1
1000000, 10, 5, 1, 100, 1
1000000, 10, 5, 1, 100, 1
1000000, 10, 5, 1, 100, 1
1000000, 10, 5, 1, 100, 1
1000000, 10, 5, 1, 100, 1
1000000, 10, 5, 1, 100, 1
1000000, 10, 5, 1, 100, 1
1000000, 10, 5, 1, 100, 1
1000000, 10, 5, 1, 100, 3
1000000, 10, 5, 1, 100, 2
1000000, 10, 5, 1, 100, 1
1000000, 10, 5, 1, 100, 1
1000000, 10, 5, 1, 100, 1
1000000, 10, 5, 1, 100, 3
1000000, 10, 5, 1, 100, 1
1000000, 10, 5, 1, 100, 1
1000000, 10, 5, 1, 100, 1
1000000, 10, 5, 1, 100, 1
1000000, 10, 5, 1, 100, 1
1000000, 10, 5, 1, 100, 6
1000000, 10, 5, 1, 100, 1
1000000, 10, 5, 1, 100, 5
1000000, 10, 5, 1, 100, 1
1000000, 10, 5, 1, 100, 1
1000000, 10, 5, 1, 100, 1
1000000, 10, 5, 1, 100, 1
1000000, 10, 5, 1, 100, 1
1000000, 10, 5, 1, 100, 1
1000000, 10, 5, 1, 100, 1
1000000, 10, 5, 1, 100, 1
1000000, 10, 5, 1, 100, 1
1000000, 10, 5, 1, 100, 1
1000000, 10, 5, 1, 100, 7
1000000, 10, 5, 1, 100, 1
1000000, 10, 5, 1, 100, 1
1000000, 10, 5, 1, 100, 1
1000000, 10, 5, 1, 100, 1
1000000, 10, 5, 1, 100, 1
1000000, 10, 5, 1, 100, 1
1000000, 10, 5, 1, 100, 1
1000000, 10, 5, 1, 200, 23
1000000, 10, 5, 1, 200, 2
1000000, 10, 5, 1, 200, 19
1000000, 10, 5, 1, 200, 1
1000000, 10, 5, 1, 200, 3
1000000, 10, 5, 1, 200, 1
1000000, 10, 5, 1, 200, 1
1000000, 10, 5, 1, 200, 1
1000000, 10, 5, 1, 200, 3
1000000, 10, 5, 1, 200, 4
1000000, 10, 5, 1, 200, 1
1000000, 10, 5, 1, 200, 1
1000000, 10, 5, 1, 200, 1
1000000, 10, 5, 1, 200, 1
1000000, 10, 5, 1, 200, 2
1000000, 10, 5, 1, 200, 1
1000000, 10, 5, 1, 200, 2
1000000, 10, 5, 1, 200, 1
1000000, 10, 5, 1, 200, 1
1000000, 10, 5, 1, 200, 2
1000000, 10, 5, 1, 200, 1
1000000, 10, 5, 1, 200, 3
1000000, 10, 5, 1, 200, 1
1000000, 10, 5, 1, 200, 1
1000000, 10, 5, 1, 200, 1
1000000, 10, 5, 1, 200, 1
1000000, 10, 5, 1, 200, 1
1000000, 10, 5, 1, 200, 1
1000000, 10, 5, 1, 200, 1
1000000, 10, 5, 1, 200, 1
1000000, 10, 5, 1, 200, 1
1000000, 10, 5, 1, 200, 1
1000000, 10, 5, 1, 200, 1
1000000, 10, 5, 1, 200, 1
1000000, 10, 5, 1, 200, 4
1000000, 10, 5, 1, 200, 2
1000000, 10, 5, 1, 200, 12
1000000, 10, 5, 1, 200, 3
1000000, 10, 5, 1, 200, 1
1000000, 10, 5, 1, 200, 1
1000000, 10, 5, 1, 200, 1
1000000, 10, 5, 1, 200, 1
1000000, 10, 5, 1, 200, 1
1000000, 10, 5, 1, 200, 1
1000000, 10, 5, 1, 200, 2
1000000, 10, 5, 1, 200, 1
1000000, 10, 5, 1, 200, 1
1000000, 10, 5, 1, 200, 1
1000000, 10, 5, 1, 200, 4
1000000, 10, 5, 1, 200, 1
1000000, 10, 5, 1, 300, 1
1000000, 10, 5, 1, 300, 1
1000000, 10, 5, 1, 300, 71542
1000000, 10, 5, 1, 300, 65500
1000000, 10, 5, 1, 300, 32
1000000, 10, 5, 1, 300, 2
1000000, 10, 5, 1, 300, 1
1000000, 10, 5, 1, 300, 75339
1000000, 10, 5, 1, 300, 43
1000000, 10, 5, 1, 300, 7
1000000, 10, 5, 1, 300, 3
1000000, 10, 5, 1, 300, 1
1000000, 10, 5, 1, 300, 1
1000000, 10, 5, 1, 300, 2
1000000, 10, 5, 1, 300, 1
1000000, 10, 5, 1, 300, 1
1000000, 10, 5, 1, 300, 70
1000000, 10, 5, 1, 300, 6
1000000, 10, 5, 1, 300, 1
1000000, 10, 5, 1, 300, 1
1000000, 10, 5, 1, 300, 1
1000000, 10, 5, 1, 300, 1
1000000, 10, 5, 1, 300, 1
1000000, 10, 5, 1, 300, 74839
1000000, 10, 5, 1, 300, 4
1000000, 10, 5, 1, 300, 1
1000000, 10, 5, 1, 300, 1
1000000, 10, 5, 1, 300, 1
1000000, 10, 5, 1, 300, 1
1000000, 10, 5, 1, 300, 2
1000000, 10, 5, 1, 300, 1
1000000, 10, 5, 1, 300, 1
1000000, 10, 5, 1, 300, 1
1000000, 10, 5, 1, 300, 1
1000000, 10, 5, 1, 300, 1
1000000, 10, 5, 1, 300, 1
1000000, 10, 5, 1, 300, 1
1000000, 10, 5, 1, 300, 1
1000000, 10, 5, 1, 300, 1
1000000, 10, 5, 1, 300, 1
1000000, 10, 5, 1, 300, 70550
1000000, 10, 5, 1, 300, 67498
1000000, 10, 5, 1, 300, 6
1000000, 10, 5, 1, 300, 1
1000000, 10, 5, 1, 300, 1
1000000, 10, 5, 1, 300, 1
1000000, 10, 5, 1, 300, 5
1000000, 10, 5, 1, 300, 1
1000000, 10, 5, 1, 300, 1
1000000, 10, 5, 1, 300, 1
1000000, 10, 5, 1, 400, 1
1000000, 10, 5, 1, 400, 244090
1000000, 10, 5, 1, 400, 2
1000000, 10, 5, 1, 400, 245377
1000000, 10, 5, 1, 400, 245523
1000000, 10, 5, 1, 400, 1
1000000, 10, 5, 1, 400, 245157
1000000, 10, 5, 1, 400, 1
1000000, 10, 5, 1, 400, 1
1000000, 10, 5, 1, 400, 245203
1000000, 10, 5, 1, 400, 3
1000000, 10, 5, 1, 400, 2
1000000, 10, 5, 1, 400, 1
1000000, 10, 5, 1, 400, 1
1000000, 10, 5, 1, 400, 1
1000000, 10, 5, 1, 400, 6
1000000, 10, 5, 1, 400, 244810
1000000, 10, 5, 1, 400, 1
1000000, 10, 5, 1, 400, 2
1000000, 10, 5, 1, 400, 1
1000000, 10, 5, 1, 400, 1
1000000, 10, 5, 1, 400, 1
1000000, 10, 5, 1, 400, 1
1000000, 10, 5, 1, 400, 1
1000000, 10, 5, 1, 400, 1
1000000, 10, 5, 1, 400, 246594
1000000, 10, 5, 1, 400, 244857
1000000, 10, 5, 1, 400, 244061
1000000, 10, 5, 1, 400, 245671
1000000, 10, 5, 1, 400, 1
1000000, 10, 5, 1, 400, 1
1000000, 10, 5, 1, 400, 243674
1000000, 10, 5, 1, 400, 1
1000000, 10, 5, 1, 400, 245233
1000000, 10, 5, 1, 400, 245361
1000000, 10, 5, 1, 400, 1
1000000, 10, 5, 1, 400, 1
1000000, 10, 5, 1, 400, 1
1000000, 10, 5, 1, 400, 244921
1000000, 10, 5, 1, 400, 1
1000000, 10, 5, 1, 400, 3
1000000, 10, 5, 1, 400, 1
1000000, 10, 5, 1, 400, 1
1000000, 10, 5, 1, 400, 1
1000000, 10, 5, 1, 400, 244845
1000000, 10, 5, 1, 400, 1
1000000, 10, 5, 1, 400, 1
1000000, 10, 5, 1, 400, 1
1000000, 10, 5, 1, 400, 41
1000000, 10, 5, 1, 400, 1
1000000, 10, 5, 1, 500, 1
1000000, 10, 5, 1, 500, 1
1000000, 10, 5, 1, 500, 1
1000000, 10, 5, 1, 500, 8
1000000, 10, 5, 1, 500, 340246
1000000, 10, 5, 1, 500, 340635
1000000, 10, 5, 1, 500, 1
1000000, 10, 5, 1, 500, 1
1000000, 10, 5, 1, 500, 1
1000000, 10, 5, 1, 500, 341613
1000000, 10, 5, 1, 500, 340893
1000000, 10, 5, 1, 500, 1
1000000, 10, 5, 1, 500, 1
1000000, 10, 5, 1, 500, 1
1000000, 10, 5, 1, 500, 1
1000000, 10, 5, 1, 500, 340711
1000000, 10, 5, 1, 500, 1
1000000, 10, 5, 1, 500, 1
1000000, 10, 5, 1, 500, 1
1000000, 10, 5, 1, 500, 341085
1000000, 10, 5, 1, 500, 1
1000000, 10, 5, 1, 500, 1
1000000, 10, 5, 1, 500, 1
1000000, 10, 5, 1, 500, 1
1000000, 10, 5, 1, 500, 342743
1000000, 10, 5, 1, 500, 341898
1000000, 10, 5, 1, 500, 1
1000000, 10, 5, 1, 500, 1
1000000, 10, 5, 1, 500, 1
1000000, 10, 5, 1, 500, 340001
1000000, 10, 5, 1, 500, 1
1000000, 10, 5, 1, 500, 339840
1000000, 10, 5, 1, 500, 2
1000000, 10, 5, 1, 500, 1
1000000, 10, 5, 1, 500, 2
1000000, 10, 5, 1, 500, 1
1000000, 10, 5, 1, 500, 1
1000000, 10, 5, 1, 500, 3
1000000, 10, 5, 1, 500, 10
1000000, 10, 5, 1, 500, 1
1000000, 10, 5, 1, 500, 340182
1000000, 10, 5, 1, 500, 1
1000000, 10, 5, 1, 500, 341054
1000000, 10, 5, 1, 500, 1
1000000, 10, 5, 1, 500, 340371
1000000, 10, 5, 1, 500, 1
1000000, 10, 5, 1, 500, 341585
1000000, 10, 5, 1, 500, 341921
1000000, 10, 5, 1, 500, 1
1000000, 10, 5, 1, 500, 340570
1000000, 10, 5, 1, 600, 399750
1000000, 10, 5, 1, 600, 399984
1000000, 10, 5, 1, 600, 6
1000000, 10, 5, 1, 600, 1
1000000, 10, 5, 1, 600, 400053
1000000, 10, 5, 1, 600, 399921
1000000, 10, 5, 1, 600, 1
1000000, 10, 5, 1, 600, 1
1000000, 10, 5, 1, 600, 399051
1000000, 10, 5, 1, 600, 400660
1000000, 10, 5, 1, 600, 1
1000000, 10, 5, 1, 600, 400775
1000000, 10, 5, 1, 600, 1
1000000, 10, 5, 1, 600, 399981
1000000, 10, 5, 1, 600, 1
1000000, 10, 5, 1, 600, 400198
1000000, 10, 5, 1, 600, 1
1000000, 10, 5, 1, 600, 399757
1000000, 10, 5, 1, 600, 1
1000000, 10, 5, 1, 600, 1
1000000, 10, 5, 1, 600, 1
1000000, 10, 5, 1, 600, 1
1000000, 10, 5, 1, 600, 1
1000000, 10, 5, 1, 600, 400594
1000000, 10, 5, 1, 600, 1
1000000, 10, 5, 1, 600, 1
1000000, 10, 5, 1, 600, 399635
1000000, 10, 5, 1, 600, 398962
1000000, 10, 5, 1, 600, 1
1000000, 10, 5, 1, 600, 1
1000000, 10, 5, 1, 600, 400228
1000000, 10, 5, 1, 600, 400649
1000000, 10, 5, 1, 600, 400705
1000000, 10, 5, 1, 600, 400335
1000000, 10, 5, 1, 600, 401051
1000000, 10, 5, 1, 600, 401033
1000000, 10, 5, 1, 600, 399654
1000000, 10, 5, 1, 600, 400602
1000000, 10, 5, 1, 600, 1
1000000, 10, 5, 1, 600, 400241
1000000, 10, 5, 1, 600, 400469
1000000, 10, 5, 1, 600, 1
1000000, 10, 5, 1, 600, 1
1000000, 10, 5, 1, 600, 1
1000000, 10, 5, 1, 600, 399639
1000000, 10, 5, 1, 600, 1
1000000, 10, 5, 1, 600, 1
1000000, 10, 5, 1, 600, 400629
1000000, 10, 5, 1, 600, 1
1000000, 10, 5, 1, 600, 1
1000000, 10, 5, 1, 700, 1
1000000, 10, 5, 1, 700, 438311
1000000, 10, 5, 1, 700, 438905
1000000, 10, 5, 1, 700, 438381
1000000, 10, 5, 1, 700, 1
1000000, 10, 5, 1, 700, 438605
1000000, 10, 5, 1, 700, 1
1000000, 10, 5, 1, 700, 1
1000000, 10, 5, 1, 700, 438176
1000000, 10, 5, 1, 700, 437830
1000000, 10, 5, 1, 700, 438778
1000000, 10, 5, 1, 700, 1
1000000, 10, 5, 1, 700, 438973
1000000, 10, 5, 1, 700, 438156
1000000, 10, 5, 1, 700, 1
1000000, 10, 5, 1, 700, 1
1000000, 10, 5, 1, 700, 1
1000000, 10, 5, 1, 700, 437832
1000000, 10, 5, 1, 700, 438804
1000000, 10, 5, 1, 700, 1
1000000, 10, 5, 1, 700, 437941
1000000, 10, 5, 1, 700, 1
1000000, 10, 5, 1, 700, 438495
1000000, 10, 5, 1, 700, 438035
1000000, 10, 5, 1, 700, 1
1000000, 10, 5, 1, 700, 438430
1000000, 10, 5, 1, 700, 2
1000000, 10, 5, 1, 700, 438498
1000000, 10, 5, 1, 700, 1
1000000, 10, 5, 1, 700, 438261
1000000, 10, 5, 1, 700, 1
1000000, 10, 5, 1, 700, 437475
1000000, 10, 5, 1, 700, 1
1000000, 10, 5, 1, 700, 437461
1000000, 10, 5, 1, 700, 1
1000000, 10, 5, 1, 700, 1
1000000, 10, 5, 1, 700, 437475
1000000, 10, 5, 1, 700, 1
1000000, 10, 5, 1, 700, 437753
1000000, 10, 5, 1, 700, 1
1000000, 10, 5, 1, 700, 438381
1000000, 10, 5, 1, 700, 437895
1000000, 10, 5, 1, 700, 437874
1000000, 10, 5, 1, 700, 438903
1000000, 10, 5, 1, 700, 2
1000000, 10, 5, 1, 700, 438504
1000000, 10, 5, 1, 700, 1
1000000, 10, 5, 1, 700, 1
1000000, 10, 5, 1, 700, 438467
1000000, 10, 5, 1, 700, 438100
1000000, 10, 5, 1, 800, 1
1000000, 10, 5, 1, 800, 1
1000000, 10, 5, 1, 800, 463626
1000000, 10, 5, 1, 800, 464021
1000000, 10, 5, 1, 800, 464270
1000000, 10, 5, 1, 800, 1
1000000, 10, 5, 1, 800, 463607
1000000, 10, 5, 1, 800, 1
1000000, 10, 5, 1, 800, 1
1000000, 10, 5, 1, 800, 463934
1000000, 10, 5, 1, 800, 463281
1000000, 10, 5, 1, 800, 1
1000000, 10, 5, 1, 800, 1
1000000, 10, 5, 1, 800, 1
1000000, 10, 5, 1, 800, 463801
1000000, 10, 5, 1, 800, 463452
1000000, 10, 5, 1, 800, 1
1000000, 10, 5, 1, 800, 1
1000000, 10, 5, 1, 800, 463814
1000000, 10, 5, 1, 800, 1
1000000, 10, 5, 1, 800, 1
1000000, 10, 5, 1, 800, 463968
1000000, 10, 5, 1, 800, 463894
1000000, 10, 5, 1, 800, 464070
1000000, 10, 5, 1, 800, 1
1000000, 10, 5, 1, 800, 463525
1000000, 10, 5, 1, 800, 463148
1000000, 10, 5, 1, 800, 464129
1000000, 10, 5, 1, 800, 1
1000000, 10, 5, 1, 800, 463965
1000000, 10, 5, 1, 800, 463193
1000000, 10, 5, 1, 800, 1
1000000, 10, 5, 1, 800, 1
1000000, 10, 5, 1, 800, 463412
1000000, 10, 5, 1, 800, 1
1000000, 10, 5, 1, 800, 463178
1000000, 10, 5, 1, 800, 463800
1000000, 10, 5, 1, 800, 6
1000000, 10, 5, 1, 800, 1
1000000, 10, 5, 1, 800, 1
1000000, 10, 5, 1, 800, 463262
1000000, 10, 5, 1, 800, 1
1000000, 10, 5, 1, 800, 463312
1000000, 10, 5, 1, 800, 463799
1000000, 10, 5, 1, 800, 464178
1000000, 10, 5, 1, 800, 1
1000000, 10, 5, 1, 800, 464017
1000000, 10, 5, 1, 800, 1
1000000, 10, 5, 1, 800, 464077
1000000, 10, 5, 1, 800, 1
1000000, 10, 5, 1, 900, 481895
1000000, 10, 5, 1, 900, 1
1000000, 10, 5, 1, 900, 1
1000000, 10, 5, 1, 900, 1
1000000, 10, 5, 1, 900, 1
1000000, 10, 5, 1, 900, 481309
1000000, 10, 5, 1, 900, 481600
1000000, 10, 5, 1, 900, 1
1000000, 10, 5, 1, 900, 1
1000000, 10, 5, 1, 900, 481052
1000000, 10, 5, 1, 900, 481581
1000000, 10, 5, 1, 900, 1
1000000, 10, 5, 1, 900, 480936
1000000, 10, 5, 1, 900, 481453
1000000, 10, 5, 1, 900, 481254
1000000, 10, 5, 1, 900, 1
1000000, 10, 5, 1, 900, 1
1000000, 10, 5, 1, 900, 480699
1000000, 10, 5, 1, 900, 480961
1000000, 10, 5, 1, 900, 1
1000000, 10, 5, 1, 900, 481302
1000000, 10, 5, 1, 900, 481671
1000000, 10, 5, 1, 900, 1
1000000, 10, 5, 1, 900, 1
1000000, 10, 5, 1, 900, 1
1000000, 10, 5, 1, 900, 1
1000000, 10, 5, 1, 900, 481534
1000000, 10, 5, 1, 900, 1
1000000, 10, 5, 1, 900, 1
1000000, 10, 5, 1, 900, 481305
1000000, 10, 5, 1, 900, 1
1000000, 10, 5, 1, 900, 1
1000000, 10, 5, 1, 900, 1
1000000, 10, 5, 1, 900, 1
1000000, 10, 5, 1, 900, 1
1000000, 10, 5, 1, 900, 481648
1000000, 10, 5, 1, 900, 1
1000000, 10, 5, 1, 900, 1
1000000, 10, 5, 1, 900, 481471
1000000, 10, 5, 1, 900, 1
1000000, 10, 5, 1, 900, 1
1000000, 10, 5, 1, 900, 1
1000000, 10, 5, 1, 900, 481713
1000000, 10, 5, 1, 900, 481141
1000000, 10, 5, 1, 900, 1
1000000, 10, 5, 1, 900, 481657
1000000, 10, 5, 1, 900, 481684
1000000, 10, 5, 1, 900, 1
1000000, 10, 5, 1, 900, 481359
1000000, 10, 5, 1, 900, 481153
1000000, 10, 5, 1, 1000, 1
1000000, 10, 5, 1, 1000, 1
1000000, 10, 5, 1, 1000, 1
1000000, 10, 5, 1, 1000, 1
1000000, 10, 5, 1, 1000, 493721
1000000, 10, 5, 1, 1000, 494129
1000000, 10, 5, 1, 1000, 494254
1000000, 10, 5, 1, 1000, 494052
1000000, 10, 5, 1, 1000, 1
1000000, 10, 5, 1, 1000, 1
1000000, 10, 5, 1, 1000, 1
1000000, 10, 5, 1, 1000, 1
1000000, 10, 5, 1, 1000, 1
1000000, 10, 5, 1, 1000, 493740
1000000, 10, 5, 1, 1000, 493891
1000000, 10, 5, 1, 1000, 494100
1000000, 10, 5, 1, 1000, 493831
1000000, 10, 5, 1, 1000, 493720
1000000, 10, 5, 1, 1000, 493535
1000000, 10, 5, 1, 1000, 493869
1000000, 10, 5, 1, 1000, 1
1000000, 10, 5, 1, 1000, 493795
1000000, 10, 5, 1, 1000, 1
1000000, 10, 5, 1, 1000, 493758
1000000, 10, 5, 1, 1000, 493791
1000000, 10, 5, 1, 1000, 1
1000000, 10, 5, 1, 1000, 493832
1000000, 10, 5, 1, 1000, 1
1000000, 10, 5, 1, 1000, 1
1000000, 10, 5, 1, 1000, 493727
1000000, 10, 5, 1, 1000, 1
1000000, 10, 5, 1, 1000, 1
1000000, 10, 5, 1, 1000, 493867
1000000, 10, 5, 1, 1000, 493958
1000000, 10, 5, 1, 1000, 1
1000000, 10, 5, 1, 1000, 1
1000000, 10, 5, 1, 1000, 493973
1000000, 10, 5, 1, 1000, 1
1000000, 10, 5, 1, 1000, 493618
1000000, 10, 5, 1, 1000, 494121
1000000, 10, 5, 1, 1000, 493680
1000000, 10, 5, 1, 1000, 493680
1000000, 10, 5, 1, 1000, 493835
1000000, 10, 5, 1, 1000, 493562
1000000, 10, 5, 1, 1000, 1
1000000, 10, 5, 1, 1000, 494070
1000000, 10, 5, 1, 1000, 493924
1000000, 10, 5, 1, 1000, 1
1000000, 10, 5, 1, 1000, 1
1000000, 10, 5, 1, 1000, 493884
1000000, 10, 5, 1, 1100, 1
1000000, 10, 5, 1, 1100, 502921
1000000, 10, 5, 1, 1100, 502667
1000000, 10, 5, 1, 1100, 1
1000000, 10, 5, 1, 1100, 502760
1000000, 10, 5, 1, 1100, 502878
1000000, 10, 5, 1, 1100, 502783
1000000, 10, 5, 1, 1100, 502610
1000000, 10, 5, 1, 1100, 1
1000000, 10, 5, 1, 1100, 1
1000000, 10, 5, 1, 1100, 503019
1000000, 10, 5, 1, 1100, 502885
1000000, 10, 5, 1, 1100, 502570
1000000, 10, 5, 1, 1100, 1
1000000, 10, 5, 1, 1100, 1
1000000, 10, 5, 1, 1100, 502832
1000000, 10, 5, 1, 1100, 502710
1000000, 10, 5, 1, 1100, 1
1000000, 10, 5, 1, 1100, 1
1000000, 10, 5, 1, 1100, 1
1000000, 10, 5, 1, 1100, 1
1000000, 10, 5, 1, 1100, 503020
1000000, 10, 5, 1, 1100, 502841
1000000, 10, 5, 1, 1100, 1
1000000, 10, 5, 1, 1100, 1
1000000, 10, 5, 1, 1100, 1
1000000, 10, 5, 1, 1100, 503169
1000000, 10, 5, 1, 1100, 1
1000000, 10, 5, 1, 1100, 1
1000000, 10, 5, 1, 1100, 1
1000000, 10, 5, 1, 1100, 502514
1000000, 10, 5, 1, 1100, 1
1000000, 10, 5, 1, 1100, 502566
1000000, 10, 5, 1, 1100, 502871
1000000, 10, 5, 1, 1100, 503123
1000000, 10, 5, 1, 1100, 1
1000000, 10, 5, 1, 1100, 1
1000000, 10, 5, 1, 1100, 1
1000000, 10, 5, 1, 1100, 503039
1000000, 10, 5, 1, 1100, 1
1000000, 10, 5, 1, 1100, 1
1000000, 10, 5, 1, 1100, 1
1000000, 10, 5, 1, 1100, 502743
1000000, 10, 5, 1, 1100, 1
1000000, 10, 5, 1, 1100, 1
1000000, 10, 5, 1, 1100, 502670
1000000, 10, 5, 1, 1100, 1
1000000, 10, 5, 1, 1100, 502868
1000000, 10, 5, 1, 1100, 502729
1000000, 10, 5, 1, 1100, 502965
1000000, 10, 5, 1, 1200, 1
1000000, 10, 5, 1, 1200, 1
1000000, 10, 5, 1, 1200, 509351
1000000, 10, 5, 1, 1200, 509374
1000000, 10, 5, 1, 1200, 509559
1000000, 10, 5, 1, 1200, 1
1000000, 10, 5, 1, 1200, 509278
1000000, 10, 5, 1, 1200, 509084
1000000, 10, 5, 1, 1200, 509214
1000000, 10, 5, 1, 1200, 509282
1000000, 10, 5, 1, 1200, 1
1000000, 10, 5, 1, 1200, 509285
1000000, 10, 5, 1, 1200, 1
1000000, 10, 5, 1, 1200, 509141
1000000, 10, 5, 1, 1200, 1
1000000, 10, 5, 1, 1200, 1
1000000, 10, 5, 1, 1200, 2
1000000, 10, 5, 1, 1200, 509246
1000000, 10, 5, 1, 1200, 1
1000000, 10, 5, 1, 1200, 1
1000000, 10, 5, 1, 1200, 1
1000000, 10, 5, 1, 1200, 508985
1000000, 10, 5, 1, 1200, 509352
1000000, 10, 5, 1, 1200, 509440
1000000, 10, 5, 1, 1200, 1
1000000, 10, 5, 1, 1200, 1
1000000, 10, 5, 1, 1200, 1
1000000, 10, 5, 1, 1200, 1
1000000, 10, 5, 1, 1200, 509309
1000000, 10, 5, 1, 1200, 509527
1000000, 10, 5, 1, 1200, 1
1000000, 10, 5, 1, 1200, 1
1000000, 10, 5, 1, 1200, 509512
1000000, 10, 5, 1, 1200, 509020
1000000, 10, 5, 1, 1200, 1
1000000, 10, 5, 1, 1200, 1
1000000, 10, 5, 1, 1200, 509188
1000000, 10, 5, 1, 1200, 1
1000000, 10, 5, 1, 1200, 509142
1000000, 10, 5, 1, 1200, 1
1000000, 10, 5, 1, 1200, 509242
1000000, 10, 5, 1, 1200, 1
1000000, 10, 5, 1, 1200, 509392
1000000, 10, 5, 1, 1200, 509097
1000000, 10, 5, 1, 1200, 509231
1000000, 10, 5, 1, 1200, 509230
1000000, 10, 5, 1, 1200, 509471
1000000, 10, 5, 1, 1200, 508908
1000000, 10, 5, 1, 1200, 509118
1000000, 10, 5, 1, 1200, 509288
1000000, 10, 5, 1, 1300, 514025
1000000, 10, 5, 1, 1300, 513920
1000000, 10, 5, 1, 1300, 514040
1000000, 10, 5, 1, 1300, 1
1000000, 10, 5, 1, 1300, 514394
1000000, 10, 5, 1, 1300, 514155
1000000, 10, 5, 1, 1300, 1
1000000, 10, 5, 1, 1300, 1
1000000, 10, 5, 1, 1300, 1
1000000, 10, 5, 1, 1300, 514492
1000000, 10, 5, 1, 1300, 1
1000000, 10, 5, 1, 1300, 1
1000000, 10, 5, 1, 1300, 513922
1000000, 10, 5, 1, 1300, 513777
1000000, 10, 5, 1, 1300, 1
1000000, 10, 5, 1, 1300, 513865
1000000, 10, 5, 1, 1300, 514019
1000000, 10, 5, 1, 1300, 513923
1000000, 10, 5, 1, 1300, 513986
1000000, 10, 5, 1, 1300, 1
1000000, 10, 5, 1, 1300, 1
1000000, 10, 5, 1, 1300, 1
1000000, 10, 5, 1, 1300, 514000
1000000, 10, 5, 1, 1300, 513861
1000000, 10, 5, 1, 1300, 1
1000000, 10, 5, 1, 1300, 514102
1000000, 10, 5, 1, 1300, 513967
1000000, 10, 5, 1, 1300, 1
1000000, 10, 5, 1, 1300, 513866
1000000, 10, 5, 1, 1300, 513854
1000000, 10, 5, 1, 1300, 513818
1000000, 10, 5, 1, 1300, 1
1000000, 10, 5, 1, 1300, 513726
1000000, 10, 5, 1, 1300, 514016
1000000, 10, 5, 1, 1300, 514304
1000000, 10, 5, 1, 1300, 514175
1000000, 10, 5, 1, 1300, 514000
1000000, 10, 5, 1, 1300, 1
1000000, 10, 5, 1, 1300, 1
1000000, 10, 5, 1, 1300, 513977
1000000, 10, 5, 1, 1300, 1
1000000, 10, 5, 1, 1300, 1
1000000, 10, 5, 1, 1300, 513778
1000000, 10, 5, 1, 1300, 513834
1000000, 10, 5, 1, 1300, 514142
1000000, 10, 5, 1, 1300, 1
1000000, 10, 5, 1, 1300, 1
1000000, 10, 5, 1, 1300, 513764
1000000, 10, 5, 1, 1300, 1
1000000, 10, 5, 1, 1300, 513889
1000000, 10, 5, 1, 1400, 517381
1000000, 10, 5, 1, 1400, 1
1000000, 10, 5, 1, 1400, 517527
1000000, 10, 5, 1, 1400, 1
1000000, 10, 5, 1, 1400, 517372
1000000, 10, 5, 1, 1400, 1
1000000, 10, 5, 1, 1400, 517542
1000000, 10, 5, 1, 1400, 517392
1000000, 10, 5, 1, 1400, 517666
1000000, 10, 5, 1, 1400, 517587
1000000, 10, 5, 1, 1400, 517376
1000000, 10, 5, 1, 1400, 1
1000000, 10, 5, 1, 1400, 1
1000000, 10, 5, 1, 1400, 1
1000000, 10, 5, 1, 1400, 1
1000000, 10, 5, 1, 1400, 1
1000000, 10, 5, 1, 1400, 517499
1000000, 10, 5, 1, 1400, 517555
1000000, 10, 5, 1, 1400, 1
1000000, 10, 5, 1, 1400, 1
1000000, 10, 5, 1, 1400, 517396
1000000, 10, 5, 1, 1400, 1
1000000, 10, 5, 1, 1400, 517545
1000000, 10, 5, 1, 1400, 517404
1000000, 10, 5, 1, 1400, 517570
1000000, 10, 5, 1, 1400, 1
1000000, 10, 5, 1, 1400, 517435
1000000, 10, 5, 1, 1400, 1
1000000, 10, 5, 1, 1400, 517363
1000000, 10, 5, 1, 1400, 517709
1000000, 10, 5, 1, 1400, 1
1000000, 10, 5, 1, 1400, 517471
1000000, 10, 5, 1, 1400, 517521
1000000, 10, 5, 1, 1400, 1
1000000, 10, 5, 1, 1400, 1
1000000, 10, 5, 1, 1400, 1
1000000, 10, 5, 1, 1400, 517519
1000000, 10, 5, 1, 1400, 517611
1000000, 10, 5, 1, 1400, 1
1000000, 10, 5, 1, 1400, 1
1000000, 10, 5, 1, 1400, 517509
1000000, 10, 5, 1, 1400, 517199
1000000, 10, 5, 1, 1400, 1
1000000, 10, 5, 1, 1400, 517401
1000000, 10, 5, 1, 1400, 517289
1000000, 10, 5, 1, 1400, 1
1000000, 10, 5, 1, 1400, 517560
1000000, 10, 5, 1, 1400, 1
1000000, 10, 5, 1, 1400, 517475
1000000, 10, 5, 1, 1400, 517478
1000000, 10, 5, 1, 1500, 1
1000000, 10, 5, 1, 1500, 1
1000000, 10, 5, 1, 1500, 519996
1000000, 10, 5, 1, 1500, 1
1000000, 10, 5, 1, 1500, 520100
1000000, 10, 5, 1, 1500, 519894
1000000, 10, 5, 1, 1500, 520030
1000000, 10, 5, 1, 1500, 519940
1000000, 10, 5, 1, 1500, 520111
1000000, 10, 5, 1, 1500, 520056
1000000, 10, 5, 1, 1500, 1
1000000, 10, 5, 1, 1500, 1
1000000, 10, 5, 1, 1500, 519918
1000000, 10, 5, 1, 1500, 1
1000000, 10, 5, 1, 1500, 520110
1000000, 10, 5, 1, 1500, 520152
1000000, 10, 5, 1, 1500, 519967
1000000, 10, 5, 1, 1500, 520049
1000000, 10, 5, 1, 1500, 1
1000000, 10, 5, 1, 1500, 1
1000000, 10, 5, 1, 1500, 520132
1000000, 10, 5, 1, 1500, 520115
1000000, 10, 5, 1, 1500, 1
1000000, 10, 5, 1, 1500, 520267
1000000, 10, 5, 1, 1500, 520227
1000000, 10, 5, 1, 1500, 520068
1000000, 10, 5, 1, 1500, 519987
1000000, 10, 5, 1, 1500, 1
1000000, 10, 5, 1, 1500, 519824
1000000, 10, 5, 1, 1500, 1
1000000, 10, 5, 1, 1500, 520240
1000000, 10, 5, 1, 1500, 519997
1000000, 10, 5, 1, 1500, 520242
1000000, 10, 5, 1, 1500, 1
1000000, 10, 5, 1, 1500, 520049
1000000, 10, 5, 1, 1500, 1
1000000, 10, 5, 1, 1500, 520117
1000000, 10, 5, 1, 1500, 1
1000000, 10, 5, 1, 1500, 520036
1000000, 10, 5, 1, 1500, 520049
1000000, 10, 5, 1, 1500, 1
1000000, 10, 5, 1, 1500, 1
1000000, 10, 5, 1, 1500, 520138
1000000, 10, 5, 1, 1500, 1
1000000, 10, 5, 1, 1500, 1
1000000, 10, 5, 1, 1500, 1
1000000, 10, 5, 1, 1500, 1
1000000, 10, 5, 1, 1500, 1
1000000, 10, 5, 1, 1500, 520103
1000000, 10, 5, 1, 1500, 1
1000000, 10, 5, 1, 1600, 521881
1000000, 10, 5, 1, 1600, 1
1000000, 10, 5, 1, 1600, 1
1000000, 10, 5, 1, 1600, 522019
1000000, 10, 5, 1, 1600, 522264
1000000, 10, 5, 1, 1600, 1
1000000, 10, 5, 1, 1600, 1
1000000, 10, 5, 1, 1600, 1
1000000, 10, 5, 1, 1600, 1
1000000, 10, 5, 1, 1600, 522033
1000000, 10, 5, 1, 1600, 1
1000000, 10, 5, 1, 1600, 1
1000000, 10, 5, 1, 1600, 1
1000000, 10, 5, 1, 1600, 522156
1000000, 10, 5, 1, 1600, 1
1000000, 10, 5, 1, 1600, 522093
1000000, 10, 5, 1, 1600, 522100
1000000, 10, 5, 1, 1600, 1
1000000, 10, 5, 1, 1600, 1
1000000, 10, 5, 1, 1600, 1
1000000, 10, 5, 1, 1600, 522126
1000000, 10, 5, 1, 1600, 521999
1000000, 10, 5, 1, 1600, 522061
1000000, 10, 5, 1, 1600, 521973
1000000, 10, 5, 1, 1600, 522042
1000000, 10, 5, 1, 1600, 1
1000000, 10, 5, 1, 1600, 522220
1000000, 10, 5, 1, 1600, 522085
1000000, 10, 5, 1, 1600, 522032
1000000, 10, 5, 1, 1600, 1
1000000, 10, 5, 1, 1600, 522043
1000000, 10, 5, 1, 1600, 522132
1000000, 10, 5, 1, 1600, 1
1000000, 10, 5, 1, 1600, 522148
1000000, 10, 5, 1, 1600, 522110
1000000, 10, 5, 1, 1600, 1
1000000, 10, 5, 1, 1600, 1
1000000, 10, 5, 1, 1600, 1
1000000, 10, 5, 1, 1600, 1
1000000, 10, 5, 1, 1600, 1
1000000, 10, 5, 1, 1600, 1
1000000, 10, 5, 1, 1600, 1
1000000, 10, 5, 1, 1600, 522073
1000000, 10, 5, 1, 1600, 522012
1000000, 10, 5, 1, 1600, 521992
1000000, 10, 5, 1, 1600, 1
1000000, 10, 5, 1, 1600, 522107
1000000, 10, 5, 1, 1600, 1
1000000, 10, 5, 1, 1600, 521870
1000000, 10, 5, 1, 1600, 522104
1000000, 10, 5, 1, 1700, 523648
1000000, 10, 5, 1, 1700, 523553
1000000, 10, 5, 1, 1700, 1
1000000, 10, 5, 1, 1700, 523453
1000000, 10, 5, 1, 1700, 523544
1000000, 10, 5, 1, 1700, 523504
1000000, 10, 5, 1, 1700, 1
1000000, 10, 5, 1, 1700, 523501
1000000, 10, 5, 1, 1700, 523599
1000000, 10, 5, 1, 1700, 1
1000000, 10, 5, 1, 1700, 523429
1000000, 10, 5, 1, 1700, 523640
1000000, 10, 5, 1, 1700, 523486
1000000, 10, 5, 1, 1700, 523350
1000000, 10, 5, 1, 1700, 523354
1000000, 10, 5, 1, 1700, 523605
1000000, 10, 5, 1, 1700, 1
1000000, 10, 5, 1, 1700, 523510
1000000, 10, 5, 1, 1700, 523567
1000000, 10, 5, 1, 1700, 1
1000000, 10, 5, 1, 1700, 523507
1000000, 10, 5, 1, 1700, 523503
1000000, 10, 5, 1, 1700, 523556
1000000, 10, 5, 1, 1700, 523470
1000000, 10, 5, 1, 1700, 523383
1000000, 10, 5, 1, 1700, 523513
1000000, 10, 5, 1, 1700, 523634
1000000, 10, 5, 1, 1700, 523703
1000000, 10, 5, 1, 1700, 523644
1000000, 10, 5, 1, 1700, 523515
1000000, 10, 5, 1, 1700, 1
1000000, 10, 5, 1, 1700, 1
1000000, 10, 5, 1, 1700, 1
1000000, 10, 5, 1, 1700, 523477
1000000, 10, 5, 1, 1700, 1
1000000, 10, 5, 1, 1700, 523541
1000000, 10, 5, 1, 1700, 523451
1000000, 10, 5, 1, 1700, 523505
1000000, 10, 5, 1, 1700, 1
1000000, 10, 5, 1, 1700, 1
1000000, 10, 5, 1, 1700, 1
1000000, 10, 5, 1, 1700, 523570
1000000, 10, 5, 1, 1700, 523490
1000000, 10, 5, 1, 1700, 523594
1000000, 10, 5, 1, 1700, 1
1000000, 10, 5, 1, 1700, 523485
1000000, 10, 5, 1, 1700, 523513
1000000, 10, 5, 1, 1700, 523526
1000000, 10, 5, 1, 1700, 1
1000000, 10, 5, 1, 1700, 1
1000000, 10, 5, 1, 1800, 524644
1000000, 10, 5, 1, 1800, 524635
1000000, 10, 5, 1, 1800, 524643
1000000, 10, 5, 1, 1800, 1
1000000, 10, 5, 1, 1800, 1
1000000, 10, 5, 1, 1800, 524704
1000000, 10, 5, 1, 1800, 524568
1000000, 10, 5, 1, 1800, 1
1000000, 10, 5, 1, 1800, 1
1000000, 10, 5, 1, 1800, 1
1000000, 10, 5, 1, 1800, 524540
1000000, 10, 5, 1, 1800, 1
1000000, 10, 5, 1, 1800, 524605
1000000, 10, 5, 1, 1800, 1
1000000, 10, 5, 1, 1800, 1
1000000, 10, 5, 1, 1800, 524601
1000000, 10, 5, 1, 1800, 524715
1000000, 10, 5, 1, 1800, 524585
1000000, 10, 5, 1, 1800, 1
1000000, 10, 5, 1, 1800, 1
1000000, 10, 5, 1, 1800, 1
1000000, 10, 5, 1, 1800, 524701
1000000, 10, 5, 1, 1800, 1
1000000, 10, 5, 1, 1800, 1
1000000, 10, 5, 1, 1800, 1
1000000, 10, 5, 1, 1800, 524806
1000000, 10, 5, 1, 1800, 524683
1000000, 10, 5, 1, 1800, 1
1000000, 10, 5, 1, 1800, 524698
1000000, 10, 5, 1, 1800, 1
1000000, 10, 5, 1, 1800, 1
1000000, 10, 5, 1, 1800, 524749
1000000, 10, 5, 1, 1800, 1
1000000, 10, 5, 1, 1800, 524566
1000000, 10, 5, 1, 1800, 1
1000000, 10, 5, 1, 1800, 1
1000000, 10, 5, 1, 1800, 1
1000000, 10, 5, 1, 1800, 524652
1000000, 10, 5, 1, 1800, 1
1000000, 10, 5, 1, 1800, 1
1000000, 10, 5, 1, 1800, 524627
1000000, 10, 5, 1, 1800, 524691
1000000, 10, 5, 1, 1800, 524673
1000000, 10, 5, 1, 1800, 524672
1000000, 10, 5, 1, 1800, 1
1000000, 10, 5, 1, 1800, 1
1000000, 10, 5, 1, 1800, 1
1000000, 10, 5, 1, 1800, 1
1000000, 10, 5, 1, 1800, 524610
1000000, 10, 5, 1, 1800, 524639
1000000, 10, 5, 1, 1900, 1
1000000, 10, 5, 1, 1900, 1
1000000, 10, 5, 1, 1900, 1
1000000, 10, 5, 1, 1900, 1
1000000, 10, 5, 1, 1900, 1
1000000, 10, 5, 1, 1900, 525530
1000000, 10, 5, 1, 1900, 525586
1000000, 10, 5, 1, 1900, 1
1000000, 10, 5, 1, 1900, 1
1000000, 10, 5, 1, 1900, 525633
1000000, 10, 5, 1, 1900, 1
1000000, 10, 5, 1, 1900, 1
1000000, 10, 5, 1, 1900, 525509
1000000, 10, 5, 1, 1900, 1
1000000, 10, 5, 1, 1900, 1
1000000, 10, 5, 1, 1900, 1
1000000, 10, 5, 1, 1900, 525484
1000000, 10, 5, 1, 1900, 1
1000000, 10, 5, 1, 1900, 525472
1000000, 10, 5, 1, 1900, 1
1000000, 10, 5, 1, 1900, 525588
1000000, 10, 5, 1, 1900, 1
1000000, 10, 5, 1, 1900, 525589
1000000, 10, 5, 1, 1900, 525469
1000000, 10, 5, 1, 1900, 1
1000000, 10, 5, 1, 1900, 525568
1000000, 10, 5, 1, 1900, 525458
1000000, 10, 5, 1, 1900, 1
1000000, 10, 5, 1, 1900, 525489
1000000, 10, 5, 1, 1900, 1
1000000, 10, 5, 1, 1900, 525565
1000000, 10, 5, 1, 1900, 1
1000000, 10, 5, 1, 1900, 1
1000000, 10, 5, 1, 1900, 1
1000000, 10, 5, 1, 1900, 525527
1000000, 10, 5, 1, 1900, 1
1000000, 10, 5, 1, 1900, 1
1000000, 10, 5, 1, 1900, 525579
1000000, 10, 5, 1, 1900, 1
1000000, 10, 5, 1, 1900, 525562
1000000, 10, 5, 1, 1900, 1
1000000, 10, 5, 1, 1900, 1
1000000, 10, 5, 1, 1900, 1
1000000, 10, 5, 1, 1900, 525509
1000000, 10, 5, 1, 1900, 525607
1000000, 10, 5, 1, 1900, 525540
1000000, 10, 5, 1, 1900, 1
1000000, 10, 5, 1, 1900, 1
1000000, 10, 5, 1, 1900, 1
1000000, 10, 5, 1, 1900, 525594
1000000, 10, 5, 1, 2000, 526217
1000000, 10, 5, 1, 2000, 1
1000000, 10, 5, 1, 2000, 526210
1000000, 10, 5, 1, 2000, 1
1000000, 10, 5, 1, 2000, 526221
1000000, 10, 5, 1, 2000, 1
1000000, 10, 5, 1, 2000, 526124
1000000, 10, 5, 1, 2000, 1
1000000, 10, 5, 1, 2000, 526106
1000000, 10, 5, 1, 2000, 1
1000000, 10, 5, 1, 2000, 526207
1000000, 10, 5, 1, 2000, 526081
1000000, 10, 5, 1, 2000, 526197
1000000, 10, 5, 1, 2000, 526161
1000000, 10, 5, 1, 2000, 526247
1000000, 10, 5, 1, 2000, 526302
1000000, 10, 5, 1, 2000, 1
1000000, 10, 5, 1, 2000, 1
1000000, 10, 5, 1, 2000, 526175
1000000, 10, 5, 1, 2000, 1
1000000, 10, 5, 1, 2000, 526174
1000000, 10, 5, 1, 2000, 1
1000000, 10, 5, 1, 2000, 526156
1000000, 10, 5, 1, 2000, 526197
1000000, 10, 5, 1, 2000, 1
1000000, 10, 5, 1, 2000, 526246
1000000, 10, 5, 1, 2000, 526185
1000000, 10, 5, 1, 2000, 526286
1000000, 10, 5, 1, 2000, 1
1000000, 10, 5, 1, 2000, 526082
1000000, 10, 5, 1, 2000, 526207
1000000, 10, 5, 1, 2000, 526120
1000000, 10, 5, 1, 2000, 526243
1000000, 10, 5, 1, 2000, 1
1000000, 10, 5, 1, 2000, 526278
1000000, 10, 5, 1, 2000, 1
1000000, 10, 5, 1, 2000, 1
1000000, 10, 5, 1, 2000, 526206
1000000, 10, 5, 1, 2000, 526198
1000000, 10, 5, 1, 2000, 1
1000000, 10, 5, 1, 2000, 1
1000000, 10, 5, 1, 2000, 1
1000000, 10, 5, 1, 2000, 1
1000000, 10, 5, 1, 2000, 1
1000000, 10, 5, 1, 2000, 1
1000000, 10, 5, 1, 2000, 526133
1000000, 10, 5, 1, 2000, 1
1000000, 10, 5, 1, 2000, 1
1000000, 10, 5, 1, 2000, 526130
1000000, 10, 5, 1, 2000, 1
1000000, 10, 5, 1, 2100, 526807
1000000, 10, 5, 1, 2100, 526655
1000000, 10, 5, 1, 2100, 526639
1000000, 10, 5, 1, 2100, 526679
1000000, 10, 5, 1, 2100, 1
1000000, 10, 5, 1, 2100, 1
1000000, 10, 5, 1, 2100, 1
1000000, 10, 5, 1, 2100, 526703
1000000, 10, 5, 1, 2100, 526691
1000000, 10, 5, 1, 2100, 526795
1000000, 10, 5, 1, 2100, 526661
1000000, 10, 5, 1, 2100, 1
1000000, 10, 5, 1, 2100, 1
1000000, 10, 5, 1, 2100, 1
1000000, 10, 5, 1, 2100, 526646
1000000, 10, 5, 1, 2100, 526715
1000000, 10, 5, 1, 2100, 1
1000000, 10, 5, 1, 2100, 1
1000000, 10, 5, 1, 2100, 1
1000000, 10, 5, 1, 2100, 1
1000000, 10, 5, 1, 2100, 1
1000000, 10, 5, 1, 2100, 526615
1000000, 10, 5, 1, 2100, 1
1000000, 10, 5, 1, 2100, 526687
1000000, 10, 5, 1, 2100, 1
1000000, 10, 5, 1, 2100, 1
1000000, 10, 5, 1, 2100, 526714
1000000, 10, 5, 1, 2100, 1
1000000, 10, 5, 1, 2100, 526732
1000000, 10, 5, 1, 2100, 1
1000000, 10, 5, 1, 2100, 1
1000000, 10, 5, 1, 2100, 1
1000000, 10, 5, 1, 2100, 526703
1000000, 10, 5, 1, 2100, 526642
1000000, 10, 5, 1, 2100, 1
1000000, 10, 5, 1, 2100, 1
1000000, 10, 5, 1, 2100, 526689
1000000, 10, 5, 1, 2100, 526711
1000000, 10, 5, 1, 2100, 1
1000000, 10, 5, 1, 2100, 526591
1000000, 10, 5, 1, 2100, 526524
1000000, 10, 5, 1, 2100, 1
1000000, 10, 5, 1, 2100, 1
1000000, 10, 5, 1, 2100, 1
1000000, 10, 5, 1, 2100, 1
1000000, 10, 5, 1, 2100, 1
1000000, 10, 5, 1, 2100, 526685
1000000, 10, 5, 1, 2100, 526602
1000000, 10, 5, 1, 2100, 1
1000000, 10, 5, 1, 2100, 526758
1000000, 10, 5, 1, 2200, 527105
1000000, 10, 5, 1, 2200, 527141
1000000, 10, 5, 1, 2200, 1
1000000, 10, 5, 1, 2200, 1
1000000, 10, 5, 1, 2200, 1
1000000, 10, 5, 1, 2200, 527061
1000000, 10, 5, 1, 2200, 527074
1000000, 10, 5, 1, 2200, 526983
1000000, 10, 5, 1, 2200, 527043
1000000, 10, 5, 1, 2200, 527108
1000000, 10, 5, 1, 2200, 527075
1000000, 10, 5, 1, 2200, 527150
1000000, 10, 5, 1, 2200, 527072
1000000, 10, 5, 1, 2200, 527067
1000000, 10, 5, 1, 2200, 1
1000000, 10, 5, 1, 2200, 527082
1000000, 10, 5, 1, 2200, 1
1000000, 10, 5, 1, 2200, 1
1000000, 10, 5, 1, 2200, 1
1000000, 10, 5, 1, 2200, 527033
1000000, 10, 5, 1, 2200, 1
1000000, 10, 5, 1, 2200, 1
1000000, 10, 5, 1, 2200, 527037
1000000, 10, 5, 1, 2200, 527159
1000000, 10, 5, 1, 2200, 1
1000000, 10, 5, 1, 2200, 1
1000000, 10, 5, 1, 2200, 527047
1000000, 10, 5, 1, 2200, 527079
1000000, 10, 5, 1, 2200, 527009
1000000, 10, 5, 1, 2200, 1
1000000, 10, 5, 1, 2200, 527043
1000000, 10, 5, 1, 2200, 1
1000000, 10, 5, 1, 2200, 527141
1000000, 10, 5, 1, 2200, 527068
1000000, 10, 5, 1, 2200, 1
1000000, 10, 5, 1, 2200, 1
1000000, 10, 5, 1, 2200, 527098
1000000, 10, 5, 1, 2200, 1
1000000, 10, 5, 1, 2200, 1
1000000, 10, 5, 1, 2200, 527163
1000000, 10, 5, 1, 2200, 1
1000000, 10, 5, 1, 2200, 527042
1000000, 10, 5, 1, 2200, 527060
1000000, 10, 5, 1, 2200, 1
1000000, 10, 5, 1, 2200, 527114
1000000, 10, 5, 1, 2200, 527106
1000000, 10, 5, 1, 2200, 1
1000000, 10, 5, 1, 2200, 527058
1000000, 10, 5, 1, 2200, 1
1000000, 10, 5, 1, 2200, 1
1000000, 10, 5, 1, 2300, 1
1000000, 10, 5, 1, 2300, 527454
1000000, 10, 5, 1, 2300, 527316
1000000, 10, 5, 1, 2300, 1
1000000, 10, 5, 1, 2300, 527405
1000000, 10, 5, 1, 2300, 527411
1000000, 10, 5, 1, 2300, 1
1000000, 10, 5, 1, 2300, 1
1000000, 10, 5, 1, 2300, 527346
1000000, 10, 5, 1, 2300, 1
1000000, 10, 5, 1, 2300, 527368
1000000, 10, 5, 1, 2300, 527361
1000000, 10, 5, 1, 2300, 1
1000000, 10, 5, 1, 2300, 1
1000000, 10, 5, 1, 2300, 527444
1000000, 10, 5, 1, 2300, 527361
1000000, 10, 5, 1, 2300, 1
1000000, 10, 5, 1, 2300, 1
1000000, 10, 5, 1, 2300, 1
1000000, 10, 5, 1, 2300, 1
1000000, 10, 5, 1, 2300, 1
1000000, 10, 5, 1, 2300, 1
1000000, 10, 5, 1, 2300, 1
1000000, 10, 5, 1, 2300, 527333
1000000, 10, 5, 1, 2300, 1
1000000, 10, 5, 1, 2300, 1
1000000, 10, 5, 1, 2300, 527369
1000000, 10, 5, 1, 2300, 1
1000000, 10, 5, 1, 2300, 527410
1000000, 10, 5, 1, 2300, 527410
1000000, 10, 5, 1, 2300, 527400
1000000, 10, 5, 1, 2300, 1
1000000, 10, 5, 1, 2300, 1
1000000, 10, 5, 1, 2300, 527356
1000000, 10, 5, 1, 2300, 527446
1000000, 10, 5, 1, 2300, 1
1000000, 10, 5, 1, 2300, 527311
1000000, 10, 5, 1, 2300, 1
1000000, 10, 5, 1, 2300, 527402
1000000, 10, 5, 1, 2300, 527389
1000000, 10, 5, 1, 2300, 527372
1000000, 10, 5, 1, 2300, 527368
1000000, 10, 5, 1, 2300, 527449
1000000, 10, 5, 1, 2300, 527387
1000000, 10, 5, 1, 2300, 527388
1000000, 10, 5, 1, 2300, 527349
1000000, 10, 5, 1, 2300, 1
1000000, 10, 5, 1, 2300, 527398
1000000, 10, 5, 1, 2300, 527428
1000000, 10, 5, 1, 2300, 1
1000000, 10, 5, 1, 2400, 527625
1000000, 10, 5, 1, 2400, 1
1000000, 10, 5, 1, 2400, 1
1000000, 10, 5, 1, 2400, 1
1000000, 10, 5, 1, 2400, 527602
1000000, 10, 5, 1, 2400, 1
1000000, 10, 5, 1, 2400, 527628
1000000, 10, 5, 1, 2400, 1
1000000, 10, 5, 1, 2400, 1
1000000, 10, 5, 1, 2400, 527659
1000000, 10, 5, 1, 2400, 1
1000000, 10, 5, 1, 2400, 527638
1000000, 10, 5, 1, 2400, 527571
1000000, 10, 5, 1, 2400, 1
1000000, 10, 5, 1, 2400, 527647
1000000, 10, 5, 1, 2400, 527620
1000000, 10, 5, 1, 2400, 527596
1000000, 10, 5, 1, 2400, 527648
1000000, 10, 5, 1, 2400, 1
1000000, 10, 5, 1, 2400, 527608
1000000, 10, 5, 1, 2400, 1
1000000, 10, 5, 1, 2400, 1
1000000, 10, 5, 1, 2400, 527619
1000000, 10, 5, 1, 2400, 527601
1000000, 10, 5, 1, 2400, 1
1000000, 10, 5, 1, 2400, 527595
1000000, 10, 5, 1, 2400, 527550
1000000, 10, 5, 1, 2400, 527619
1000000, 10, 5, 1, 2400, 527624
1000000, 10, 5, 1, 2400, 1
1000000, 10, 5, 1, 2400, 527659
1000000, 10, 5, 1, 2400, 1
1000000, 10, 5, 1, 2400, 527601
1000000, 10, 5, 1, 2400, 527626
1000000, 10, 5, 1, 2400, 1
1000000, 10, 5, 1, 2400, 1
1000000, 10, 5, 1, 2400, 527593
1000000, 10, 5, 1, 2400, 527600
1000000, 10, 5, 1, 2400, 527628
1000000, 10, 5, 1, 2400, 1
1000000, 10, 5, 1, 2400, 527612
1000000, 10, 5, 1, 2400, 1
1000000, 10, 5, 1, 2400, 1
1000000, 10, 5, 1, 2400, 527607
1000000, 10, 5, 1, 2400, 1
1000000, 10, 5, 1, 2400, 1
1000000, 10, 5, 1, 2400, 1
1000000, 10, 5, 1, 2400, 527651
1000000, 10, 5, 1, 2400, 527529
1000000, 10, 5, 1, 2400, 527640
1000000, 10, 5, 1, 2500, 1
1000000, 10, 5, 1, 2500, 527720
1000000, 10, 5, 1, 2500, 527837
1000000, 10, 5, 1, 2500, 1
1000000, 10, 5, 1, 2500, 1
1000000, 10, 5, 1, 2500, 1
1000000, 10, 5, 1, 2500, 1
1000000, 10, 5, 1, 2500, 1
1000000, 10, 5, 1, 2500, 527806
1000000, 10, 5, 1, 2500, 527815
1000000, 10, 5, 1, 2500, 527797
1000000, 10, 5, 1, 2500, 527820
1000000, 10, 5, 1, 2500, 1
1000000, 10, 5, 1, 2500, 527838
1000000, 10, 5, 1, 2500, 1
1000000, 10, 5, 1, 2500, 527851
1000000, 10, 5, 1, 2500, 1
1000000, 10, 5, 1, 2500, 527816
1000000, 10, 5, 1, 2500, 527790
1000000, 10, 5, 1, 2500, 1
1000000, 10, 5, 1, 2500, 1
1000000, 10, 5, 1, 2500, 527784
1000000, 10, 5, 1, 2500, 527836
1000000, 10, 5, 1, 2500, 1
1000000, 10, 5, 1, 2500, 1
1000000, 10, 5, 1, 2500, 527801
1000000, 10, 5, 1, 2500, 1
1000000, 10, 5, 1, 2500, 527818
1000000, 10, 5, 1, 2500, 527834
1000000, 10, 5, 1, 2500, 1
1000000, 10, 5, 1, 2500, 527850
1000000, 10, 5, 1, 2500, 1
1000000, 10, 5, 1, 2500, 1
1000000, 10, 5, 1, 2500, 527845
1000000, 10, 5, 1, 2500, 527788
1000000, 10, 5, 1, 2500, 527814
1000000, 10, 5, 1, 2500, 1
1000000, 10, 5, 1, 2500, 527825
1000000, 10, 5, 1, 2500, 1
1000000, 10, 5, 1, 2500, 1
1000000, 10, 5, 1, 2500, 527814
1000000, 10, 5, 1, 2500, 1
1000000, 10, 5, 1, 2500, 1
1000000, 10, 5, 1, 2500, 527861
1000000, 10, 5, 1, 2500, 1
1000000, 10, 5, 1, 2500, 1
1000000, 10, 5, 1, 2500, 527835
1000000, 10, 5, 1, 2500, 527816
1000000, 10, 5, 1, 2500, 1
1000000, 10, 5, 1, 2500, 527850
1000000, 10, 5, 1, 2600, 1
1000000, 10, 5, 1, 2600, 527980
1000000, 10, 5, 1, 2600, 527945
1000000, 10, 5, 1, 2600, 1
1000000, 10, 5, 1, 2600, 1
1000000, 10, 5, 1, 2600, 527929
1000000, 10, 5, 1, 2600, 1
1000000, 10, 5, 1, 2600, 1
1000000, 10, 5, 1, 2600, 1
1000000, 10, 5, 1, 2600, 1
1000000, 10, 5, 1, 2600, 527949
1000000, 10, 5, 1, 2600, 527923
1000000, 10, 5, 1, 2600, 527933
1000000, 10, 5, 1, 2600, 527999
1000000, 10, 5, 1, 2600, 1
1000000, 10, 5, 1, 2600, 527993
1000000, 10, 5, 1, 2600, 1
1000000, 10, 5, 1, 2600, 527941
1000000, 10, 5, 1, 2600, 527992
1000000, 10, 5, 1, 2600, 527968
1000000, 10, 5, 1, 2600, 528027
1000000, 10, 5, 1, 2600, 527958
1000000, 10, 5, 1, 2600, 527930
1000000, 10, 5, 1, 2600, 1
1000000, 10, 5, 1, 2600, 527984
1000000, 10, 5, 1, 2600, 1
1000000, 10, 5, 1, 2600, 1
1000000, 10, 5, 1, 2600, 1
1000000, 10, 5, 1, 2600, 527969
1000000, 10, 5, 1, 2600, 527973
1000000, 10, 5, 1, 2600, 1
1000000, 10, 5, 1, 2600, 1
1000000, 10, 5, 1, 2600, 527996
1000000, 10, 5, 1, 2600, 527933
1000000, 10, 5, 1, 2600, 527987
1000000, 10, 5, 1, 2600, 1
1000000, 10, 5, 1, 2600, 1
1000000, 10, 5, 1, 2600, 527942
1000000, 10, 5, 1, 2600, 1
1000000, 10, 5, 1, 2600, 1
1000000, 10, 5, 1, 2600, 1
1000000, 10, 5, 1, 2600, 527994
1000000, 10, 5, 1, 2600, 527966
1000000, 10, 5, 1, 2600, 1
1000000, 10, 5, 1, 2600, 1
1000000, 10, 5, 1, 2600, 527977
1000000, 10, 5, 1, 2600, 527897
1000000, 10, 5, 1, 2600, 1
1000000, 10, 5, 1, 2600, 527941
1000000, 10, 5, 1, 2600, 1
1000000, 10, 5, 1, 2700, 1
1000000, 10, 5, 1, 2700, 528110
1000000, 10, 5, 1, 2700, 528024
1000000, 10, 5, 1, 2700, 1
1000000, 10, 5, 1, 2700, 1
1000000, 10, 5, 1, 2700, 528052
1000000, 10, 5, 1, 2700, 1
1000000, 10, 5, 1, 2700, 1
1000000, 10, 5, 1, 2700, 528087
1000000, 10, 5, 1, 2700, 1
1000000, 10, 5, 1, 2700, 528105
1000000, 10, 5, 1, 2700, 528086
1000000, 10, 5, 1, 2700, 528024
1000000, 10, 5, 1, 2700, 528072
1000000, 10, 5, 1, 2700, 528063
1000000, 10, 5, 1, 2700, 528059
1000000, 10, 5, 1, 2700, 528102
1000000, 10, 5, 1, 2700, 528068
1000000, 10, 5, 1, 2700, 1
1000000, 10, 5, 1, 2700, 528087
1000000, 10, 5, 1, 2700, 528100
1000000, 10, 5, 1, 2700, 1
1000000, 10, 5, 1, 2700, 528109
1000000, 10, 5, 1, 2700, 528074
1000000, 10, 5, 1, 2700, 1
1000000, 10, 5, 1, 2700, 528070
1000000, 10, 5, 1, 2700, 1
1000000, 10, 5, 1, 2700, 1
1000000, 10, 5, 1, 2700, 528092
1000000, 10, 5, 1, 2700, 1
1000000, 10, 5, 1, 2700, 1
1000000, 10, 5, 1, 2700, 528068
1000000, 10, 5, 1, 2700, 1
1000000, 10, 5, 1, 2700, 528065
1000000, 10, 5, 1, 2700, 1
1000000, 10, 5, 1, 2700, 528040
1000000, 10, 5, 1, 2700, 1
1000000, 10, 5, 1, 2700, 1
1000000, 10, 5, 1, 2700, 528098
1000000, 10, 5, 1, 2700, 1
1000000, 10, 5, 1, 2700, 528039
1000000, 10, 5, 1, 2700, 1
1000000, 10, 5, 1, 2700, 1
1000000, 10, 5, 1, 2700, 528100
1000000, 10, 5, 1, 2700, 1
1000000, 10, 5, 1, 2700, 1
1000000, 10, 5, 1, 2700, 1
1000000, 10, 5, 1, 2700, 1
1000000, 10, 5, 1, 2700, 1
1000000, 10, 5, 1, 2700, 1
1000000, 10, 5, 1, 2800, 528167
1000000, 10, 5, 1, 2800, 1
1000000, 10, 5, 1, 2800, 528169
1000000, 10, 5, 1, 2800, 528177
1000000, 10, 5, 1, 2800, 528169
1000000, 10, 5, 1, 2800, 1
1000000, 10, 5, 1, 2800, 1
1000000, 10, 5, 1, 2800, 528201
1000000, 10, 5, 1, 2800, 528130
1000000, 10, 5, 1, 2800, 528163
1000000, 10, 5, 1, 2800, 1
1000000, 10, 5, 1, 2800, 1
1000000, 10, 5, 1, 2800, 1
1000000, 10, 5, 1, 2800, 1
1000000, 10, 5, 1, 2800, 528187
1000000, 10, 5, 1, 2800, 528161
1000000, 10, 5, 1, 2800, 1
1000000, 10, 5, 1, 2800, 1
1000000, 10, 5, 1, 2800, 1
1000000, 10, 5, 1, 2800, 528174
1000000, 10, 5, 1, 2800, 1
1000000, 10, 5, 1, 2800, 528148
1000000, 10, 5, 1, 2800, 1
1000000, 10, 5, 1, 2800, 1
1000000, 10, 5, 1, 2800, 528171
1000000, 10, 5, 1, 2800, 1
1000000, 10, 5, 1, 2800, 1
1000000, 10, 5, 1, 2800, 528215
1000000, 10, 5, 1, 2800, 528176
1000000, 10, 5, 1, 2800, 528186
1000000, 10, 5, 1, 2800, 1
1000000, 10, 5, 1, 2800, 528187
1000000, 10, 5, 1, 2800, 528205
1000000, 10, 5, 1, 2800, 528172
1000000, 10, 5, 1, 2800, 1
1000000, 10, 5, 1, 2800, 1
1000000, 10, 5, 1, 2800, 1
1000000, 10, 5, 1, 2800, 528172
1000000, 10, 5, 1, 2800, 1
1000000, 10, 5, 1, 2800, 528182
1000000, 10, 5, 1, 2800, 528179
1000000, 10, 5, 1, 2800, 528156
1000000, 10, 5, 1, 2800, 528194
1000000, 10, 5, 1, 2800, 528180
1000000, 10, 5, 1, 2800, 528164
1000000, 10, 5, 1, 2800, 528172
1000000, 10, 5, 1, 2800, 528161
1000000, 10, 5, 1, 2800, 1
1000000, 10, 5, 1, 2800, 528194
1000000, 10, 5, 1, 2800, 528170
1000000, 10, 5, 1, 2900, 528238
1000000, 10, 5, 1, 2900, 528238
1000000, 10, 5, 1, 2900, 1
1000000, 10, 5, 1, 2900, 528233
1000000, 10, 5, 1, 2900, 528244
1000000, 10, 5, 1, 2900, 528240
1000000, 10, 5, 1, 2900, 528266
1000000, 10, 5, 1, 2900, 1
1000000, 10, 5, 1, 2900, 528234
1000000, 10, 5, 1, 2900, 1
1000000, 10, 5, 1, 2900, 1
1000000, 10, 5, 1, 2900, 528232
1000000, 10, 5, 1, 2900, 1
1000000, 10, 5, 1, 2900, 1
1000000, 10, 5, 1, 2900, 1
1000000, 10, 5, 1, 2900, 1
1000000, 10, 5, 1, 2900, 1
1000000, 10, 5, 1, 2900, 528271
1000000, 10, 5, 1, 2900, 528235
1000000, 10, 5, 1, 2900, 1
1000000, 10, 5, 1, 2900, 1
1000000, 10, 5, 1, 2900, 1
1000000, 10, 5, 1, 2900, 528206
1000000, 10, 5, 1, 2900, 528226
1000000, 10, 5, 1, 2900, 528262
1000000, 10, 5, 1, 2900, 1
1000000, 10, 5, 1, 2900, 1
1000000, 10, 5, 1, 2900, 1
1000000, 10, 5, 1, 2900, 528283
1000000, 10, 5, 1, 2900, 528255
1000000, 10, 5, 1, 2900, 1
1000000, 10, 5, 1, 2900, 1
1000000, 10, 5, 1, 2900, 528217
1000000, 10, 5, 1, 2900, 1
1000000, 10, 5, 1, 2900, 1
1000000, 10, 5, 1, 2900, 1
1000000, 10, 5, 1, 2900, 1
1000000, 10, 5, 1, 2900, 528244
1000000, 10, 5, 1, 2900, 1
1000000, 10, 5, 1, 2900, 1
1000000, 10, 5, 1, 2900, 1
1000000, 10, 5, 1, 2900, 1
1000000, 10, 5, 1, 2900, 528239
1000000, 10, 5, 1, 2900, 528245
1000000, 10, 5, 1, 2900, 528233
1000000, 10, 5, 1, 2900, 528222
1000000, 10, 5, 1, 2900, 1
1000000, 10, 5, 1, 2900, 528268
1000000, 10, 5, 1, 2900, 1
1000000, 10, 5, 1, 2900, 1
1000000, 10, 5, 1, 3000, 1
1000000, 10, 5, 1, 3000, 1
1000000, 10, 5, 1, 3000, 1
1000000, 10, 5, 1, 3000, 528313
1000000, 10, 5, 1, 3000, 528274
1000000, 10, 5, 1, 3000, 528301
1000000, 10, 5, 1, 3000, 1
1000000, 10, 5, 1, 3000, 528334
1000000, 10, 5, 1, 3000, 1
1000000, 10, 5, 1, 3000, 528324
1000000, 10, 5, 1, 3000, 528286
1000000, 10, 5, 1, 3000, 1
1000000, 10, 5, 1, 3000, 1
1000000, 10, 5, 1, 3000, 528299
1000000, 10, 5, 1, 3000, 1
1000000, 10, 5, 1, 3000, 1
1000000, 10, 5, 1, 3000, 528248
1000000, 10, 5, 1, 3000, 528315
1000000, 10, 5, 1, 3000, 1
1000000, 10, 5, 1, 3000, 528309
1000000, 10, 5, 1, 3000, 528300
1000000, 10, 5, 1, 3000, 528302
1000000, 10, 5, 1, 3000, 528316
1000000, 10, 5, 1, 3000, 528294
1000000, 10, 5, 1, 3000, 528300
1000000, 10, 5, 1, 3000, 528312
1000000, 10, 5, 1, 3000, 1
1000000, 10, 5, 1, 3000, 528316
1000000, 10, 5, 1, 3000, 528310
1000000, 10, 5, 1, 3000, 528299
1000000, 10, 5, 1, 3000, 1
1000000, 10, 5, 1, 3000, 1
1000000, 10, 5, 1, 3000, 1
1000000, 10, 5, 1, 3000, 1
1000000, 10, 5, 1, 3000, 1
1000000, 10, 5, 1, 3000, 1
1000000, 10, 5, 1, 3000, 528315
1000000, 10, 5, 1, 3000, 528289
1000000, 10, 5, 1, 3000, 1
1000000, 10, 5, 1, 3000, 528299
1000000, 10, 5, 1, 3000, 528318
1000000, 10, 5, 1, 3000, 528323
1000000, 10, 5, 1, 3000, 528282
1000000, 10, 5, 1, 3000, 1
1000000, 10, 5, 1, 3000, 528315
1000000, 10, 5, 1, 3000, 1
1000000, 10, 5, 1, 3000, 1
1000000, 10, 5, 1, 3000, 528254
1000000, 10, 5, 1, 3000, 528335
1000000, 10, 5, 1, 3000, 1
1000000, 10, 5, 1, 3100, 528355
1000000, 10, 5, 1, 3100, 528387
1000000, 10, 5, 1, 3100, 1
1000000, 10, 5, 1, 3100, 528336
1000000, 10, 5, 1, 3100, 1
1000000, 10, 5, 1, 3100, 1
1000000, 10, 5, 1, 3100, 1
1000000, 10, 5, 1, 3100, 1
1000000, 10, 5, 1, 3100, 1
1000000, 10, 5, 1, 3100, 528307
1000000, 10, 5, 1, 3100, 1
1000000, 10, 5, 1, 3100, 1
1000000, 10, 5, 1, 3100, 528377
1000000, 10, 5, 1, 3100, 528334
1000000, 10, 5, 1, 3100, 528354
1000000, 10, 5, 1, 3100, 528339
1000000, 10, 5, 1, 3100, 1
1000000, 10, 5, 1, 3100, 528353
1000000, 10, 5, 1, 3100, 528337
1000000, 10, 5, 1, 3100, 1
1000000, 10, 5, 1, 3100, 1
1000000, 10, 5, 1, 3100, 528358
1000000, 10, 5, 1, 3100, 528324
1000000, 10, 5, 1, 3100, 1
1000000, 10, 5, 1, 3100, 1
1000000, 10, 5, 1, 3100, 528349
1000000, 10, 5, 1, 3100, 1
1000000, 10, 5, 1, 3100, 528364
1000000, 10, 5, 1, 3100, 1
1000000, 10, 5, 1, 3100, 528348
1000000, 10, 5, 1, 3100, 528357
1000000, 10, 5, 1, 3100, 1
1000000, 10, 5, 1, 3100, 1
1000000, 10, 5, 1, 3100, 528341
1000000, 10, 5, 1, 3100, 1
1000000, 10, 5, 1, 3100, 1
1000000, 10, 5, 1, 3100, 1
1000000, 10, 5, 1, 3100, 1
1000000, 10, 5, 1, 3100, 1
1000000, 10, 5, 1, 3100, 1
1000000, 10, 5, 1, 3100, 1
1000000, 10, 5, 1, 3100, 1
1000000, 10, 5, 1, 3100, 528357
1000000, 10, 5, 1, 3100, 1
1000000, 10, 5, 1, 3100, 528339
1000000, 10, 5, 1, 3100, 1
1000000, 10, 5, 1, 3100, 528341
1000000, 10, 5, 1, 3100, 528334
1000000, 10, 5, 1, 3100, 528332
1000000, 10, 5, 1, 3100, 528352
1000000, 10, 5, 1, 3200, 528386
1000000, 10, 5, 1, 3200, 1
1000000, 10, 5, 1, 3200, 1
1000000, 10, 5, 1, 3200, 528398
1000000, 10, 5, 1, 3200, 528404
1000000, 10, 5, 1, 3200, 1
1000000, 10, 5, 1, 3200, 528395
1000000, 10, 5, 1, 3200, 1
1000000, 10, 5, 1, 3200, 1
1000000, 10, 5, 1, 3200, 528382
1000000, 10, 5, 1, 3200, 528400
1000000, 10, 5, 1, 3200, 1
1000000, 10, 5, 1, 3200, 1
1000000, 10, 5, 1, 3200, 1
1000000, 10, 5, 1, 3200, 528399
1000000, 10, 5, 1, 3200, 528419
1000000, 10, 5, 1, 3200, 528397
1000000, 10, 5, 1, 3200, 528397
1000000, 10, 5, 1, 3200, 1
1000000, 10, 5, 1, 3200, 528404
1000000, 10, 5, 1, 3200, 1
1000000, 10, 5, 1, 3200, 528371
1000000, 10, 5, 1, 3200, 1
1000000, 10, 5, 1, 3200, 528393
1000000, 10, 5, 1, 3200, 528398
1000000, 10, 5, 1, 3200, 528393
1000000, 10, 5, 1, 3200, 1
1000000, 10, 5, 1, 3200, 1
1000000, 10, 5, 1, 3200, 1
1000000, 10, 5, 1, 3200, 528386
1000000, 10, 5, 1, 3200, 528404
1000000, 10, 5, 1, 3200, 528394
1000000, 10, 5, 1, 3200, 528422
1000000, 10, 5, 1, 3200, 1
1000000, 10, 5, 1, 3200, 528398
1000000, 10, 5, 1, 3200, 1
1000000, 10, 5, 1, 3200, 528389
1000000, 10, 5, 1, 3200, 528406
1000000, 10, 5, 1, 3200, 1
1000000, 10, 5, 1, 3200, 528343
1000000, 10, 5, 1, 3200, 1
1000000, 10, 5, 1, 3200, 1
1000000, 10, 5, 1, 3200, 1
1000000, 10, 5, 1, 3200, 528401
1000000, 10, 5, 1, 3200, 528409
1000000, 10, 5, 1, 3200, 528411
1000000, 10, 5, 1, 3200, 528408
1000000, 10, 5, 1, 3200, 528367
1000000, 10, 5, 1, 3200, 528378
1000000, 10, 5, 1, 3200, 528406
1000000, 10, 5, 1, 3300, 1
1000000, 10, 5, 1, 3300, 1
1000000, 10, 5, 1, 3300, 1
1000000, 10, 5, 1, 3300, 1
1000000, 10, 5, 1, 3300, 528417
1000000, 10, 5, 1, 3300, 528427
1000000, 10, 5, 1, 3300, 1
1000000, 10, 5, 1, 3300, 528426
1000000, 10, 5, 1, 3300, 1
1000000, 10, 5, 1, 3300, 1
1000000, 10, 5, 1, 3300, 1
1000000, 10, 5, 1, 3300, 528424
1000000, 10, 5, 1, 3300, 528409
1000000, 10, 5, 1, 3300, 1
1000000, 10, 5, 1, 3300, 528415
1000000, 10, 5, 1, 3300, 1
1000000, 10, 5, 1, 3300, 528432
1000000, 10, 5, 1, 3300, 1
1000000, 10, 5, 1, 3300, 1
1000000, 10, 5, 1, 3300, 528406
1000000, 10, 5, 1, 3300, 528407
1000000, 10, 5, 1, 3300, 528448
1000000, 10, 5, 1, 3300, 528413
1000000, 10, 5, 1, 3300, 1
1000000, 10, 5, 1, 3300, 1
1000000, 10, 5, 1, 3300, 1
1000000, 10, 5, 1, 3300, 1
1000000, 10, 5, 1, 3300, 1
1000000, 10, 5, 1, 3300, 1
1000000, 10, 5, 1, 3300, 1
1000000, 10, 5, 1, 3300, 528416
1000000, 10, 5, 1, 3300, 528409
1000000, 10, 5, 1, 3300, 528412
1000000, 10, 5, 1, 3300, 1
1000000, 10, 5, 1, 3300, 1
1000000, 10, 5, 1, 3300, 528409
1000000, 10, 5, 1, 3300, 528402
1000000, 10, 5, 1, 3300, 1
1000000, 10, 5, 1, 3300, 1
1000000, 10, 5, 1, 3300, 1
1000000, 10, 5, 1, 3300, 528437
1000000, 10, 5, 1, 3300, 528440
1000000, 10, 5, 1, 3300, 528421
1000000, 10, 5, 1, 3300, 1
1000000, 10, 5, 1, 3300, 1
1000000, 10, 5, 1, 3300, 1
1000000, 10, 5, 1, 3300, 1
1000000, 10, 5, 1, 3300, 528415
1000000, 10, 5, 1, 3300, 1
1000000, 10, 5, 1, 3300, 528412
1000000, 10, 5, 1, 3400, 1
1000000, 10, 5, 1, 3400, 1
1000000, 10, 5, 1, 3400, 528446
1000000, 10, 5, 1, 3400, 528442
1000000, 10, 5, 1, 3400, 1
1000000, 10, 5, 1, 3400, 528448
1000000, 10, 5, 1, 3400, 1
1000000, 10, 5, 1, 3400, 528417
1000000, 10, 5, 1, 3400, 1
1000000, 10, 5, 1, 3400, 528440
1000000, 10, 5, 1, 3400, 1
1000000, 10, 5, 1, 3400, 1
1000000, 10, 5, 1, 3400, 1
1000000, 10, 5, 1, 3400, 1
1000000, 10, 5, 1, 3400, 1
1000000, 10, 5, 1, 3400, 528434
1000000, 10, 5, 1, 3400, 1
1000000, 10, 5, 1, 3400, 528449
1000000, 10, 5, 1, 3400, 1
1000000, 10, 5, 1, 3400, 1
1000000, 10, 5, 1, 3400, 528450
1000000, 10, 5, 1, 3400, 1
1000000, 10, 5, 1, 3400, 1
1000000, 10, 5, 1, 3400, 1
1000000, 10, 5, 1, 3400, 1
1000000, 10, 5, 1, 3400, 528459
1000000, 10, 5, 1, 3400, 528437
1000000, 10, 5, 1, 3400, 528431
1000000, 10, 5, 1, 3400, 528460
1000000, 10, 5, 1, 3400, 1
1000000, 10, 5, 1, 3400, 1
1000000, 10, 5, 1, 3400, 1
1000000, 10, 5, 1, 3400, 1
1000000, 10, 5, 1, 3400, 1
1000000, 10, 5, 1, 3400, 528430
1000000, 10, 5, 1, 3400, 528458
1000000, 10, 5, 1, 3400, 1
1000000, 10, 5, 1, 3400, 1
1000000, 10, 5, 1, 3400, 528435
1000000, 10, 5, 1, 3400, 528449
1000000, 10, 5, 1, 3400, 528451
1000000, 10, 5, 1, 3400, 528441
1000000, 10, 5, 1, 3400, 528456
1000000, 10, 5, 1, 3400, 528432
1000000, 10, 5, 1, 3400, 528445
1000000, 10, 5, 1, 3400, 528452
1000000, 10, 5, 1, 3400, 1
1000000, 10, 5, 1, 3400, 1
1000000, 10, 5, 1, 3400, 528435
1000000, 10, 5, 1, 3400, 1
1000000, 10, 5, 1, 3500, 528454
1000000, 10, 5, 1, 3500, 528455
1000000, 10, 5, 1, 3500, 528479
1000000, 10, 5, 1, 3500, 528482
1000000, 10, 5, 1, 3500, 528462
1000000, 10, 5, 1, 3500, 528473
1000000, 10, 5, 1, 3500, 528487
1000000, 10, 5, 1, 3500, 528457
1000000, 10, 5, 1, 3500, 1
1000000, 10, 5, 1, 3500, 528453
1000000, 10, 5, 1, 3500, 528451
1000000, 10, 5, 1, 3500, 1
1000000, 10, 5, 1, 3500, 528466
1000000, 10, 5, 1, 3500, 528463
1000000, 10, 5, 1, 3500, 1
1000000, 10, 5, 1, 3500, 1
1000000, 10, 5, 1, 3500, 1
1000000, 10, 5, 1, 3500, 1
1000000, 10, 5, 1, 3500, 528461
1000000, 10, 5, 1, 3500, 528446
1000000, 10, 5, 1, 3500, 1
1000000, 10, 5, 1, 3500, 1
1000000, 10, 5, 1, 3500, 528464
1000000, 10, 5, 1, 3500, 528468
1000000, 10, 5, 1, 3500, 1
1000000, 10, 5, 1, 3500, 1
1000000, 10, 5, 1, 3500, 1
1000000, 10, 5, 1, 3500, 528456
1000000, 10, 5, 1, 3500, 1
1000000, 10, 5, 1, 3500, 528474
1000000, 10, 5, 1, 3500, 1
1000000, 10, 5, 1, 3500, 528465
1000000, 10, 5, 1, 3500, 528470
1000000, 10, 5, 1, 3500, 1
1000000, 10, 5, 1, 3500, 528457
1000000, 10, 5, 1, 3500, 528456
1000000, 10, 5, 1, 3500, 1
1000000, 10, 5, 1, 3500, 528462
1000000, 10, 5, 1, 3500, 1
1000000, 10, 5, 1, 3500, 528465
1000000, 10, 5, 1, 3500, 1
1000000, 10, 5, 1, 3500, 1
1000000, 10, 5, 1, 3500, 528462
1000000, 10, 5, 1, 3500, 528460
1000000, 10, 5, 1, 3500, 528460
1000000, 10, 5, 1, 3500, 528465
1000000, 10, 5, 1, 3500, 1
1000000, 10, 5, 1, 3500, 528448
1000000, 10, 5, 1, 3500, 528453
1000000, 10, 5, 1, 3500, 528465
1000000, 10, 5, 1, 3600, 528473
1000000, 10, 5, 1, 3600, 1
1000000, 10, 5, 1, 3600, 1
1000000, 10, 5, 1, 3600, 528474
1000000, 10, 5, 1, 3600, 528467
1000000, 10, 5, 1, 3600, 528478
1000000, 10, 5, 1, 3600, 528477
1000000, 10, 5, 1, 3600, 1
1000000, 10, 5, 1, 3600, 528462
1000000, 10, 5, 1, 3600, 528487
1000000, 10, 5, 1, 3600, 1
1000000, 10, 5, 1, 3600, 528483
1000000, 10, 5, 1, 3600, 528487
1000000, 10, 5, 1, 3600, 528476
1000000, 10, 5, 1, 3600, 1
1000000, 10, 5, 1, 3600, 1
1000000, 10, 5, 1, 3600, 528488
1000000, 10, 5, 1, 3600, 528488
1000000, 10, 5, 1, 3600, 528477
1000000, 10, 5, 1, 3600, 528475
1000000, 10, 5, 1, 3600, 528489
1000000, 10, 5, 1, 3600, 528479
1000000, 10, 5, 1, 3600, 528467
1000000, 10, 5, 1, 3600, 528491
1000000, 10, 5, 1, 3600, 528483
1000000, 10, 5, 1, 3600, 528490
1000000, 10, 5, 1, 3600, 528472
1000000, 10, 5, 1, 3600, 1
1000000, 10, 5, 1, 3600, 528470
1000000, 10, 5, 1, 3600, 528473
1000000, 10, 5, 1, 3600, 528493
1000000, 10, 5, 1, 3600, 528467
1000000, 10, 5, 1, 3600, 528475
1000000, 10, 5, 1, 3600, 528452
1000000, 10, 5, 1, 3600, 528489
1000000, 10, 5, 1, 3600, 528476
1000000, 10, 5, 1, 3600, 528480
1000000, 10, 5, 1, 3600, 528474
1000000, 10, 5, 1, 3600, 528488
1000000, 10, 5, 1, 3600, 528487
1000000, 10, 5, 1, 3600, 1
1000000, 10, 5, 1, 3600, 528469
1000000, 10, 5, 1, 3600, 1
1000000, 10, 5, 1, 3600, 1
1000000, 10, 5, 1, 3600, 1
1000000, 10, 5, 1, 3600, 528472
1000000, 10, 5, 1, 3600, 528477
1000000, 10, 5, 1, 3600, 528482
1000000, 10, 5, 1, 3600, 1
1000000, 10, 5, 1, 3600, 528469
1000000, 10, 5, 1, 3700, 528491
1000000, 10, 5, 1, 3700, 1
1000000, 10, 5, 1, 3700, 1
1000000, 10, 5, 1, 3700, 1
1000000, 10, 5, 1, 3700, 528490
1000000, 10, 5, 1, 3700, 528493
1000000, 10, 5, 1, 3700, 528491
1000000, 10, 5, 1, 3700, 1
1000000, 10, 5, 1, 3700, 1
1000000, 10, 5, 1, 3700, 528485
1000000, 10, 5, 1, 3700, 528487
1000000, 10, 5, 1, 3700, 1
1000000, 10, 5, 1, 3700, 528493
1000000, 10, 5, 1, 3700, 1
1000000, 10, 5, 1, 3700, 1
1000000, 10, 5, 1, 3700, 528489
1000000, 10, 5, 1, 3700, 1
1000000, 10, 5, 1, 3700, 1
1000000, 10, 5, 1, 3700, 1
1000000, 10, 5, 1, 3700, 1
1000000, 10, 5, 1, 3700, 1
1000000, 10, 5, 1, 3700, 1
1000000, 10, 5, 1, 3700, 528482
1000000, 10, 5, 1, 3700, 528492
1000000, 10, 5, 1, 3700, 1
1000000, 10, 5, 1, 3700, 528490
1000000, 10, 5, 1, 3700, 1
1000000, 10, 5, 1, 3700, 528487
1000000, 10, 5, 1, 3700, 1
1000000, 10, 5, 1, 3700, 1
1000000, 10, 5, 1, 3700, 528494
1000000, 10, 5, 1, 3700, 528505
1000000, 10, 5, 1, 3700, 528491
1000000, 10, 5, 1, 3700, 1
1000000, 10, 5, 1, 3700, 528470
1000000, 10, 5, 1, 3700, 1
1000000, 10, 5, 1, 3700, 528495
1000000, 10, 5, 1, 3700, 528490
1000000, 10, 5, 1, 3700, 1
1000000, 10, 5, 1, 3700, 528479
1000000, 10, 5, 1, 3700, 528486
1000000, 10, 5, 1, 3700, 528487
1000000, 10, 5, 1, 3700, 528491
1000000, 10, 5, 1, 3700, 528492
1000000, 10, 5, 1, 3700, 1
1000000, 10, 5, 1, 3700, 528496
1000000, 10, 5, 1, 3700, 528472
1000000, 10, 5, 1, 3700, 1
1000000, 10, 5, 1, 3700, 528487
1000000, 10, 5, 1, 3700, 1
1000000, 10, 5, 1, 3800, 1
1000000, 10, 5, 1, 3800, 1
1000000, 10, 5, 1, 3800, 1
1000000, 10, 5, 1, 3800, 1
1000000, 10, 5, 1, 3800, 1
1000000, 10, 5, 1, 3800, 1
1000000, 10, 5, 1, 3800, 1
1000000, 10, 5, 1, 3800, 528497
1000000, 10, 5, 1, 3800, 1
1000000, 10, 5, 1, 3800, 528498
1000000, 10, 5, 1, 3800, 1
1000000, 10, 5, 1, 3800, 528487
1000000, 10, 5, 1, 3800, 528505
1000000, 10, 5, 1, 3800, 528487
1000000, 10, 5, 1, 3800, 528493
1000000, 10, 5, 1, 3800, 1
1000000, 10, 5, 1, 3800, 1
1000000, 10, 5, 1, 3800, 528501
1000000, 10, 5, 1, 3800, 1
1000000, 10, 5, 1, 3800, 1
1000000, 10, 5, 1, 3800, 1
1000000, 10, 5, 1, 3800, 528513
1000000, 10, 5, 1, 3800, 1
1000000, 10, 5, 1, 3800, 528505
1000000, 10, 5, 1, 3800, 528503
1000000, 10, 5, 1, 3800, 528506
1000000, 10, 5, 1, 3800, 528490
1000000, 10, 5, 1, 3800, 1
1000000, 10, 5, 1, 3800, 528502
1000000, 10, 5, 1, 3800, 1
1000000, 10, 5, 1, 3800, 1
1000000, 10, 5, 1, 3800, 1
1000000, 10, 5, 1, 3800, 1
1000000, 10, 5, 1, 3800, 528501
1000000, 10, 5, 1, 3800, 1
1000000, 10, 5, 1, 3800, 528500
1000000, 10, 5, 1, 3800, 528497
1000000, 10, 5, 1, 3800, 528489
1000000, 10, 5, 1, 3800, 528505
1000000, 10, 5, 1, 3800, 1
1000000, 10, 5, 1, 3800, 528506
1000000, 10, 5, 1, 3800, 528511
1000000, 10, 5, 1, 3800, 528491
1000000, 10, 5, 1, 3800, 528501
1000000, 10, 5, 1, 3800, 1
1000000, 10, 5, 1, 3800, 528501
1000000, 10, 5, 1, 3800, 1
1000000, 10, 5, 1, 3800, 528491
1000000, 10, 5, 1, 3800, 1
1000000, 10, 5, 1, 3800, 528494
1000000, 10, 5, 1, 3900, 528515
1000000, 10, 5, 1, 3900, 528511
1000000, 10, 5, 1, 3900, 528511
1000000, 10, 5, 1, 3900, 1
1000000, 10, 5, 1, 3900, 528511
1000000, 10, 5, 1, 3900, 528517
1000000, 10, 5, 1, 3900, 528517
1000000, 10, 5, 1, 3900, 528511
1000000, 10, 5, 1, 3900, 528510
1000000, 10, 5, 1, 3900, 1
1000000, 10, 5, 1, 3900, 528520
1000000, 10, 5, 1, 3900, 1
1000000, 10, 5, 1, 3900, 528518
1000000, 10, 5, 1, 3900, 528506
1000000, 10, 5, 1, 3900, 528511
1000000, 10, 5, 1, 3900, 1
1000000, 10, 5, 1, 3900, 528513
1000000, 10, 5, 1, 3900, 1
1000000, 10, 5, 1, 3900, 1
1000000, 10, 5, 1, 3900, 528514
1000000, 10, 5, 1, 3900, 1
1000000, 10, 5, 1, 3900, 1
1000000, 10, 5, 1, 3900, 528509
1000000, 10, 5, 1, 3900, 528507
1000000, 10, 5, 1, 3900, 1
1000000, 10, 5, 1, 3900, 1
1000000, 10, 5, 1, 3900, 528498
1000000, 10, 5, 1, 3900, 528488
1000000, 10, 5, 1, 3900, 1
1000000, 10, 5, 1, 3900, 528509
1000000, 10, 5, 1, 3900, 1
1000000, 10, 5, 1, 3900, 1
1000000, 10, 5, 1, 3900, 1
1000000, 10, 5, 1, 3900, 528517
1000000, 10, 5, 1, 3900, 1
1000000, 10, 5, 1, 3900, 528519
1000000, 10, 5, 1, 3900, 528519
1000000, 10, 5, 1, 3900, 528505
1000000, 10, 5, 1, 3900, 528519
1000000, 10, 5, 1, 3900, 528499
1000000, 10, 5, 1, 3900, 528507
1000000, 10, 5, 1, 3900, 528519
1000000, 10, 5, 1, 3900, 528508
1000000, 10, 5, 1, 3900, 528510
1000000, 10, 5, 1, 3900, 1
1000000, 10, 5, 1, 3900, 528515
1000000, 10, 5, 1, 3900, 1
1000000, 10, 5, 1, 3900, 528504
1000000, 10, 5, 1, 3900, 1
1000000, 10, 5, 1, 3900, 528505