,NumNodes,GroupSize,AvgDeg,InfectionProbability,NumInfected
0,1000000,10,5,0.0,1
1,1000000,10,5,0.0,1
2,1000000,10,5,0.0,1
3,1000000,10,5,0.0,1
4,1000000,10,5,0.0,1
5,1000000,10,5,0.0,1
6,1000000,10,5,0.0,1
7,1000000,10,5,0.0,1
8,1000000,10,5,0.0,1
9,1000000,10,5,0.0,1
10,1000000,10,5,0.0,1
11,1000000,10,5,0.0,1
12,1000000,10,5,0.0,1
13,1000000,10,5,0.0,1
14,1000000,10,5,0.0,1
15,1000000,10,5,0.0,1
16,1000000,10,5,0.0,1
17,1000000,10,5,0.0,1
18,1000000,10,5,0.0,1
19,1000000,10,5,0.0,1
20,1000000,10,5,0.0,1
21,1000000,10,5,0.0,1
22,1000000,10,5,0.0,1
23,1000000,10,5,0.0,1
24,1000000,10,5,0.0,1
25,1000000,10,5,0.0,1
26,1000000,10,5,0.0,1
27,1000000,10,5,0.0,1
28,1000000,10,5,0.0,1
29,1000000,10,5,0.0,1
30,1000000,10,5,0.0,1
31,1000000,10,5,0.0,1
32,1000000,10,5,0.0,1
33,1000000,10,5,0.0,1
34,1000000,10,5,0.0,1
35,1000000,10,5,0.0,1
36,1000000,10,5,0.0,1
37,1000000,10,5,0.0,1
38,1000000,10,5,0.0,1
39,1000000,10,5,0.0,1
40,1000000,10,5,0.0,1
41,1000000,10,5,0.0,1
42,1000000,10,5,0.0,1
43,1000000,10,5,0.0,1
44,1000000,10,5,0.0,1
45,1000000,10,5,0.0,1
46,1000000,10,5,0.0,1
47,1000000,10,5,0.0,1
48,1000000,10,5,0.0,1
49,1000000,10,5,0.0,1
50,1000000,10,5,0.01,1
51,1000000,10,5,0.01,1
52,1000000,10,5,0.01,1
53,1000000,10,5,0.01,1
54,1000000,10,5,0.01,1
56,1000000,10,5,0.01,1
57,1000000,10,5,0.01,1
58,1000000,10,5,0.01,1
59,1000000,10,5,0.01,1
60,1000000,10,5,0.01,1
61,1000000,10,5,0.01,1
62,1000000,10,5,0.01,1
63,1000000,10,5,0.01,1
64,1000000,10,5,0.01,1
65,1000000,10,5,0.01,1
66,1000000,10,5,0.01,1
67,1000000,10,5,0.01,1
70,1000000,10,5,0.01,1
71,1000000,10,5,0.01,1
72,1000000,10,5,0.01,1
74,1000000,10,5,0.01,1
75,1000000,10,5,0.01,1
76,1000000,10,5,0.01,1
77,1000000,10,5,0.01,1
78,1000000,10,5,0.01,1
80,1000000,10,5,0.01,1
82,1000000,10,5,0.01,1
83,1000000,10,5,0.01,1
84,1000000,10,5,0.01,1
85,1000000,10,5,0.01,1
86,1000000,10,5,0.01,1
87,1000000,10,5,0.01,1
88,1000000,10,5,0.01,1
89,1000000,10,5,0.01,1
90,1000000,10,5,0.01,1
91,1000000,10,5,0.01,1
93,1000000,10,5,0.01,1
94,1000000,10,5,0.01,1
95,1000000,10,5,0.01,1
96,1000000,10,5,0.01,1
97,1000000,10,5,0.01,1
98,1000000,10,5,0.01,1
99,1000000,10,5,0.01,1
55,1000000,10,5,0.01,2
69,1000000,10,5,0.01,2
68,1000000,10,5,0.01,3
73,1000000,10,5,0.01,3
81,1000000,10,5,0.01,5
79,1000000,10,5,0.01,6
92,1000000,10,5,0.01,7
103,1000000,10,5,0.02,1
105,1000000,10,5,0.02,1
106,1000000,10,5,0.02,1
107,1000000,10,5,0.02,1
110,1000000,10,5,0.02,1
111,1000000,10,5,0.02,1
112,1000000,10,5,0.02,1
113,1000000,10,5,0.02,1
115,1000000,10,5,0.02,1
117,1000000,10,5,0.02,1
118,1000000,10,5,0.02,1
120,1000000,10,5,0.02,1
122,1000000,10,5,0.02,1
123,1000000,10,5,0.02,1
124,1000000,10,5,0.02,1
125,1000000,10,5,0.02,1
126,1000000,10,5,0.02,1
127,1000000,10,5,0.02,1
128,1000000,10,5,0.02,1
129,1000000,10,5,0.02,1
130,1000000,10,5,0.02,1
131,1000000,10,5,0.02,1
132,1000000,10,5,0.02,1
133,1000000,10,5,0.02,1
138,1000000,10,5,0.02,1
139,1000000,10,5,0.02,1
140,1000000,10,5,0.02,1
141,1000000,10,5,0.02,1
142,1000000,10,5,0.02,1
143,1000000,10,5,0.02,1
145,1000000,10,5,0.02,1
146,1000000,10,5,0.02,1
147,1000000,10,5,0.02,1
149,1000000,10,5,0.02,1
101,1000000,10,5,0.02,2
114,1000000,10,5,0.02,2
116,1000000,10,5,0.02,2
119,1000000,10,5,0.02,2
135,1000000,10,5,0.02,2
144,1000000,10,5,0.02,2
104,1000000,10,5,0.02,3
108,1000000,10,5,0.02,3
121,1000000,10,5,0.02,3
137,1000000,10,5,0.02,3
109,1000000,10,5,0.02,4
134,1000000,10,5,0.02,4
148,1000000,10,5,0.02,4
136,1000000,10,5,0.02,12
102,1000000,10,5,0.02,19
100,1000000,10,5,0.02,23
150,1000000,10,5,0.03,1
151,1000000,10,5,0.03,1
156,1000000,10,5,0.03,1
161,1000000,10,5,0.03,1
162,1000000,10,5,0.03,1
164,1000000,10,5,0.03,1
165,1000000,10,5,0.03,1
168,1000000,10,5,0.03,1
169,1000000,10,5,0.03,1
170,1000000,10,5,0.03,1
171,1000000,10,5,0.03,1
172,1000000,10,5,0.03,1
175,1000000,10,5,0.03,1
176,1000000,10,5,0.03,1
177,1000000,10,5,0.03,1
178,1000000,10,5,0.03,1
180,1000000,10,5,0.03,1
181,1000000,10,5,0.03,1
182,1000000,10,5,0.03,1
183,1000000,10,5,0.03,1
184,1000000,10,5,0.03,1
185,1000000,10,5,0.03,1
186,1000000,10,5,0.03,1
187,1000000,10,5,0.03,1
188,1000000,10,5,0.03,1
189,1000000,10,5,0.03,1
193,1000000,10,5,0.03,1
194,1000000,10,5,0.03,1
195,1000000,10,5,0.03,1
197,1000000,10,5,0.03,1
198,1000000,10,5,0.03,1
199,1000000,10,5,0.03,1
155,1000000,10,5,0.03,2
163,1000000,10,5,0.03,2
179,1000000,10,5,0.03,2
160,1000000,10,5,0.03,3
174,1000000,10,5,0.03,4
196,1000000,10,5,0.03,5
167,1000000,10,5,0.03,6
192,1000000,10,5,0.03,6
159,1000000,10,5,0.03,7
154,1000000,10,5,0.03,32
158,1000000,10,5,0.03,43
166,1000000,10,5,0.03,70
153,1000000,10,5,0.03,65500
191,1000000,10,5,0.03,67498
190,1000000,10,5,0.03,70550
152,1000000,10,5,0.03,71542
173,1000000,10,5,0.03,74839
157,1000000,10,5,0.03,75339
200,1000000,10,5,0.04,1
205,1000000,10,5,0.04,1
207,1000000,10,5,0.04,1
208,1000000,10,5,0.04,1
212,1000000,10,5,0.04,1
213,1000000,10,5,0.04,1
214,1000000,10,5,0.04,1
217,1000000,10,5,0.04,1
219,1000000,10,5,0.04,1
220,1000000,10,5,0.04,1
221,1000000,10,5,0.04,1
222,1000000,10,5,0.04,1
223,1000000,10,5,0.04,1
224,1000000,10,5,0.04,1
229,1000000,10,5,0.04,1
230,1000000,10,5,0.04,1
232,1000000,10,5,0.04,1
235,1000000,10,5,0.04,1
236,1000000,10,5,0.04,1
237,1000000,10,5,0.04,1
239,1000000,10,5,0.04,1
241,1000000,10,5,0.04,1
242,1000000,10,5,0.04,1
243,1000000,10,5,0.04,1
245,1000000,10,5,0.04,1
246,1000000,10,5,0.04,1
247,1000000,10,5,0.04,1
249,1000000,10,5,0.04,1
202,1000000,10,5,0.04,2
211,1000000,10,5,0.04,2
218,1000000,10,5,0.04,2
210,1000000,10,5,0.04,3
240,1000000,10,5,0.04,3
215,1000000,10,5,0.04,6
248,1000000,10,5,0.04,41
231,1000000,10,5,0.04,243674
227,1000000,10,5,0.04,244061
201,1000000,10,5,0.04,244090
216,1000000,10,5,0.04,244810
244,1000000,10,5,0.04,244845
226,1000000,10,5,0.04,244857
238,1000000,10,5,0.04,244921
206,1000000,10,5,0.04,245157
209,1000000,10,5,0.04,245203
233,1000000,10,5,0.04,245233
234,1000000,10,5,0.04,245361
203,1000000,10,5,0.04,245377
204,1000000,10,5,0.04,245523
228,1000000,10,5,0.04,245671
225,1000000,10,5,0.04,246594
250,1000000,10,5,0.05,1
251,1000000,10,5,0.05,1
252,1000000,10,5,0.05,1
256,1000000,10,5,0.05,1
257,1000000,10,5,0.05,1
258,1000000,10,5,0.05,1
261,1000000,10,5,0.05,1
262,1000000,10,5,0.05,1
263,1000000,10,5,0.05,1
264,1000000,10,5,0.05,1
266,1000000,10,5,0.05,1
267,1000000,10,5,0.05,1
268,1000000,10,5,0.05,1
270,1000000,10,5,0.05,1
271,1000000,10,5,0.05,1
272,1000000,10,5,0.05,1
273,1000000,10,5,0.05,1
276,1000000,10,5,0.05,1
277,1000000,10,5,0.05,1
278,1000000,10,5,0.05,1
280,1000000,10,5,0.05,1
283,1000000,10,5,0.05,1
285,1000000,10,5,0.05,1
286,1000000,10,5,0.05,1
289,1000000,10,5,0.05,1
291,1000000,10,5,0.05,1
293,1000000,10,5,0.05,1
295,1000000,10,5,0.05,1
298,1000000,10,5,0.05,1
282,1000000,10,5,0.05,2
284,1000000,10,5,0.05,2
287,1000000,10,5,0.05,3
253,1000000,10,5,0.05,8
288,1000000,10,5,0.05,10
281,1000000,10,5,0.05,339840
279,1000000,10,5,0.05,340001
290,1000000,10,5,0.05,340182
254,1000000,10,5,0.05,340246
294,1000000,10,5,0.05,340371
299,1000000,10,5,0.05,340570
255,1000000,10,5,0.05,340635
265,1000000,10,5,0.05,340711
260,1000000,10,5,0.05,340893
292,1000000,10,5,0.05,341054
269,1000000,10,5,0.05,341085
296,1000000,10,5,0.05,341585
259,1000000,10,5,0.05,341613
275,1000000,10,5,0.05,341898
297,1000000,10,5,0.05,341921
274,1000000,10,5,0.05,342743
303,1000000,10,5,0.06,1
306,1000000,10,5,0.06,1
307,1000000,10,5,0.06,1
310,1000000,10,5,0.06,1
312,1000000,10,5,0.06,1
314,1000000,10,5,0.06,1
316,1000000,10,5,0.06,1
318,1000000,10,5,0.06,1
319,1000000,10,5,0.06,1
320,1000000,10,5,0.06,1
321,1000000,10,5,0.06,1
322,1000000,10,5,0.06,1
324,1000000,10,5,0.06,1
325,1000000,10,5,0.06,1
328,1000000,10,5,0.06,1
329,1000000,10,5,0.06,1
338,1000000,10,5,0.06,1
341,1000000,10,5,0.06,1
342,1000000,10,5,0.06,1
343,1000000,10,5,0.06,1
345,1000000,10,5,0.06,1
346,1000000,10,5,0.06,1
348,1000000,10,5,0.06,1
349,1000000,10,5,0.06,1
302,1000000,10,5,0.06,6
327,1000000,10,5,0.06,398962
308,1000000,10,5,0.06,399051
326,1000000,10,5,0.06,399635
344,1000000,10,5,0.06,399639
336,1000000,10,5,0.06,399654
300,1000000,10,5,0.06,399750
317,1000000,10,5,0.06,399757
305,1000000,10,5,0.06,399921
313,1000000,10,5,0.06,399981
301,1000000,10,5,0.06,399984
304,1000000,10,5,0.06,400053
315,1000000,10,5,0.06,400198
330,1000000,10,5,0.06,400228
339,1000000,10,5,0.06,400241
333,1000000,10,5,0.06,400335
340,1000000,10,5,0.06,400469
323,1000000,10,5,0.06,400594
337,1000000,10,5,0.06,400602
347,1000000,10,5,0.06,400629
331,1000000,10,5,0.06,400649
309,1000000,10,5,0.06,400660
332,1000000,10,5,0.06,400705
311,1000000,10,5,0.06,400775
335,1000000,10,5,0.06,401033
334,1000000,10,5,0.06,401051
350,1000000,10,5,0.07,1
354,1000000,10,5,0.07,1
356,1000000,10,5,0.07,1
357,1000000,10,5,0.07,1
361,1000000,10,5,0.07,1
364,1000000,10,5,0.07,1
365,1000000,10,5,0.07,1
366,1000000,10,5,0.07,1
369,1000000,10,5,0.07,1
371,1000000,10,5,0.07,1
374,1000000,10,5,0.07,1
378,1000000,10,5,0.07,1
380,1000000,10,5,0.07,1
382,1000000,10,5,0.07,1
384,1000000,10,5,0.07,1
385,1000000,10,5,0.07,1
387,1000000,10,5,0.07,1
389,1000000,10,5,0.07,1
396,1000000,10,5,0.07,1
397,1000000,10,5,0.07,1
376,1000000,10,5,0.07,2
394,1000000,10,5,0.07,2
383,1000000,10,5,0.07,437461
381,1000000,10,5,0.07,437475
386,1000000,10,5,0.07,437475
388,1000000,10,5,0.07,437753
359,1000000,10,5,0.07,437830
367,1000000,10,5,0.07,437832
392,1000000,10,5,0.07,437874
391,1000000,10,5,0.07,437895
370,1000000,10,5,0.07,437941
373,1000000,10,5,0.07,438035
399,1000000,10,5,0.07,438100
363,1000000,10,5,0.07,438156
358,1000000,10,5,0.07,438176
379,1000000,10,5,0.07,438261
351,1000000,10,5,0.07,438311
353,1000000,10,5,0.07,438381
390,1000000,10,5,0.07,438381
375,1000000,10,5,0.07,438430
398,1000000,10,5,0.07,438467
372,1000000,10,5,0.07,438495
377,1000000,10,5,0.07,438498
395,1000000,10,5,0.07,438504
355,1000000,10,5,0.07,438605
360,1000000,10,5,0.07,438778
368,1000000,10,5,0.07,438804
393,1000000,10,5,0.07,438903
352,1000000,10,5,0.07,438905
362,1000000,10,5,0.07,438973
400,1000000,10,5,0.08,1
401,1000000,10,5,0.08,1
405,1000000,10,5,0.08,1
407,1000000,10,5,0.08,1
408,1000000,10,5,0.08,1
411,1000000,10,5,0.08,1
412,1000000,10,5,0.08,1
413,1000000,10,5,0.08,1
416,1000000,10,5,0.08,1
417,1000000,10,5,0.08,1
419,1000000,10,5,0.08,1
420,1000000,10,5,0.08,1
424,1000000,10,5,0.08,1
428,1000000,10,5,0.08,1
431,1000000,10,5,0.08,1
432,1000000,10,5,0.08,1
434,1000000,10,5,0.08,1
438,1000000,10,5,0.08,1
439,1000000,10,5,0.08,1
441,1000000,10,5,0.08,1
445,1000000,10,5,0.08,1
447,1000000,10,5,0.08,1
449,1000000,10,5,0.08,1
437,1000000,10,5,0.08,6
426,1000000,10,5,0.08,463148
435,1000000,10,5,0.08,463178
430,1000000,10,5,0.08,463193
440,1000000,10,5,0.08,463262
410,1000000,10,5,0.08,463281
442,1000000,10,5,0.08,463312
433,1000000,10,5,0.08,463412
415,1000000,10,5,0.08,463452
425,1000000,10,5,0.08,463525
406,1000000,10,5,0.08,463607
402,1000000,10,5,0.08,463626
443,1000000,10,5,0.08,463799
436,1000000,10,5,0.08,463800
414,1000000,10,5,0.08,463801
418,1000000,10,5,0.08,463814
422,1000000,10,5,0.08,463894
409,1000000,10,5,0.08,463934
429,1000000,10,5,0.08,463965
421,1000000,10,5,0.08,463968
446,1000000,10,5,0.08,464017
403,1000000,10,5,0.08,464021
423,1000000,10,5,0.08,464070
448,1000000,10,5,0.08,464077
427,1000000,10,5,0.08,464129
444,1000000,10,5,0.08,464178
404,1000000,10,5,0.08,464270
451,1000000,10,5,0.09,1
452,1000000,10,5,0.09,1
453,1000000,10,5,0.09,1
454,1000000,10,5,0.09,1
457,1000000,10,5,0.09,1
458,1000000,10,5,0.09,1
461,1000000,10,5,0.09,1
465,1000000,10,5,0.09,1
466,1000000,10,5,0.09,1
469,1000000,10,5,0.09,1
472,1000000,10,5,0.09,1
473,1000000,10,5,0.09,1
474,1000000,10,5,0.09,1
475,1000000,10,5,0.09,1
477,1000000,10,5,0.09,1
478,1000000,10,5,0.09,1
480,1000000,10,5,0.09,1
481,1000000,10,5,0.09,1
482,1000000,10,5,0.09,1
483,1000000,10,5,0.09,1
484,1000000,10,5,0.09,1
486,1000000,10,5,0.09,1
487,1000000,10,5,0.09,1
489,1000000,10,5,0.09,1
490,1000000,10,5,0.09,1
491,1000000,10,5,0.09,1
494,1000000,10,5,0.09,1
497,1000000,10,5,0.09,1
467,1000000,10,5,0.09,480699
462,1000000,10,5,0.09,480936
468,1000000,10,5,0.09,480961
459,1000000,10,5,0.09,481052
493,1000000,10,5,0.09,481141
499,1000000,10,5,0.09,481153
464,1000000,10,5,0.09,481254
470,1000000,10,5,0.09,481302
479,1000000,10,5,0.09,481305
455,1000000,10,5,0.09,481309
498,1000000,10,5,0.09,481359
463,1000000,10,5,0.09,481453
488,1000000,10,5,0.09,481471
476,1000000,10,5,0.09,481534
460,1000000,10,5,0.09,481581
456,1000000,10,5,0.09,481600
485,1000000,10,5,0.09,481648
495,1000000,10,5,0.09,481657
471,1000000,10,5,0.09,481671
496,1000000,10,5,0.09,481684
492,1000000,10,5,0.09,481713
450,1000000,10,5,0.09,481895
500,1000000,10,5,0.1,1
501,1000000,10,5,0.1,1
502,1000000,10,5,0.1,1
503,1000000,10,5,0.1,1
508,1000000,10,5,0.1,1
509,1000000,10,5,0.1,1
510,1000000,10,5,0.1,1
511,1000000,10,5,0.1,1
512,1000000,10,5,0.1,1
520,1000000,10,5,0.1,1
522,1000000,10,5,0.1,1
525,1000000,10,5,0.1,1
527,1000000,10,5,0.1,1
528,1000000,10,5,0.1,1
530,1000000,10,5,0.1,1
531,1000000,10,5,0.1,1
534,1000000,10,5,0.1,1
535,1000000,10,5,0.1,1
537,1000000,10,5,0.1,1
544,1000000,10,5,0.1,1
547,1000000,10,5,0.1,1
548,1000000,10,5,0.1,1
518,1000000,10,5,0.1,493535
543,1000000,10,5,0.1,493562
538,1000000,10,5,0.1,493618
540,1000000,10,5,0.1,493680
541,1000000,10,5,0.1,493680
517,1000000,10,5,0.1,493720
504,1000000,10,5,0.1,493721
529,1000000,10,5,0.1,493727
513,1000000,10,5,0.1,493740
523,1000000,10,5,0.1,493758
524,1000000,10,5,0.1,493791
521,1000000,10,5,0.1,493795
516,1000000,10,5,0.1,493831
526,1000000,10,5,0.1,493832
542,1000000,10,5,0.1,493835
532,1000000,10,5,0.1,493867
519,1000000,10,5,0.1,493869
549,1000000,10,5,0.1,493884
514,1000000,10,5,0.1,493891
546,1000000,10,5,0.1,493924
533,1000000,10,5,0.1,493958
536,1000000,10,5,0.1,493973
507,1000000,10,5,0.1,494052
545,1000000,10,5,0.1,494070
515,1000000,10,5,0.1,494100
539,1000000,10,5,0.1,494121
505,1000000,10,5,0.1,494129
506,1000000,10,5,0.1,494254
550,1000000,10,5,0.11,1
553,1000000,10,5,0.11,1
558,1000000,10,5,0.11,1
559,1000000,10,5,0.11,1
563,1000000,10,5,0.11,1
564,1000000,10,5,0.11,1
567,1000000,10,5,0.11,1
568,1000000,10,5,0.11,1
569,1000000,10,5,0.11,1
570,1000000,10,5,0.11,1
573,1000000,10,5,0.11,1
574,1000000,10,5,0.11,1
575,1000000,10,5,0.11,1
577,1000000,10,5,0.11,1
578,1000000,10,5,0.11,1
579,1000000,10,5,0.11,1
581,1000000,10,5,0.11,1
585,1000000,10,5,0.11,1
586,1000000,10,5,0.11,1
587,1000000,10,5,0.11,1
589,1000000,10,5,0.11,1
590,1000000,10,5,0.11,1
591,1000000,10,5,0.11,1
593,1000000,10,5,0.11,1
594,1000000,10,5,0.11,1
596,1000000,10,5,0.11,1
580,1000000,10,5,0.11,502514
582,1000000,10,5,0.11,502566
562,1000000,10,5,0.11,502570
557,1000000,10,5,0.11,502610
552,1000000,10,5,0.11,502667
595,1000000,10,5,0.11,502670
566,1000000,10,5,0.11,502710
598,1000000,10,5,0.11,502729
592,1000000,10,5,0.11,502743
554,1000000,10,5,0.11,502760
556,1000000,10,5,0.11,502783
565,1000000,10,5,0.11,502832
572,1000000,10,5,0.11,502841
597,1000000,10,5,0.11,502868
583,1000000,10,5,0.11,502871
555,1000000,10,5,0.11,502878
561,1000000,10,5,0.11,502885
551,1000000,10,5,0.11,502921
599,1000000,10,5,0.11,502965
560,1000000,10,5,0.11,503019
571,1000000,10,5,0.11,503020
588,1000000,10,5,0.11,503039
584,1000000,10,5,0.11,503123
576,1000000,10,5,0.11,503169
600,1000000,10,5,0.12,1
601,1000000,10,5,0.12,1
605,1000000,10,5,0.12,1
610,1000000,10,5,0.12,1
612,1000000,10,5,0.12,1
614,1000000,10,5,0.12,1
615,1000000,10,5,0.12,1
618,1000000,10,5,0.12,1
619,1000000,10,5,0.12,1
620,1000000,10,5,0.12,1
624,1000000,10,5,0.12,1
625,1000000,10,5,0.12,1
626,1000000,10,5,0.12,1
627,1000000,10,5,0.12,1
630,1000000,10,5,0.12,1
631,1000000,10,5,0.12,1
634,1000000,10,5,0.12,1
635,1000000,10,5,0.12,1
637,1000000,10,5,0.12,1
639,1000000,10,5,0.12,1
641,1000000,10,5,0.12,1
616,1000000,10,5,0.12,2
647,1000000,10,5,0.12,508908
621,1000000,10,5,0.12,508985
633,1000000,10,5,0.12,509020
607,1000000,10,5,0.12,509084
643,1000000,10,5,0.12,509097
648,1000000,10,5,0.12,509118
613,1000000,10,5,0.12,509141
638,1000000,10,5,0.12,509142
636,1000000,10,5,0.12,509188
608,1000000,10,5,0.12,509214
645,1000000,10,5,0.12,509230
644,1000000,10,5,0.12,509231
640,1000000,10,5,0.12,509242
617,1000000,10,5,0.12,509246
606,1000000,10,5,0.12,509278
609,1000000,10,5,0.12,509282
611,1000000,10,5,0.12,509285
649,1000000,10,5,0.12,509288
628,1000000,10,5,0.12,509309
602,1000000,10,5,0.12,509351
622,1000000,10,5,0.12,509352
603,1000000,10,5,0.12,509374
642,1000000,10,5,0.12,509392
623,1000000,10,5,0.12,509440
646,1000000,10,5,0.12,509471
632,1000000,10,5,0.12,509512
629,1000000,10,5,0.12,509527
604,1000000,10,5,0.12,509559
653,1000000,10,5,0.13,1
656,1000000,10,5,0.13,1
657,1000000,10,5,0.13,1
658,1000000,10,5,0.13,1
660,1000000,10,5,0.13,1
661,1000000,10,5,0.13,1
664,1000000,10,5,0.13,1
669,1000000,10,5,0.13,1
670,1000000,10,5,0.13,1
671,1000000,10,5,0.13,1
674,1000000,10,5,0.13,1
677,1000000,10,5,0.13,1
681,1000000,10,5,0.13,1
687,1000000,10,5,0.13,1
688,1000000,10,5,0.13,1
690,1000000,10,5,0.13,1
691,1000000,10,5,0.13,1
695,1000000,10,5,0.13,1
696,1000000,10,5,0.13,1
698,1000000,10,5,0.13,1
682,1000000,10,5,0.13,513726
697,1000000,10,5,0.13,513764
663,1000000,10,5,0.13,513777
692,1000000,10,5,0.13,513778
680,1000000,10,5,0.13,513818
693,1000000,10,5,0.13,513834
679,1000000,10,5,0.13,513854
673,1000000,10,5,0.13,513861
665,1000000,10,5,0.13,513865
678,1000000,10,5,0.13,513866
699,1000000,10,5,0.13,513889
651,1000000,10,5,0.13,513920
662,1000000,10,5,0.13,513922
667,1000000,10,5,0.13,513923
676,1000000,10,5,0.13,513967
689,1000000,10,5,0.13,513977
668,1000000,10,5,0.13,513986
672,1000000,10,5,0.13,514000
686,1000000,10,5,0.13,514000
683,1000000,10,5,0.13,514016
666,1000000,10,5,0.13,514019
650,1000000,10,5,0.13,514025
652,1000000,10,5,0.13,514040
675,1000000,10,5,0.13,514102
694,1000000,10,5,0.13,514142
655,1000000,10,5,0.13,514155
685,1000000,10,5,0.13,514175
684,1000000,10,5,0.13,514304
654,1000000,10,5,0.13,514394
659,1000000,10,5,0.13,514492
701,1000000,10,5,0.14,1
703,1000000,10,5,0.14,1
705,1000000,10,5,0.14,1
711,1000000,10,5,0.14,1
712,1000000,10,5,0.14,1
713,1000000,10,5,0.14,1
714,1000000,10,5,0.14,1
715,1000000,10,5,0.14,1
718,1000000,10,5,0.14,1
719,1000000,10,5,0.14,1
721,1000000,10,5,0.14,1
725,1000000,10,5,0.14,1
727,1000000,10,5,0.14,1
730,1000000,10,5,0.14,1
733,1000000,10,5,0.14,1
734,1000000,10,5,0.14,1
735,1000000,10,5,0.14,1
738,1000000,10,5,0.14,1
739,1000000,10,5,0.14,1
742,1000000,10,5,0.14,1
745,1000000,10,5,0.14,1
747,1000000,10,5,0.14,1
741,1000000,10,5,0.14,517199
744,1000000,10,5,0.14,517289
728,1000000,10,5,0.14,517363
704,1000000,10,5,0.14,517372
710,1000000,10,5,0.14,517376
700,1000000,10,5,0.14,517381
707,1000000,10,5,0.14,517392
720,1000000,10,5,0.14,517396
743,1000000,10,5,0.14,517401
723,1000000,10,5,0.14,517404
726,1000000,10,5,0.14,517435
731,1000000,10,5,0.14,517471
748,1000000,10,5,0.14,517475
749,1000000,10,5,0.14,517478
716,1000000,10,5,0.14,517499
740,1000000,10,5,0.14,517509
736,1000000,10,5,0.14,517519
732,1000000,10,5,0.14,517521
702,1000000,10,5,0.14,517527
706,1000000,10,5,0.14,517542
722,1000000,10,5,0.14,517545
717,1000000,10,5,0.14,517555
746,1000000,10,5,0.14,517560
724,1000000,10,5,0.14,517570
709,1000000,10,5,0.14,517587
737,1000000,10,5,0.14,517611
708,1000000,10,5,0.14,517666
729,1000000,10,5,0.14,517709
750,1000000,10,5,0.15,1
751,1000000,10,5,0.15,1
753,1000000,10,5,0.15,1
760,1000000,10,5,0.15,1
761,1000000,10,5,0.15,1
763,1000000,10,5,0.15,1
768,1000000,10,5,0.15,1
769,1000000,10,5,0.15,1
772,1000000,10,5,0.15,1
777,1000000,10,5,0.15,1
779,1000000,10,5,0.15,1
783,1000000,10,5,0.15,1
785,1000000,10,5,0.15,1
787,1000000,10,5,0.15,1
790,1000000,10,5,0.15,1
791,1000000,10,5,0.15,1
793,1000000,10,5,0.15,1
794,1000000,10,5,0.15,1
795,1000000,10,5,0.15,1
796,1000000,10,5,0.15,1
797,1000000,10,5,0.15,1
799,1000000,10,5,0.15,1
778,1000000,10,5,0.15,519824
755,1000000,10,5,0.15,519894
762,1000000,10,5,0.15,519918
757,1000000,10,5,0.15,519940
766,1000000,10,5,0.15,519967
776,1000000,10,5,0.15,519987
752,1000000,10,5,0.15,519996
781,1000000,10,5,0.15,519997
756,1000000,10,5,0.15,520030
788,1000000,10,5,0.15,520036
767,1000000,10,5,0.15,520049
784,1000000,10,5,0.15,520049
789,1000000,10,5,0.15,520049
759,1000000,10,5,0.15,520056
775,1000000,10,5,0.15,520068
754,1000000,10,5,0.15,520100
798,1000000,10,5,0.15,520103
764,1000000,10,5,0.15,520110
758,1000000,10,5,0.15,520111
771,1000000,10,5,0.15,520115
786,1000000,10,5,0.15,520117
770,1000000,10,5,0.15,520132
792,1000000,10,5,0.15,520138
765,1000000,10,5,0.15,520152
774,1000000,10,5,0.15,520227
780,1000000,10,5,0.15,520240
782,1000000,10,5,0.15,520242
773,1000000,10,5,0.15,520267
801,1000000,10,5,0.16,1
802,1000000,10,5,0.16,1
805,1000000,10,5,0.16,1
806,1000000,10,5,0.16,1
807,1000000,10,5,0.16,1
808,1000000,10,5,0.16,1
810,1000000,10,5,0.16,1
811,1000000,10,5,0.16,1
812,1000000,10,5,0.16,1
814,1000000,10,5,0.16,1
817,1000000,10,5,0.16,1
818,1000000,10,5,0.16,1
819,1000000,10,5,0.16,1
825,1000000,10,5,0.16,1
829,1000000,10,5,0.16,1
832,1000000,10,5,0.16,1
835,1000000,10,5,0.16,1
836,1000000,10,5,0.16,1
837,1000000,10,5,0.16,1
838,1000000,10,5,0.16,1
839,1000000,10,5,0.16,1
840,1000000,10,5,0.16,1
841,1000000,10,5,0.16,1
845,1000000,10,5,0.16,1
847,1000000,10,5,0.16,1
848,1000000,10,5,0.16,521870
800,1000000,10,5,0.16,521881
823,1000000,10,5,0.16,521973
844,1000000,10,5,0.16,521992
821,1000000,10,5,0.16,521999
843,1000000,10,5,0.16,522012
803,1000000,10,5,0.16,522019
828,1000000,10,5,0.16,522032
809,1000000,10,5,0.16,522033
824,1000000,10,5,0.16,522042
830,1000000,10,5,0.16,522043
822,1000000,10,5,0.16,522061
842,1000000,10,5,0.16,522073
827,1000000,10,5,0.16,522085
815,1000000,10,5,0.16,522093
816,1000000,10,5,0.16,522100
849,1000000,10,5,0.16,522104
846,1000000,10,5,0.16,522107
834,1000000,10,5,0.16,522110
820,1000000,10,5,0.16,522126
831,1000000,10,5,0.16,522132
833,1000000,10,5,0.16,522148
813,1000000,10,5,0.16,522156
826,1000000,10,5,0.16,522220
804,1000000,10,5,0.16,522264
852,1000000,10,5,0.17,1
856,1000000,10,5,0.17,1
859,1000000,10,5,0.17,1
866,1000000,10,5,0.17,1
869,1000000,10,5,0.17,1
880,1000000,10,5,0.17,1
881,1000000,10,5,0.17,1
882,1000000,10,5,0.17,1
884,1000000,10,5,0.17,1
888,1000000,10,5,0.17,1
889,1000000,10,5,0.17,1
890,1000000,10,5,0.17,1
894,1000000,10,5,0.17,1
898,1000000,10,5,0.17,1
899,1000000,10,5,0.17,1
863,1000000,10,5,0.17,523350
864,1000000,10,5,0.17,523354
874,1000000,10,5,0.17,523383
860,1000000,10,5,0.17,523429
886,1000000,10,5,0.17,523451
853,1000000,10,5,0.17,523453
873,1000000,10,5,0.17,523470
883,1000000,10,5,0.17,523477
895,1000000,10,5,0.17,523485
862,1000000,10,5,0.17,523486
892,1000000,10,5,0.17,523490
857,1000000,10,5,0.17,523501
871,1000000,10,5,0.17,523503
855,1000000,10,5,0.17,523504
887,1000000,10,5,0.17,523505
870,1000000,10,5,0.17,523507
867,1000000,10,5,0.17,523510
875,1000000,10,5,0.17,523513
896,1000000,10,5,0.17,523513
879,1000000,10,5,0.17,523515
897,1000000,10,5,0.17,523526
885,1000000,10,5,0.17,523541
854,1000000,10,5,0.17,523544
851,1000000,10,5,0.17,523553
872,1000000,10,5,0.17,523556
868,1000000,10,5,0.17,523567
891,1000000,10,5,0.17,523570
893,1000000,10,5,0.17,523594
858,1000000,10,5,0.17,523599
865,1000000,10,5,0.17,523605
876,1000000,10,5,0.17,523634
861,1000000,10,5,0.17,523640
878,1000000,10,5,0.17,523644
850,1000000,10,5,0.17,523648
877,1000000,10,5,0.17,523703
903,1000000,10,5,0.18,1
904,1000000,10,5,0.18,1
907,1000000,10,5,0.18,1
908,1000000,10,5,0.18,1
909,1000000,10,5,0.18,1
911,1000000,10,5,0.18,1
913,1000000,10,5,0.18,1
914,1000000,10,5,0.18,1
918,1000000,10,5,0.18,1
919,1000000,10,5,0.18,1
920,1000000,10,5,0.18,1
922,1000000,10,5,0.18,1
923,1000000,10,5,0.18,1
924,1000000,10,5,0.18,1
927,1000000,10,5,0.18,1
929,1000000,10,5,0.18,1
930,1000000,10,5,0.18,1
932,1000000,10,5,0.18,1
934,1000000,10,5,0.18,1
935,1000000,10,5,0.18,1
936,1000000,10,5,0.18,1
938,1000000,10,5,0.18,1
939,1000000,10,5,0.18,1
944,1000000,10,5,0.18,1
945,1000000,10,5,0.18,1
946,1000000,10,5,0.18,1
947,1000000,10,5,0.18,1
910,1000000,10,5,0.18,524540
933,1000000,10,5,0.18,524566
906,1000000,10,5,0.18,524568
917,1000000,10,5,0.18,524585
915,1000000,10,5,0.18,524601
912,1000000,10,5,0.18,524605
948,1000000,10,5,0.18,524610
940,1000000,10,5,0.18,524627
901,1000000,10,5,0.18,524635
949,1000000,10,5,0.18,524639
902,1000000,10,5,0.18,524643
900,1000000,10,5,0.18,524644
937,1000000,10,5,0.18,524652
943,1000000,10,5,0.18,524672
942,1000000,10,5,0.18,524673
926,1000000,10,5,0.18,524683
941,1000000,10,5,0.18,524691
928,1000000,10,5,0.18,524698
921,1000000,10,5,0.18,524701
905,1000000,10,5,0.18,524704
916,1000000,10,5,0.18,524715
931,1000000,10,5,0.18,524749
925,1000000,10,5,0.18,524806
950,1000000,10,5,0.19,1
951,1000000,10,5,0.19,1
952,1000000,10,5,0.19,1
953,1000000,10,5,0.19,1
954,1000000,10,5,0.19,1
957,1000000,10,5,0.19,1
958,1000000,10,5,0.19,1
960,1000000,10,5,0.19,1
961,1000000,10,5,0.19,1
963,1000000,10,5,0.19,1
964,1000000,10,5,0.19,1
965,1000000,10,5,0.19,1
967,1000000,10,5,0.19,1
969,1000000,10,5,0.19,1
971,1000000,10,5,0.19,1
974,1000000,10,5,0.19,1
977,1000000,10,5,0.19,1
979,1000000,10,5,0.19,1
981,1000000,10,5,0.19,1
982,1000000,10,5,0.19,1
983,1000000,10,5,0.19,1
985,1000000,10,5,0.19,1
986,1000000,10,5,0.19,1
988,1000000,10,5,0.19,1
990,1000000,10,5,0.19,1
991,1000000,10,5,0.19,1
992,1000000,10,5,0.19,1
996,1000000,10,5,0.19,1
997,1000000,10,5,0.19,1
998,1000000,10,5,0.19,1
976,1000000,10,5,0.19,525458
973,1000000,10,5,0.19,525469
968,1000000,10,5,0.19,525472
966,1000000,10,5,0.19,525484
978,1000000,10,5,0.19,525489
962,1000000,10,5,0.19,525509
993,1000000,10,5,0.19,525509
984,1000000,10,5,0.19,525527
955,1000000,10,5,0.19,525530
995,1000000,10,5,0.19,525540
989,1000000,10,5,0.19,525562
980,1000000,10,5,0.19,525565
975,1000000,10,5,0.19,525568
987,1000000,10,5,0.19,525579
956,1000000,10,5,0.19,525586
970,1000000,10,5,0.19,525588
972,1000000,10,5,0.19,525589
999,1000000,10,5,0.19,525594
994,1000000,10,5,0.19,525607
959,1000000,10,5,0.19,525633
1001,1000000,10,5,0.2,1
1003,1000000,10,5,0.2,1
1005,1000000,10,5,0.2,1
1007,1000000,10,5,0.2,1
1009,1000000,10,5,0.2,1
1016,1000000,10,5,0.2,1
1017,1000000,10,5,0.2,1
1019,1000000,10,5,0.2,1
1021,1000000,10,5,0.2,1
1024,1000000,10,5,0.2,1
1028,1000000,10,5,0.2,1
1033,1000000,10,5,0.2,1
1035,1000000,10,5,0.2,1
1036,1000000,10,5,0.2,1
1039,1000000,10,5,0.2,1
1040,1000000,10,5,0.2,1
1041,1000000,10,5,0.2,1
1042,1000000,10,5,0.2,1
1043,1000000,10,5,0.2,1
1044,1000000,10,5,0.2,1
1046,1000000,10,5,0.2,1
1047,1000000,10,5,0.2,1
1049,1000000,10,5,0.2,1
1011,1000000,10,5,0.2,526081
1029,1000000,10,5,0.2,526082
1008,1000000,10,5,0.2,526106
1031,1000000,10,5,0.2,526120
1006,1000000,10,5,0.2,526124
1048,1000000,10,5,0.2,526130
1045,1000000,10,5,0.2,526133
1022,1000000,10,5,0.2,526156
1013,1000000,10,5,0.2,526161
1020,1000000,10,5,0.2,526174
1018,1000000,10,5,0.2,526175
1026,1000000,10,5,0.2,526185
1012,1000000,10,5,0.2,526197
1023,1000000,10,5,0.2,526197
1038,1000000,10,5,0.2,526198
1037,1000000,10,5,0.2,526206
1010,1000000,10,5,0.2,526207
1030,1000000,10,5,0.2,526207
1002,1000000,10,5,0.2,526210
1000,1000000,10,5,0.2,526217
1004,1000000,10,5,0.2,526221
1032,1000000,10,5,0.2,526243
1025,1000000,10,5,0.2,526246
1014,1000000,10,5,0.2,526247
1034,1000000,10,5,0.2,526278
1027,1000000,10,5,0.2,526286
1015,1000000,10,5,0.2,526302
1054,1000000,10,5,0.21,1
1055,1000000,10,5,0.21,1
1056,1000000,10,5,0.21,1
1061,1000000,10,5,0.21,1
1062,1000000,10,5,0.21,1
1063,1000000,10,5,0.21,1
1066,1000000,10,5,0.21,1
1067,1000000,10,5,0.21,1
1068,1000000,10,5,0.21,1
1069,1000000,10,5,0.21,1
1070,1000000,10,5,0.21,1
1072,1000000,10,5,0.21,1
1074,1000000,10,5,0.21,1
1075,1000000,10,5,0.21,1
1077,1000000,10,5,0.21,1
1079,1000000,10,5,0.21,1
1080,1000000,10,5,0.21,1
1081,1000000,10,5,0.21,1
1084,1000000,10,5,0.21,1
1085,1000000,10,5,0.21,1
1088,1000000,10,5,0.21,1
1091,1000000,10,5,0.21,1
1092,1000000,10,5,0.21,1
1093,1000000,10,5,0.21,1
1094,1000000,10,5,0.21,1
1095,1000000,10,5,0.21,1
1098,1000000,10,5,0.21,1
1090,1000000,10,5,0.21,526524
1089,1000000,10,5,0.21,526591
1097,1000000,10,5,0.21,526602
1071,1000000,10,5,0.21,526615
1052,1000000,10,5,0.21,526639
1083,1000000,10,5,0.21,526642
1064,1000000,10,5,0.21,526646
1051,1000000,10,5,0.21,526655
1060,1000000,10,5,0.21,526661
1053,1000000,10,5,0.21,526679
1096,1000000,10,5,0.21,526685
1073,1000000,10,5,0.21,526687
1086,1000000,10,5,0.21,526689
1058,1000000,10,5,0.21,526691
1057,1000000,10,5,0.21,526703
1082,1000000,10,5,0.21,526703
1087,1000000,10,5,0.21,526711
1076,1000000,10,5,0.21,526714
1065,1000000,10,5,0.21,526715
1078,1000000,10,5,0.21,526732
1099,1000000,10,5,0.21,526758
1059,1000000,10,5,0.21,526795
1050,1000000,10,5,0.21,526807
1102,1000000,10,5,0.22,1
1103,1000000,10,5,0.22,1
1104,1000000,10,5,0.22,1
1114,1000000,10,5,0.22,1
1116,1000000,10,5,0.22,1
1117,1000000,10,5,0.22,1
1118,1000000,10,5,0.22,1
1120,1000000,10,5,0.22,1
1121,1000000,10,5,0.22,1
1124,1000000,10,5,0.22,1
1125,1000000,10,5,0.22,1
1129,1000000,10,5,0.22,1
1131,1000000,10,5,0.22,1
1134,1000000,10,5,0.22,1
1135,1000000,10,5,0.22,1
1137,1000000,10,5,0.22,1
1138,1000000,10,5,0.22,1
1140,1000000,10,5,0.22,1
1143,1000000,10,5,0.22,1
1146,1000000,10,5,0.22,1
1148,1000000,10,5,0.22,1
1149,1000000,10,5,0.22,1
1107,1000000,10,5,0.22,526983
1128,1000000,10,5,0.22,527009
1119,1000000,10,5,0.22,527033
1122,1000000,10,5,0.22,527037
1141,1000000,10,5,0.22,527042
1108,1000000,10,5,0.22,527043
1130,1000000,10,5,0.22,527043
1126,1000000,10,5,0.22,527047
1147,1000000,10,5,0.22,527058
1142,1000000,10,5,0.22,527060
1105,1000000,10,5,0.22,527061
1113,1000000,10,5,0.22,527067
1133,1000000,10,5,0.22,527068
1112,1000000,10,5,0.22,527072
1106,1000000,10,5,0.22,527074
1110,1000000,10,5,0.22,527075
1127,1000000,10,5,0.22,527079
1115,1000000,10,5,0.22,527082
1136,1000000,10,5,0.22,527098
1100,1000000,10,5,0.22,527105
1145,1000000,10,5,0.22,527106
1109,1000000,10,5,0.22,527108
1144,1000000,10,5,0.22,527114
1101,1000000,10,5,0.22,527141
1132,1000000,10,5,0.22,527141
1111,1000000,10,5,0.22,527150
1123,1000000,10,5,0.22,527159
1139,1000000,10,5,0.22,527163
1150,1000000,10,5,0.23,1
1153,1000000,10,5,0.23,1
1156,1000000,10,5,0.23,1
1157,1000000,10,5,0.23,1
1159,1000000,10,5,0.23,1
1162,1000000,10,5,0.23,1
1163,1000000,10,5,0.23,1
1166,1000000,10,5,0.23,1
1167,1000000,10,5,0.23,1
1168,1000000,10,5,0.23,1
1169,1000000,10,5,0.23,1
1170,1000000,10,5,0.23,1
1171,1000000,10,5,0.23,1
1172,1000000,10,5,0.23,1
1174,1000000,10,5,0.23,1
1175,1000000,10,5,0.23,1
1177,1000000,10,5,0.23,1
1181,1000000,10,5,0.23,1
1182,1000000,10,5,0.23,1
1185,1000000,10,5,0.23,1
1187,1000000,10,5,0.23,1
1196,1000000,10,5,0.23,1
1199,1000000,10,5,0.23,1
1186,1000000,10,5,0.23,527311
1152,1000000,10,5,0.23,527316
1173,1000000,10,5,0.23,527333
1158,1000000,10,5,0.23,527346
1195,1000000,10,5,0.23,527349
1183,1000000,10,5,0.23,527356
1161,1000000,10,5,0.23,527361
1165,1000000,10,5,0.23,527361
1160,1000000,10,5,0.23,527368
1191,1000000,10,5,0.23,527368
1176,1000000,10,5,0.23,527369
1190,1000000,10,5,0.23,527372
1193,1000000,10,5,0.23,527387
1194,1000000,10,5,0.23,527388
1189,1000000,10,5,0.23,527389
1197,1000000,10,5,0.23,527398
1180,1000000,10,5,0.23,527400
1188,1000000,10,5,0.23,527402
1154,1000000,10,5,0.23,527405
1178,1000000,10,5,0.23,527410
1179,1000000,10,5,0.23,527410
1155,1000000,10,5,0.23,527411
1198,1000000,10,5,0.23,527428
1164,1000000,10,5,0.23,527444
1184,1000000,10,5,0.23,527446
1192,1000000,10,5,0.23,527449
1151,1000000,10,5,0.23,527454
1201,1000000,10,5,0.24,1
1202,1000000,10,5,0.24,1
1203,1000000,10,5,0.24,1
1205,1000000,10,5,0.24,1
1207,1000000,10,5,0.24,1
1208,1000000,10,5,0.24,1
1210,1000000,10,5,0.24,1
1213,1000000,10,5,0.24,1
1218,1000000,10,5,0.24,1
1220,1000000,10,5,0.24,1
1221,1000000,10,5,0.24,1
1224,1000000,10,5,0.24,1
1229,1000000,10,5,0.24,1
1231,1000000,10,5,0.24,1
1234,1000000,10,5,0.24,1
1235,1000000,10,5,0.24,1
1239,1000000,10,5,0.24,1
1241,1000000,10,5,0.24,1
1242,1000000,10,5,0.24,1
1244,1000000,10,5,0.24,1
1245,1000000,10,5,0.24,1
1246,1000000,10,5,0.24,1
1248,1000000,10,5,0.24,527529
1226,1000000,10,5,0.24,527550
1212,1000000,10,5,0.24,527571
1236,1000000,10,5,0.24,527593
1225,1000000,10,5,0.24,527595
1216,1000000,10,5,0.24,527596
1237,1000000,10,5,0.24,527600
1223,1000000,10,5,0.24,527601
1232,1000000,10,5,0.24,527601
1204,1000000,10,5,0.24,527602
1243,1000000,10,5,0.24,527607
1219,1000000,10,5,0.24,527608
1240,1000000,10,5,0.24,527612
1222,1000000,10,5,0.24,527619
1227,1000000,10,5,0.24,527619
1215,1000000,10,5,0.24,527620
1228,1000000,10,5,0.24,527624
1200,1000000,10,5,0.24,527625
1233,1000000,10,5,0.24,527626
1206,1000000,10,5,0.24,527628
1238,1000000,10,5,0.24,527628
1211,1000000,10,5,0.24,527638
1249,1000000,10,5,0.24,527640
1214,1000000,10,5,0.24,527647
1217,1000000,10,5,0.24,527648
1247,1000000,10,5,0.24,527651
1209,1000000,10,5,0.24,527659
1230,1000000,10,5,0.24,527659
1250,1000000,10,5,0.25,1
1253,1000000,10,5,0.25,1
1254,1000000,10,5,0.25,1
1255,1000000,10,5,0.25,1
1256,1000000,10,5,0.25,1
1257,1000000,10,5,0.25,1
1262,1000000,10,5,0.25,1
1264,1000000,10,5,0.25,1
1266,1000000,10,5,0.25,1
1269,1000000,10,5,0.25,1
1270,1000000,10,5,0.25,1
1273,1000000,10,5,0.25,1
1274,1000000,10,5,0.25,1
1276,1000000,10,5,0.25,1
1279,1000000,10,5,0.25,1
1281,1000000,10,5,0.25,1
1282,1000000,10,5,0.25,1
1286,1000000,10,5,0.25,1
1288,1000000,10,5,0.25,1
1289,1000000,10,5,0.25,1
1291,1000000,10,5,0.25,1
1292,1000000,10,5,0.25,1
1294,1000000,10,5,0.25,1
1295,1000000,10,5,0.25,1
1298,1000000,10,5,0.25,1
1251,1000000,10,5,0.25,527720
1271,1000000,10,5,0.25,527784
1284,1000000,10,5,0.25,527788
1268,1000000,10,5,0.25,527790
1260,1000000,10,5,0.25,527797
1275,1000000,10,5,0.25,527801
1258,1000000,10,5,0.25,527806
1285,1000000,10,5,0.25,527814
1290,1000000,10,5,0.25,527814
1259,1000000,10,5,0.25,527815
1267,1000000,10,5,0.25,527816
1297,1000000,10,5,0.25,527816
1277,1000000,10,5,0.25,527818
1261,1000000,10,5,0.25,527820
1287,1000000,10,5,0.25,527825
1278,1000000,10,5,0.25,527834
1296,1000000,10,5,0.25,527835
1272,1000000,10,5,0.25,527836
1252,1000000,10,5,0.25,527837
1263,1000000,10,5,0.25,527838
1283,1000000,10,5,0.25,527845
1280,1000000,10,5,0.25,527850
1299,1000000,10,5,0.25,527850
1265,1000000,10,5,0.25,527851
1293,1000000,10,5,0.25,527861
1300,1000000,10,5,0.26,1
1303,1000000,10,5,0.26,1
1304,1000000,10,5,0.26,1
1306,1000000,10,5,0.26,1
1307,1000000,10,5,0.26,1
1308,1000000,10,5,0.26,1
1309,1000000,10,5,0.26,1
1314,1000000,10,5,0.26,1
1316,1000000,10,5,0.26,1
1323,1000000,10,5,0.26,1
1325,1000000,10,5,0.26,1
1326,1000000,10,5,0.26,1
1327,1000000,10,5,0.26,1
1330,1000000,10,5,0.26,1
1331,1000000,10,5,0.26,1
1335,1000000,10,5,0.26,1
1336,1000000,10,5,0.26,1
1338,1000000,10,5,0.26,1
1339,1000000,10,5,0.26,1
1340,1000000,10,5,0.26,1
1343,1000000,10,5,0.26,1
1344,1000000,10,5,0.26,1
1347,1000000,10,5,0.26,1
1349,1000000,10,5,0.26,1
1346,1000000,10,5,0.26,527897
1311,1000000,10,5,0.26,527923
1305,1000000,10,5,0.26,527929
1322,1000000,10,5,0.26,527930
1312,1000000,10,5,0.26,527933
1333,1000000,10,5,0.26,527933
1317,1000000,10,5,0.26,527941
1348,1000000,10,5,0.26,527941
1337,1000000,10,5,0.26,527942
1302,1000000,10,5,0.26,527945
1310,1000000,10,5,0.26,527949
1321,1000000,10,5,0.26,527958
1342,1000000,10,5,0.26,527966
1319,1000000,10,5,0.26,527968
1328,1000000,10,5,0.26,527969
1329,1000000,10,5,0.26,527973
1345,1000000,10,5,0.26,527977
1301,1000000,10,5,0.26,527980
1324,1000000,10,5,0.26,527984
1334,1000000,10,5,0.26,527987
1318,1000000,10,5,0.26,527992
1315,1000000,10,5,0.26,527993
1341,1000000,10,5,0.26,527994
1332,1000000,10,5,0.26,527996
1313,1000000,10,5,0.26,527999
1320,1000000,10,5,0.26,528027
1350,1000000,10,5,0.27,1
1353,1000000,10,5,0.27,1
1354,1000000,10,5,0.27,1
1356,1000000,10,5,0.27,1
1357,1000000,10,5,0.27,1
1359,1000000,10,5,0.27,1
1368,1000000,10,5,0.27,1
1371,1000000,10,5,0.27,1
1374,1000000,10,5,0.27,1
1376,1000000,10,5,0.27,1
1377,1000000,10,5,0.27,1
1379,1000000,10,5,0.27,1
1380,1000000,10,5,0.27,1
1382,1000000,10,5,0.27,1
1384,1000000,10,5,0.27,1
1386,1000000,10,5,0.27,1
1387,1000000,10,5,0.27,1
1389,1000000,10,5,0.27,1
1391,1000000,10,5,0.27,1
1392,1000000,10,5,0.27,1
1394,1000000,10,5,0.27,1
1395,1000000,10,5,0.27,1
1396,1000000,10,5,0.27,1
1397,1000000,10,5,0.27,1
1398,1000000,10,5,0.27,1
1399,1000000,10,5,0.27,1
1352,1000000,10,5,0.27,528024
1362,1000000,10,5,0.27,528024
1390,1000000,10,5,0.27,528039
1385,1000000,10,5,0.27,528040
1355,1000000,10,5,0.27,528052
1365,1000000,10,5,0.27,528059
1364,1000000,10,5,0.27,528063
1383,1000000,10,5,0.27,528065
1367,1000000,10,5,0.27,528068
1381,1000000,10,5,0.27,528068
1375,1000000,10,5,0.27,528070
1363,1000000,10,5,0.27,528072
1373,1000000,10,5,0.27,528074
1361,1000000,10,5,0.27,528086
1358,1000000,10,5,0.27,528087
1369,1000000,10,5,0.27,528087
1378,1000000,10,5,0.27,528092
1388,1000000,10,5,0.27,528098
1370,1000000,10,5,0.27,528100
1393,1000000,10,5,0.27,528100
1366,1000000,10,5,0.27,528102
1360,1000000,10,5,0.27,528105
1372,1000000,10,5,0.27,528109
1351,1000000,10,5,0.27,528110
1401,1000000,10,5,0.28,1
1405,1000000,10,5,0.28,1
1406,1000000,10,5,0.28,1
1410,1000000,10,5,0.28,1
1411,1000000,10,5,0.28,1
1412,1000000,10,5,0.28,1
1413,1000000,10,5,0.28,1
1416,1000000,10,5,0.28,1
1417,1000000,10,5,0.28,1
1418,1000000,10,5,0.28,1
1420,1000000,10,5,0.28,1
1422,1000000,10,5,0.28,1
1423,1000000,10,5,0.28,1
1425,1000000,10,5,0.28,1
1426,1000000,10,5,0.28,1
1430,1000000,10,5,0.28,1
1434,1000000,10,5,0.28,1
1435,1000000,10,5,0.28,1
1436,1000000,10,5,0.28,1
1438,1000000,10,5,0.28,1
1447,1000000,10,5,0.28,1
1408,1000000,10,5,0.28,528130
1421,1000000,10,5,0.28,528148
1441,1000000,10,5,0.28,528156
1415,1000000,10,5,0.28,528161
1446,1000000,10,5,0.28,528161
1409,1000000,10,5,0.28,528163
1444,1000000,10,5,0.28,528164
1400,1000000,10,5,0.28,528167
1402,1000000,10,5,0.28,528169
1404,1000000,10,5,0.28,528169
1449,1000000,10,5,0.28,528170
1424,1000000,10,5,0.28,528171
1433,1000000,10,5,0.28,528172
1437,1000000,10,5,0.28,528172
1445,1000000,10,5,0.28,528172
1419,1000000,10,5,0.28,528174
1428,1000000,10,5,0.28,528176
1403,1000000,10,5,0.28,528177
1440,1000000,10,5,0.28,528179
1443,1000000,10,5,0.28,528180
1439,1000000,10,5,0.28,528182
1429,1000000,10,5,0.28,528186
1414,1000000,10,5,0.28,528187
1431,1000000,10,5,0.28,528187
1442,1000000,10,5,0.28,528194
1448,1000000,10,5,0.28,528194
1407,1000000,10,5,0.28,528201
1432,1000000,10,5,0.28,528205
1427,1000000,10,5,0.28,528215
1452,1000000,10,5,0.29,1
1457,1000000,10,5,0.29,1
1459,1000000,10,5,0.29,1
1460,1000000,10,5,0.29,1
1462,1000000,10,5,0.29,1
1463,1000000,10,5,0.29,1
1464,1000000,10,5,0.29,1
1465,1000000,10,5,0.29,1
1466,1000000,10,5,0.29,1
1469,1000000,10,5,0.29,1
1470,1000000,10,5,0.29,1
1471,1000000,10,5,0.29,1
1475,1000000,10,5,0.29,1
1476,1000000,10,5,0.29,1
1477,1000000,10,5,0.29,1
1480,1000000,10,5,0.29,1
1481,1000000,10,5,0.29,1
1483,1000000,10,5,0.29,1
1484,1000000,10,5,0.29,1
1485,1000000,10,5,0.29,1
1486,1000000,10,5,0.29,1
1488,1000000,10,5,0.29,1
1489,1000000,10,5,0.29,1
1490,1000000,10,5,0.29,1
1491,1000000,10,5,0.29,1
1496,1000000,10,5,0.29,1
1498,1000000,10,5,0.29,1
1499,1000000,10,5,0.29,1
1472,1000000,10,5,0.29,528206
1482,1000000,10,5,0.29,528217
1495,1000000,10,5,0.29,528222
1473,1000000,10,5,0.29,528226
1461,1000000,10,5,0.29,528232
1453,1000000,10,5,0.29,528233
1494,1000000,10,5,0.29,528233
1458,1000000,10,5,0.29,528234
1468,1000000,10,5,0.29,528235
1450,1000000,10,5,0.29,528238
1451,1000000,10,5,0.29,528238
1492,1000000,10,5,0.29,528239
1455,1000000,10,5,0.29,528240
1454,1000000,10,5,0.29,528244
1487,1000000,10,5,0.29,528244
1493,1000000,10,5,0.29,528245
1479,1000000,10,5,0.29,528255
1474,1000000,10,5,0.29,528262
1456,1000000,10,5,0.29,528266
1497,1000000,10,5,0.29,528268
1467,1000000,10,5,0.29,528271
1478,1000000,10,5,0.29,528283
1500,1000000,10,5,0.3,1
1501,1000000,10,5,0.3,1
1502,1000000,10,5,0.3,1
1506,1000000,10,5,0.3,1
1508,1000000,10,5,0.3,1
1511,1000000,10,5,0.3,1
1512,1000000,10,5,0.3,1
1514,1000000,10,5,0.3,1
1515,1000000,10,5,0.3,1
1518,1000000,10,5,0.3,1
1526,1000000,10,5,0.3,1
1530,1000000,10,5,0.3,1
1531,1000000,10,5,0.3,1
1532,1000000,10,5,0.3,1
1533,1000000,10,5,0.3,1
1534,1000000,10,5,0.3,1
1535,1000000,10,5,0.3,1
1538,1000000,10,5,0.3,1
1543,1000000,10,5,0.3,1
1545,1000000,10,5,0.3,1
1546,1000000,10,5,0.3,1
1549,1000000,10,5,0.3,1
1516,1000000,10,5,0.3,528248
1547,1000000,10,5,0.3,528254
1504,1000000,10,5,0.3,528274
1542,1000000,10,5,0.3,528282
1510,1000000,10,5,0.3,528286
1537,1000000,10,5,0.3,528289
1523,1000000,10,5,0.3,528294
1513,1000000,10,5,0.3,528299
1529,1000000,10,5,0.3,528299
1539,1000000,10,5,0.3,528299
1520,1000000,10,5,0.3,528300
1524,1000000,10,5,0.3,528300
1505,1000000,10,5,0.3,528301
1521,1000000,10,5,0.3,528302
1519,1000000,10,5,0.3,528309
1528,1000000,10,5,0.3,528310
1525,1000000,10,5,0.3,528312
1503,1000000,10,5,0.3,528313
1517,1000000,10,5,0.3,528315
1536,1000000,10,5,0.3,528315
1544,1000000,10,5,0.3,528315
1522,1000000,10,5,0.3,528316
1527,1000000,10,5,0.3,528316
1540,1000000,10,5,0.3,528318
1541,1000000,10,5,0.3,528323
1509,1000000,10,5,0.3,528324
1507,1000000,10,5,0.3,528334
1548,1000000,10,5,0.3,528335
1552,1000000,10,5,0.31,1
1554,1000000,10,5,0.31,1
1555,1000000,10,5,0.31,1
1556,1000000,10,5,0.31,1
1557,1000000,10,5,0.31,1
1558,1000000,10,5,0.31,1
1560,1000000,10,5,0.31,1
1561,1000000,10,5,0.31,1
1566,1000000,10,5,0.31,1
1569,1000000,10,5,0.31,1
1570,1000000,10,5,0.31,1
1573,1000000,10,5,0.31,1
1574,1000000,10,5,0.31,1
1576,1000000,10,5,0.31,1
1578,1000000,10,5,0.31,1
1581,1000000,10,5,0.31,1
1582,1000000,10,5,0.31,1
1584,1000000,10,5,0.31,1
1585,1000000,10,5,0.31,1
1586,1000000,10,5,0.31,1
1587,1000000,10,5,0.31,1
1588,1000000,10,5,0.31,1
1589,1000000,10,5,0.31,1
1590,1000000,10,5,0.31,1
1591,1000000,10,5,0.31,1
1593,1000000,10,5,0.31,1
1595,1000000,10,5,0.31,1
1559,1000000,10,5,0.31,528307
1572,1000000,10,5,0.31,528324
1598,1000000,10,5,0.31,528332
1563,1000000,10,5,0.31,528334
1597,1000000,10,5,0.31,528334
1553,1000000,10,5,0.31,528336
1568,1000000,10,5,0.31,528337
1565,1000000,10,5,0.31,528339
1594,1000000,10,5,0.31,528339
1583,1000000,10,5,0.31,528341
1596,1000000,10,5,0.31,528341
1579,1000000,10,5,0.31,528348
1575,1000000,10,5,0.31,528349
1599,1000000,10,5,0.31,528352
1567,1000000,10,5,0.31,528353
1564,1000000,10,5,0.31,528354
1550,1000000,10,5,0.31,528355
1580,1000000,10,5,0.31,528357
1592,1000000,10,5,0.31,528357
1571,1000000,10,5,0.31,528358
1577,1000000,10,5,0.31,528364
1562,1000000,10,5,0.31,528377
1551,1000000,10,5,0.31,528387
1601,1000000,10,5,0.32,1
1602,1000000,10,5,0.32,1
1605,1000000,10,5,0.32,1
1607,1000000,10,5,0.32,1
1608,1000000,10,5,0.32,1
1611,1000000,10,5,0.32,1
1612,1000000,10,5,0.32,1
1613,1000000,10,5,0.32,1
1618,1000000,10,5,0.32,1
1620,1000000,10,5,0.32,1
1622,1000000,10,5,0.32,1
1626,1000000,10,5,0.32,1
1627,1000000,10,5,0.32,1
1628,1000000,10,5,0.32,1
1633,1000000,10,5,0.32,1
1635,1000000,10,5,0.32,1
1638,1000000,10,5,0.32,1
1640,1000000,10,5,0.32,1
1641,1000000,10,5,0.32,1
1642,1000000,10,5,0.32,1
1639,1000000,10,5,0.32,528343
1647,1000000,10,5,0.32,528367
1621,1000000,10,5,0.32,528371
1648,1000000,10,5,0.32,528378
1609,1000000,10,5,0.32,528382
1600,1000000,10,5,0.32,528386
1629,1000000,10,5,0.32,528386
1636,1000000,10,5,0.32,528389
1623,1000000,10,5,0.32,528393
1625,1000000,10,5,0.32,528393
1631,1000000,10,5,0.32,528394
1606,1000000,10,5,0.32,528395
1616,1000000,10,5,0.32,528397
1617,1000000,10,5,0.32,528397
1603,1000000,10,5,0.32,528398
1624,1000000,10,5,0.32,528398
1634,1000000,10,5,0.32,528398
1614,1000000,10,5,0.32,528399
1610,1000000,10,5,0.32,528400
1643,1000000,10,5,0.32,528401
1604,1000000,10,5,0.32,528404
1619,1000000,10,5,0.32,528404
1630,1000000,10,5,0.32,528404
1637,1000000,10,5,0.32,528406
1649,1000000,10,5,0.32,528406
1646,1000000,10,5,0.32,528408
1644,1000000,10,5,0.32,528409
1645,1000000,10,5,0.32,528411
1615,1000000,10,5,0.32,528419
1632,1000000,10,5,0.32,528422
1650,1000000,10,5,0.33,1
1651,1000000,10,5,0.33,1
1652,1000000,10,5,0.33,1
1653,1000000,10,5,0.33,1
1656,1000000,10,5,0.33,1
1658,1000000,10,5,0.33,1
1659,1000000,10,5,0.33,1
1660,1000000,10,5,0.33,1
1663,1000000,10,5,0.33,1
1665,1000000,10,5,0.33,1
1667,1000000,10,5,0.33,1
1668,1000000,10,5,0.33,1
1673,1000000,10,5,0.33,1
1674,1000000,10,5,0.33,1
1675,1000000,10,5,0.33,1
1676,1000000,10,5,0.33,1
1677,1000000,10,5,0.33,1
1678,1000000,10,5,0.33,1
1679,1000000,10,5,0.33,1
1683,1000000,10,5,0.33,1
1684,1000000,10,5,0.33,1
1687,1000000,10,5,0.33,1
1688,1000000,10,5,0.33,1
1689,1000000,10,5,0.33,1
1693,1000000,10,5,0.33,1
1694,1000000,10,5,0.33,1
1695,1000000,10,5,0.33,1
1696,1000000,10,5,0.33,1
1698,1000000,10,5,0.33,1
1686,1000000,10,5,0.33,528402
1669,1000000,10,5,0.33,528406
1670,1000000,10,5,0.33,528407
1662,1000000,10,5,0.33,528409
1681,1000000,10,5,0.33,528409
1685,1000000,10,5,0.33,528409
1682,1000000,10,5,0.33,528412
1699,1000000,10,5,0.33,528412
1672,1000000,10,5,0.33,528413
1664,1000000,10,5,0.33,528415
1697,1000000,10,5,0.33,528415
1680,1000000,10,5,0.33,528416
1654,1000000,10,5,0.33,528417
1692,1000000,10,5,0.33,528421
1661,1000000,10,5,0.33,528424
1657,1000000,10,5,0.33,528426
1655,1000000,10,5,0.33,528427
1666,1000000,10,5,0.33,528432
1690,1000000,10,5,0.33,528437
1691,1000000,10,5,0.33,528440
1671,1000000,10,5,0.33,528448
1700,1000000,10,5,0.34,1
1701,1000000,10,5,0.34,1
1704,1000000,10,5,0.34,1
1706,1000000,10,5,0.34,1
1708,1000000,10,5,0.34,1
1710,1000000,10,5,0.34,1
1711,1000000,10,5,0.34,1
1712,1000000,10,5,0.34,1
1713,1000000,10,5,0.34,1
1714,1000000,10,5,0.34,1
1716,1000000,10,5,0.34,1
1718,1000000,10,5,0.34,1
1719,1000000,10,5,0.34,1
1721,1000000,10,5,0.34,1
1722,1000000,10,5,0.34,1
1723,1000000,10,5,0.34,1
1724,1000000,10,5,0.34,1
1729,1000000,10,5,0.34,1
1730,1000000,10,5,0.34,1
1731,1000000,10,5,0.34,1
1732,1000000,10,5,0.34,1
1733,1000000,10,5,0.34,1
1736,1000000,10,5,0.34,1
1737,1000000,10,5,0.34,1
1746,1000000,10,5,0.34,1
1747,1000000,10,5,0.34,1
1749,1000000,10,5,0.34,1
1707,1000000,10,5,0.34,528417
1734,1000000,10,5,0.34,528430
1727,1000000,10,5,0.34,528431
1743,1000000,10,5,0.34,528432
1715,1000000,10,5,0.34,528434
1738,1000000,10,5,0.34,528435
1748,1000000,10,5,0.34,528435
1726,1000000,10,5,0.34,528437
1709,1000000,10,5,0.34,528440
1741,1000000,10,5,0.34,528441
1703,1000000,10,5,0.34,528442
1744,1000000,10,5,0.34,528445
1702,1000000,10,5,0.34,528446
1705,1000000,10,5,0.34,528448
1717,1000000,10,5,0.34,528449
1739,1000000,10,5,0.34,528449
1720,1000000,10,5,0.34,528450
1740,1000000,10,5,0.34,528451
1745,1000000,10,5,0.34,528452
1742,1000000,10,5,0.34,528456
1735,1000000,10,5,0.34,528458
1725,1000000,10,5,0.34,528459
1728,1000000,10,5,0.34,528460
1758,1000000,10,5,0.35,1
1761,1000000,10,5,0.35,1
1764,1000000,10,5,0.35,1
1765,1000000,10,5,0.35,1
1766,1000000,10,5,0.35,1
1767,1000000,10,5,0.35,1
1770,1000000,10,5,0.35,1
1771,1000000,10,5,0.35,1
1774,1000000,10,5,0.35,1
1775,1000000,10,5,0.35,1
1776,1000000,10,5,0.35,1
1778,1000000,10,5,0.35,1
1780,1000000,10,5,0.35,1
1783,1000000,10,5,0.35,1
1786,1000000,10,5,0.35,1
1788,1000000,10,5,0.35,1
1790,1000000,10,5,0.35,1
1791,1000000,10,5,0.35,1
1796,1000000,10,5,0.35,1
1769,1000000,10,5,0.35,528446
1797,1000000,10,5,0.35,528448
1760,1000000,10,5,0.35,528451
1759,1000000,10,5,0.35,528453
1798,1000000,10,5,0.35,528453
1750,1000000,10,5,0.35,528454
1751,1000000,10,5,0.35,528455
1777,1000000,10,5,0.35,528456
1785,1000000,10,5,0.35,528456
1757,1000000,10,5,0.35,528457
1784,1000000,10,5,0.35,528457
1793,1000000,10,5,0.35,528460
1794,1000000,10,5,0.35,528460
1768,1000000,10,5,0.35,528461
1754,1000000,10,5,0.35,528462
1787,1000000,10,5,0.35,528462
1792,1000000,10,5,0.35,528462
1763,1000000,10,5,0.35,528463
1772,1000000,10,5,0.35,528464
1781,1000000,10,5,0.35,528465
1789,1000000,10,5,0.35,528465
1795,1000000,10,5,0.35,528465
1799,1000000,10,5,0.35,528465
1762,1000000,10,5,0.35,528466
1773,1000000,10,5,0.35,528468
1782,1000000,10,5,0.35,528470
1755,1000000,10,5,0.35,528473
1779,1000000,10,5,0.35,528474
1752,1000000,10,5,0.35,528479
1753,1000000,10,5,0.35,528482
1756,1000000,10,5,0.35,528487
1801,1000000,10,5,0.36,1
1802,1000000,10,5,0.36,1
1807,1000000,10,5,0.36,1
1810,1000000,10,5,0.36,1
1814,1000000,10,5,0.36,1
1815,1000000,10,5,0.36,1
1827,1000000,10,5,0.36,1
1840,1000000,10,5,0.36,1
1842,1000000,10,5,0.36,1
1843,1000000,10,5,0.36,1
1844,1000000,10,5,0.36,1
1848,1000000,10,5,0.36,1
1833,1000000,10,5,0.36,528452
1808,1000000,10,5,0.36,528462
1804,1000000,10,5,0.36,528467
1822,1000000,10,5,0.36,528467
1831,1000000,10,5,0.36,528467
1841,1000000,10,5,0.36,528469
1849,1000000,10,5,0.36,528469
1828,1000000,10,5,0.36,528470
1826,1000000,10,5,0.36,528472
1845,1000000,10,5,0.36,528472
1800,1000000,10,5,0.36,528473
1829,1000000,10,5,0.36,528473
1803,1000000,10,5,0.36,528474
1837,1000000,10,5,0.36,528474
1819,1000000,10,5,0.36,528475
1832,1000000,10,5,0.36,528475
1813,1000000,10,5,0.36,528476
1835,1000000,10,5,0.36,528476
1806,1000000,10,5,0.36,528477
1818,1000000,10,5,0.36,528477
1846,1000000,10,5,0.36,528477
1805,1000000,10,5,0.36,528478
1821,1000000,10,5,0.36,528479
1836,1000000,10,5,0.36,528480
1847,1000000,10,5,0.36,528482
1811,1000000,10,5,0.36,528483
1824,1000000,10,5,0.36,528483
1809,1000000,10,5,0.36,528487
1812,1000000,10,5,0.36,528487
1839,1000000,10,5,0.36,528487
1816,1000000,10,5,0.36,528488
1817,1000000,10,5,0.36,528488
1838,1000000,10,5,0.36,528488
1820,1000000,10,5,0.36,528489
1834,1000000,10,5,0.36,528489
1825,1000000,10,5,0.36,528490
1823,1000000,10,5,0.36,528491
1830,1000000,10,5,0.36,528493
1851,1000000,10,5,0.37,1
1852,1000000,10,5,0.37,1
1853,1000000,10,5,0.37,1
1857,1000000,10,5,0.37,1
1858,1000000,10,5,0.37,1
1861,1000000,10,5,0.37,1
1863,1000000,10,5,0.37,1
1864,1000000,10,5,0.37,1
1866,1000000,10,5,0.37,1
1867,1000000,10,5,0.37,1
1868,1000000,10,5,0.37,1
1869,1000000,10,5,0.37,1
1870,1000000,10,5,0.37,1
1871,1000000,10,5,0.37,1
1874,1000000,10,5,0.37,1
1876,1000000,10,5,0.37,1
1878,1000000,10,5,0.37,1
1879,1000000,10,5,0.37,1
1883,1000000,10,5,0.37,1
1885,1000000,10,5,0.37,1
1888,1000000,10,5,0.37,1
1894,1000000,10,5,0.37,1
1897,1000000,10,5,0.37,1
1899,1000000,10,5,0.37,1
1884,1000000,10,5,0.37,528470
1896,1000000,10,5,0.37,528472
1889,1000000,10,5,0.37,528479
1872,1000000,10,5,0.37,528482
1859,1000000,10,5,0.37,528485
1890,1000000,10,5,0.37,528486
1860,1000000,10,5,0.37,528487
1877,1000000,10,5,0.37,528487
1891,1000000,10,5,0.37,528487
1898,1000000,10,5,0.37,528487
1865,1000000,10,5,0.37,528489
1854,1000000,10,5,0.37,528490
1875,1000000,10,5,0.37,528490
1887,1000000,10,5,0.37,528490
1850,1000000,10,5,0.37,528491
1856,1000000,10,5,0.37,528491
1882,1000000,10,5,0.37,528491
1892,1000000,10,5,0.37,528491
1873,1000000,10,5,0.37,528492
1893,1000000,10,5,0.37,528492
1855,1000000,10,5,0.37,528493
1862,1000000,10,5,0.37,528493
1880,1000000,10,5,0.37,528494
1886,1000000,10,5,0.37,528495
1895,1000000,10,5,0.37,528496
1881,1000000,10,5,0.37,528505
1900,1000000,10,5,0.38,1
1901,1000000,10,5,0.38,1
1902,1000000,10,5,0.38,1
1903,1000000,10,5,0.38,1
1904,1000000,10,5,0.38,1
1905,1000000,10,5,0.38,1
1906,1000000,10,5,0.38,1
1908,1000000,10,5,0.38,1
1910,1000000,10,5,0.38,1
1915,1000000,10,5,0.38,1
1916,1000000,10,5,0.38,1
1918,1000000,10,5,0.38,1
1919,1000000,10,5,0.38,1
1920,1000000,10,5,0.38,1
1922,1000000,10,5,0.38,1
1927,1000000,10,5,0.38,1
1929,1000000,10,5,0.38,1
1930,1000000,10,5,0.38,1
1931,1000000,10,5,0.38,1
1932,1000000,10,5,0.38,1
1934,1000000,10,5,0.38,1
1939,1000000,10,5,0.38,1
1944,1000000,10,5,0.38,1
1946,1000000,10,5,0.38,1
1948,1000000,10,5,0.38,1
1911,1000000,10,5,0.38,528487
1913,1000000,10,5,0.38,528487
1937,1000000,10,5,0.38,528489
1926,1000000,10,5,0.38,528490
1942,1000000,10,5,0.38,528491
1947,1000000,10,5,0.38,528491
1914,1000000,10,5,0.38,528493
1949,1000000,10,5,0.38,528494
1907,1000000,10,5,0.38,528497
1936,1000000,10,5,0.38,528497
1909,1000000,10,5,0.38,528498
1935,1000000,10,5,0.38,528500
1917,1000000,10,5,0.38,528501
1933,1000000,10,5,0.38,528501
1943,1000000,10,5,0.38,528501
1945,1000000,10,5,0.38,528501
1928,1000000,10,5,0.38,528502
1924,1000000,10,5,0.38,528503
1912,1000000,10,5,0.38,528505
1923,1000000,10,5,0.38,528505
1938,1000000,10,5,0.38,528505
1925,1000000,10,5,0.38,528506
1940,1000000,10,5,0.38,528506
1941,1000000,10,5,0.38,528511
1921,1000000,10,5,0.38,528513
1953,1000000,10,5,0.39,1
1959,1000000,10,5,0.39,1
1961,1000000,10,5,0.39,1
1965,1000000,10,5,0.39,1
1967,1000000,10,5,0.39,1
1968,1000000,10,5,0.39,1
1970,1000000,10,5,0.39,1
1971,1000000,10,5,0.39,1
1974,1000000,10,5,0.39,1
1975,1000000,10,5,0.39,1
1978,1000000,10,5,0.39,1
1980,1000000,10,5,0.39,1
1981,1000000,10,5,0.39,1
1982,1000000,10,5,0.39,1
1984,1000000,10,5,0.39,1
1994,1000000,10,5,0.39,1
1996,1000000,10,5,0.39,1
1998,1000000,10,5,0.39,1
1977,1000000,10,5,0.39,528488
1976,1000000,10,5,0.39,528498
1989,1000000,10,5,0.39,528499
1997,1000000,10,5,0.39,528504
1987,1000000,10,5,0.39,528505
1999,1000000,10,5,0.39,528505
1963,1000000,10,5,0.39,528506
1973,1000000,10,5,0.39,528507
1990,1000000,10,5,0.39,528507
1992,1000000,10,5,0.39,528508
1972,1000000,10,5,0.39,528509
1979,1000000,10,5,0.39,528509
1958,1000000,10,5,0.39,528510
1993,1000000,10,5,0.39,528510
1951,1000000,10,5,0.39,528511
1952,1000000,10,5,0.39,528511
1954,1000000,10,5,0.39,528511
1957,1000000,10,5,0.39,528511
1964,1000000,10,5,0.39,528511
1966,1000000,10,5,0.39,528513
1969,1000000,10,5,0.39,528514
1950,1000000,10,5,0.39,528515
1995,1000000,10,5,0.39,528515
1955,1000000,10,5,0.39,528517
1956,1000000,10,5,0.39,528517
1983,1000000,10,5,0.39,528517
1962,1000000,10,5,0.39,528518
1985,1000000,10,5,0.39,528519
1986,1000000,10,5,0.39,528519
1988,1000000,10,5,0.39,528519
1991,1000000,10,5,0.39,528519
1960,1000000,10,5,0.39,528520
