NumNodes,GroupSize,AvgDeg,NumSeeds,InfRate,NumInfected
1000000, 10, 5, 1, 0.1, 2484
1000000, 10, 5, 1, 0.1, 1041
1000000, 10, 5, 1, 0.1, 1352
1000000, 10, 5, 1, 0.1, 1168
1000000, 10, 5, 1, 0.11, 42696
1000000, 10, 5, 1, 0.11, 46671
1000000, 10, 5, 1, 0.11, 30370
1000000, 10, 5, 1, 0.11, 39717
1000000, 10, 5, 1, 0.11, 39004
1000000, 10, 5, 1, 0.11, 45413
1000000, 10, 5, 1, 0.11, 41290
1000000, 10, 5, 1, 0.11, 44629
1000000, 10, 5, 1, 0.11, 45562
1000000, 10, 5, 1, 0.11, 43145
1000000, 10, 5, 1, 0.11, 1705
1000000, 10, 5, 1, 0.11, 40425
1000000, 10, 5, 1, 0.11, 36353
1000000, 10, 5, 1, 0.11, 45822
1000000, 10, 5, 1, 0.11, 39134
1000000, 10, 5, 1, 0.11, 44414
1000000, 10, 5, 1, 0.11, 46909
1000000, 10, 5, 1, 0.11, 3547
1000000, 10, 5, 1, 0.11, 44394
1000000, 10, 5, 1, 0.11, 45318
1000000, 10, 5, 1, 0.11, 38037
1000000, 10, 5, 1, 0.11, 43953
1000000, 10, 5, 1, 0.11, 39395
1000000, 10, 5, 1, 0.11, 39801
1000000, 10, 5, 1, 0.11, 39541
1000000, 10, 5, 1, 0.11, 45915
1000000, 10, 5, 1, 0.11, 41249
1000000, 10, 5, 1, 0.11, 44803
1000000, 10, 5, 1, 0.11, 38227
1000000, 10, 5, 1, 0.11, 41069
1000000, 10, 5, 1, 0.12, 105015
1000000, 10, 5, 1, 0.12, 108856
1000000, 10, 5, 1, 0.12, 109444
1000000, 10, 5, 1, 0.12, 108713
1000000, 10, 5, 1, 0.12, 107749
1000000, 10, 5, 1, 0.12, 108273
1000000, 10, 5, 1, 0.12, 108123
1000000, 10, 5, 1, 0.12, 107009
1000000, 10, 5, 1, 0.12, 103298
1000000, 10, 5, 1, 0.12, 106933
1000000, 10, 5, 1, 0.12, 108314
1000000, 10, 5, 1, 0.12, 112878
1000000, 10, 5, 1, 0.12, 106782
1000000, 10, 5, 1, 0.12, 106087
1000000, 10, 5, 1, 0.12, 106938
1000000, 10, 5, 1, 0.12, 107197
1000000, 10, 5, 1, 0.12, 109764
1000000, 10, 5, 1, 0.12, 105615
1000000, 10, 5, 1, 0.12, 104280
1000000, 10, 5, 1, 0.12, 108284
1000000, 10, 5, 1, 0.12, 103644
1000000, 10, 5, 1, 0.12, 108898
1000000, 10, 5, 1, 0.12, 104772
1000000, 10, 5, 1, 0.12, 107854
1000000, 10, 5, 1, 0.12, 107065
1000000, 10, 5, 1, 0.12, 102245
1000000, 10, 5, 1, 0.12, 106744
1000000, 10, 5, 1, 0.12, 100054
1000000, 10, 5, 1, 0.12, 103983
1000000, 10, 5, 1, 0.12, 105155
1000000, 10, 5, 1, 0.13, 161344
1000000, 10, 5, 1, 0.13, 162430
1000000, 10, 5, 1, 0.13, 159799
1000000, 10, 5, 1, 0.13, 156585
1000000, 10, 5, 1, 0.13, 159538
1000000, 10, 5, 1, 0.13, 159157
1000000, 10, 5, 1, 0.13, 161039
1000000, 10, 5, 1, 0.13, 161793
1000000, 10, 5, 1, 0.13, 162285
1000000, 10, 5, 1, 0.13, 162023
1000000, 10, 5, 1, 0.13, 162131
1000000, 10, 5, 1, 0.13, 163465
1000000, 10, 5, 1, 0.13, 158055
1000000, 10, 5, 1, 0.13, 162566
1000000, 10, 5, 1, 0.13, 163139
1000000, 10, 5, 1, 0.13, 163718
1000000, 10, 5, 1, 0.13, 162310
1000000, 10, 5, 1, 0.13, 161609
1000000, 10, 5, 1, 0.13, 158437
1000000, 10, 5, 1, 0.13, 163915
1000000, 10, 5, 1, 0.13, 162076
1000000, 10, 5, 1, 0.13, 160386
1000000, 10, 5, 1, 0.13, 160710
1000000, 10, 5, 1, 0.13, 159145
1000000, 10, 5, 1, 0.13, 163312
1000000, 10, 5, 1, 0.13, 162807
1000000, 10, 5, 1, 0.13, 160551
1000000, 10, 5, 1, 0.13, 161769
1000000, 10, 5, 1, 0.13, 158220
1000000, 10, 5, 1, 0.13, 161574
1000000, 10, 5, 1, 0.14, 206178
1000000, 10, 5, 1, 0.14, 207790
1000000, 10, 5, 1, 0.14, 207225
1000000, 10, 5, 1, 0.14, 208840
1000000, 10, 5, 1, 0.14, 207792
1000000, 10, 5, 1, 0.14, 209042
1000000, 10, 5, 1, 0.14, 207230
1000000, 10, 5, 1, 0.14, 209439
1000000, 10, 5, 1, 0.14, 206715
1000000, 10, 5, 1, 0.14, 206177
1000000, 10, 5, 1, 0.14, 206672
1000000, 10, 5, 1, 0.14, 206529
1000000, 10, 5, 1, 0.14, 205679
1000000, 10, 5, 1, 0.14, 207754
1000000, 10, 5, 1, 0.14, 206928
1000000, 10, 5, 1, 0.14, 207003
1000000, 10, 5, 1, 0.14, 207811
1000000, 10, 5, 1, 0.14, 207416
1000000, 10, 5, 1, 0.14, 205847
1000000, 10, 5, 1, 0.14, 210699
1000000, 10, 5, 1, 0.14, 208411
1000000, 10, 5, 1, 0.14, 207737
1000000, 10, 5, 1, 0.14, 204767
1000000, 10, 5, 1, 0.14, 206334
1000000, 10, 5, 1, 0.14, 208334
1000000, 10, 5, 1, 0.14, 204289
1000000, 10, 5, 1, 0.14, 206447
1000000, 10, 5, 1, 0.14, 204083
1000000, 10, 5, 1, 0.14, 207669
1000000, 10, 5, 1, 0.14, 205135
1000000, 10, 5, 1, 0.15, 246848
1000000, 10, 5, 1, 0.15, 243825
1000000, 10, 5, 1, 0.15, 246942
1000000, 10, 5, 1, 0.15, 247536
1000000, 10, 5, 1, 0.15, 247330
1000000, 10, 5, 1, 0.15, 245747
1000000, 10, 5, 1, 0.15, 245264
1000000, 10, 5, 1, 0.15, 245667
1000000, 10, 5, 1, 0.15, 246578
1000000, 10, 5, 1, 0.15, 246269
1000000, 10, 5, 1, 0.15, 246011
1000000, 10, 5, 1, 0.15, 243456
1000000, 10, 5, 1, 0.15, 244624
1000000, 10, 5, 1, 0.15, 244620
1000000, 10, 5, 1, 0.15, 245144
1000000, 10, 5, 1, 0.15, 246126
1000000, 10, 5, 1, 0.15, 245912
1000000, 10, 5, 1, 0.15, 246306
1000000, 10, 5, 1, 0.15, 246731
1000000, 10, 5, 1, 0.15, 248406
1000000, 10, 5, 1, 0.15, 246283
1000000, 10, 5, 1, 0.15, 247420
1000000, 10, 5, 1, 0.15, 245817
1000000, 10, 5, 1, 0.15, 246588
1000000, 10, 5, 1, 0.15, 246893
1000000, 10, 5, 1, 0.15, 245968
1000000, 10, 5, 1, 0.15, 245349
1000000, 10, 5, 1, 0.15, 246620
1000000, 10, 5, 1, 0.15, 247799
1000000, 10, 5, 1, 0.15, 245274
1000000, 10, 5, 1, 0.16, 278469
1000000, 10, 5, 1, 0.16, 277661
1000000, 10, 5, 1, 0.16, 279408
1000000, 10, 5, 1, 0.16, 278508
1000000, 10, 5, 1, 0.16, 279312
1000000, 10, 5, 1, 0.16, 280478
1000000, 10, 5, 1, 0.16, 277542
1000000, 10, 5, 1, 0.16, 278833
1000000, 10, 5, 1, 0.16, 278219
1000000, 10, 5, 1, 0.16, 278063
1000000, 10, 5, 1, 0.16, 279336
1000000, 10, 5, 1, 0.16, 279334
1000000, 10, 5, 1, 0.16, 279439
1000000, 10, 5, 1, 0.16, 278304
1000000, 10, 5, 1, 0.16, 278164
1000000, 10, 5, 1, 0.16, 279082
1000000, 10, 5, 1, 0.16, 278463
1000000, 10, 5, 1, 0.16, 278342
1000000, 10, 5, 1, 0.16, 279434
1000000, 10, 5, 1, 0.16, 279139
1000000, 10, 5, 1, 0.16, 278282
1000000, 10, 5, 1, 0.16, 279391
1000000, 10, 5, 1, 0.16, 278814
1000000, 10, 5, 1, 0.16, 280013
1000000, 10, 5, 1, 0.16, 277855
1000000, 10, 5, 1, 0.16, 278952
1000000, 10, 5, 1, 0.16, 279528
1000000, 10, 5, 1, 0.16, 279440
1000000, 10, 5, 1, 0.16, 278547
1000000, 10, 5, 1, 0.16, 277656
1000000, 10, 5, 1, 0.17, 307426
1000000, 10, 5, 1, 0.17, 305854
1000000, 10, 5, 1, 0.17, 308259
1000000, 10, 5, 1, 0.17, 308791
1000000, 10, 5, 1, 0.17, 305849
1000000, 10, 5, 1, 0.17, 308795
1000000, 10, 5, 1, 0.17, 305327
1000000, 10, 5, 1, 0.17, 308392
1000000, 10, 5, 1, 0.17, 307286
1000000, 10, 5, 1, 0.17, 306999
1000000, 10, 5, 1, 0.17, 307168
1000000, 10, 5, 1, 0.17, 306672
1000000, 10, 5, 1, 0.17, 306369
1000000, 10, 5, 1, 0.17, 306677
1000000, 10, 5, 1, 0.17, 308603
1000000, 10, 5, 1, 0.17, 308043
1000000, 10, 5, 1, 0.17, 307456
1000000, 10, 5, 1, 0.17, 307414
1000000, 10, 5, 1, 0.17, 306490
1000000, 10, 5, 1, 0.17, 305602
1000000, 10, 5, 1, 0.17, 306714
1000000, 10, 5, 1, 0.17, 307227
1000000, 10, 5, 1, 0.17, 307159
1000000, 10, 5, 1, 0.17, 308460
1000000, 10, 5, 1, 0.17, 306278
1000000, 10, 5, 1, 0.17, 307140
1000000, 10, 5, 1, 0.17, 306427
1000000, 10, 5, 1, 0.17, 308026
1000000, 10, 5, 1, 0.17, 306522
1000000, 10, 5, 1, 0.17, 307090
1000000, 10, 5, 1, 0.18, 331485
1000000, 10, 5, 1, 0.18, 332811
1000000, 10, 5, 1, 0.18, 332550
1000000, 10, 5, 1, 0.18, 332431
1000000, 10, 5, 1, 0.18, 331057
1000000, 10, 5, 1, 0.18, 333325
1000000, 10, 5, 1, 0.18, 332119
1000000, 10, 5, 1, 0.18, 331410
1000000, 10, 5, 1, 0.18, 332975
1000000, 10, 5, 1, 0.18, 331561
1000000, 10, 5, 1, 0.18, 331295
1000000, 10, 5, 1, 0.18, 331701
1000000, 10, 5, 1, 0.18, 331125
1000000, 10, 5, 1, 0.18, 331661
1000000, 10, 5, 1, 0.18, 331134
1000000, 10, 5, 1, 0.18, 331570
1000000, 10, 5, 1, 0.18, 331990
1000000, 10, 5, 1, 0.18, 332286
1000000, 10, 5, 1, 0.18, 331161
1000000, 10, 5, 1, 0.18, 331924
1000000, 10, 5, 1, 0.18, 332863
1000000, 10, 5, 1, 0.18, 331076
1000000, 10, 5, 1, 0.18, 331337
1000000, 10, 5, 1, 0.18, 332515
1000000, 10, 5, 1, 0.18, 330931
1000000, 10, 5, 1, 0.18, 330525
1000000, 10, 5, 1, 0.18, 331778
1000000, 10, 5, 1, 0.18, 331265
1000000, 10, 5, 1, 0.18, 331713
1000000, 10, 5, 1, 0.18, 332469
1000000, 10, 5, 1, 0.19, 353815
1000000, 10, 5, 1, 0.19, 353755
1000000, 10, 5, 1, 0.19, 354181
1000000, 10, 5, 1, 0.19, 352522
1000000, 10, 5, 1, 0.19, 354426
1000000, 10, 5, 1, 0.19, 354904
1000000, 10, 5, 1, 0.19, 351756
1000000, 10, 5, 1, 0.19, 354108
1000000, 10, 5, 1, 0.19, 352586
1000000, 10, 5, 1, 0.19, 354020
1000000, 10, 5, 1, 0.19, 354042
1000000, 10, 5, 1, 0.19, 354751
1000000, 10, 5, 1, 0.19, 353096
1000000, 10, 5, 1, 0.19, 353892
1000000, 10, 5, 1, 0.19, 353087
1000000, 10, 5, 1, 0.19, 353067
1000000, 10, 5, 1, 0.19, 353835
1000000, 10, 5, 1, 0.19, 354259
1000000, 10, 5, 1, 0.19, 353477
1000000, 10, 5, 1, 0.19, 353129
1000000, 10, 5, 1, 0.19, 352759
1000000, 10, 5, 1, 0.19, 353264
1000000, 10, 5, 1, 0.19, 353966
1000000, 10, 5, 1, 0.19, 353887
1000000, 10, 5, 1, 0.19, 354046
1000000, 10, 5, 1, 0.19, 353959
1000000, 10, 5, 1, 0.19, 353960
1000000, 10, 5, 1, 0.19, 351770
1000000, 10, 5, 1, 0.19, 353177
1000000, 10, 5, 1, 0.19, 353922
1000000, 10, 5, 1, 0.2, 372441
1000000, 10, 5, 1, 0.2, 371595
1000000, 10, 5, 1, 0.2, 372551
1000000, 10, 5, 1, 0.2, 373482
1000000, 10, 5, 1, 0.2, 372217
1000000, 10, 5, 1, 0.2, 372722
1000000, 10, 5, 1, 0.2, 372499
1000000, 10, 5, 1, 0.2, 372440
1000000, 10, 5, 1, 0.2, 371720
1000000, 10, 5, 1, 0.2, 372562
1000000, 10, 5, 1, 0.2, 371640
1000000, 10, 5, 1, 0.2, 372186
1000000, 10, 5, 1, 0.2, 372023
1000000, 10, 5, 1, 0.2, 373411
1000000, 10, 5, 1, 0.2, 372804
1000000, 10, 5, 1, 0.2, 372488
1000000, 10, 5, 1, 0.2, 372969
1000000, 10, 5, 1, 0.2, 371448
1000000, 10, 5, 1, 0.2, 373526
1000000, 10, 5, 1, 0.2, 372724
1000000, 10, 5, 1, 0.2, 372805
1000000, 10, 5, 1, 0.2, 372973
1000000, 10, 5, 1, 0.2, 371852
1000000, 10, 5, 1, 0.2, 372599
1000000, 10, 5, 1, 0.2, 372792
1000000, 10, 5, 1, 0.2, 373086
1000000, 10, 5, 1, 0.2, 373470
1000000, 10, 5, 1, 0.2, 372891
1000000, 10, 5, 1, 0.2, 372434
1000000, 10, 5, 1, 0.2, 372527
1000000, 10, 5, 1, 0.21, 389166
1000000, 10, 5, 1, 0.21, 387924
1000000, 10, 5, 1, 0.21, 388466
1000000, 10, 5, 1, 0.21, 388960
1000000, 10, 5, 1, 0.21, 389244
1000000, 10, 5, 1, 0.21, 389645
1000000, 10, 5, 1, 0.21, 389715
1000000, 10, 5, 1, 0.21, 388790
1000000, 10, 5, 1, 0.21, 389490
1000000, 10, 5, 1, 0.21, 388963
1000000, 10, 5, 1, 0.21, 388366
1000000, 10, 5, 1, 0.21, 388614
1000000, 10, 5, 1, 0.21, 389690
1000000, 10, 5, 1, 0.21, 388574
1000000, 10, 5, 1, 0.21, 388667
1000000, 10, 5, 1, 0.21, 388248
1000000, 10, 5, 1, 0.21, 389594
1000000, 10, 5, 1, 0.21, 388540
1000000, 10, 5, 1, 0.21, 389803
1000000, 10, 5, 1, 0.21, 388660
1000000, 10, 5, 1, 0.21, 389227
1000000, 10, 5, 1, 0.21, 388862
1000000, 10, 5, 1, 0.21, 388207
1000000, 10, 5, 1, 0.21, 388899
1000000, 10, 5, 1, 0.21, 388709
1000000, 10, 5, 1, 0.21, 388992
1000000, 10, 5, 1, 0.21, 389218
1000000, 10, 5, 1, 0.21, 388551
1000000, 10, 5, 1, 0.21, 389381
1000000, 10, 5, 1, 0.21, 388536
1000000, 10, 5, 1, 0.22, 404089
1000000, 10, 5, 1, 0.22, 404506
1000000, 10, 5, 1, 0.22, 404108
1000000, 10, 5, 1, 0.22, 403209
1000000, 10, 5, 1, 0.22, 403806
1000000, 10, 5, 1, 0.22, 403600
1000000, 10, 5, 1, 0.22, 403439
1000000, 10, 5, 1, 0.22, 403534
1000000, 10, 5, 1, 0.22, 403697
1000000, 10, 5, 1, 0.22, 403662
1000000, 10, 5, 1, 0.22, 403094
1000000, 10, 5, 1, 0.22, 404764
1000000, 10, 5, 1, 0.22, 402908
1000000, 10, 5, 1, 0.22, 403536
1000000, 10, 5, 1, 0.22, 404823
1000000, 10, 5, 1, 0.22, 403434
1000000, 10, 5, 1, 0.22, 403452
1000000, 10, 5, 1, 0.22, 404634
1000000, 10, 5, 1, 0.22, 403313
1000000, 10, 5, 1, 0.22, 403798
1000000, 10, 5, 1, 0.22, 403498
1000000, 10, 5, 1, 0.22, 404140
1000000, 10, 5, 1, 0.22, 404102
1000000, 10, 5, 1, 0.22, 403299
1000000, 10, 5, 1, 0.22, 403291
1000000, 10, 5, 1, 0.22, 404260
1000000, 10, 5, 1, 0.22, 403507
1000000, 10, 5, 1, 0.22, 403631
1000000, 10, 5, 1, 0.22, 402581
1000000, 10, 5, 1, 0.22, 403805
1000000, 10, 5, 1, 0.23, 417366
1000000, 10, 5, 1, 0.23, 417548
1000000, 10, 5, 1, 0.23, 417403
1000000, 10, 5, 1, 0.23, 416601
1000000, 10, 5, 1, 0.23, 416474
1000000, 10, 5, 1, 0.23, 416631
1000000, 10, 5, 1, 0.23, 415570
1000000, 10, 5, 1, 0.23, 417571
1000000, 10, 5, 1, 0.23, 416866
1000000, 10, 5, 1, 0.23, 415867
1000000, 10, 5, 1, 0.23, 415858
1000000, 10, 5, 1, 0.23, 416714
1000000, 10, 5, 1, 0.23, 417267
1000000, 10, 5, 1, 0.23, 416923
1000000, 10, 5, 1, 0.23, 416588
1000000, 10, 5, 1, 0.23, 416503
1000000, 10, 5, 1, 0.23, 417491
1000000, 10, 5, 1, 0.23, 417319
1000000, 10, 5, 1, 0.23, 417089
1000000, 10, 5, 1, 0.23, 416727
1000000, 10, 5, 1, 0.23, 416461
1000000, 10, 5, 1, 0.23, 416313
1000000, 10, 5, 1, 0.23, 416726
1000000, 10, 5, 1, 0.23, 416618
1000000, 10, 5, 1, 0.23, 416582
1000000, 10, 5, 1, 0.23, 416023
1000000, 10, 5, 1, 0.23, 416597
1000000, 10, 5, 1, 0.23, 417207
1000000, 10, 5, 1, 0.23, 416832
1000000, 10, 5, 1, 0.23, 416630
1000000, 10, 5, 1, 0.24, 427405
1000000, 10, 5, 1, 0.24, 427906
1000000, 10, 5, 1, 0.24, 428111
1000000, 10, 5, 1, 0.24, 428311
1000000, 10, 5, 1, 0.24, 428485
1000000, 10, 5, 1, 0.24, 427791
1000000, 10, 5, 1, 0.24, 429316
1000000, 10, 5, 1, 0.24, 427292
1000000, 10, 5, 1, 0.24, 427624
1000000, 10, 5, 1, 0.24, 429225
1000000, 10, 5, 1, 0.24, 427722
1000000, 10, 5, 1, 0.24, 428003
1000000, 10, 5, 1, 0.24, 428007
1000000, 10, 5, 1, 0.24, 429045
1000000, 10, 5, 1, 0.24, 427820
1000000, 10, 5, 1, 0.24, 428276
1000000, 10, 5, 1, 0.24, 427915
1000000, 10, 5, 1, 0.24, 428095
1000000, 10, 5, 1, 0.24, 428216
1000000, 10, 5, 1, 0.24, 428263
1000000, 10, 5, 1, 0.24, 428017
1000000, 10, 5, 1, 0.24, 427681
1000000, 10, 5, 1, 0.24, 428999
1000000, 10, 5, 1, 0.24, 428650
1000000, 10, 5, 1, 0.24, 428416
1000000, 10, 5, 1, 0.24, 427820
1000000, 10, 5, 1, 0.24, 428294
1000000, 10, 5, 1, 0.24, 428387
1000000, 10, 5, 1, 0.24, 427941
1000000, 10, 5, 1, 0.24, 428213
1000000, 10, 5, 1, 0.25, 438651
1000000, 10, 5, 1, 0.25, 438907
1000000, 10, 5, 1, 0.25, 439016
1000000, 10, 5, 1, 0.25, 438185
1000000, 10, 5, 1, 0.25, 438268
1000000, 10, 5, 1, 0.25, 438318
1000000, 10, 5, 1, 0.25, 439122
1000000, 10, 5, 1, 0.25, 438507
1000000, 10, 5, 1, 0.25, 437933
1000000, 10, 5, 1, 0.25, 438037
1000000, 10, 5, 1, 0.25, 438357
1000000, 10, 5, 1, 0.25, 438344
1000000, 10, 5, 1, 0.25, 438621
1000000, 10, 5, 1, 0.25, 439508
1000000, 10, 5, 1, 0.25, 438449
1000000, 10, 5, 1, 0.25, 439170
1000000, 10, 5, 1, 0.25, 438542
1000000, 10, 5, 1, 0.25, 438132
1000000, 10, 5, 1, 0.25, 438353
1000000, 10, 5, 1, 0.25, 438206
1000000, 10, 5, 1, 0.25, 438542
1000000, 10, 5, 1, 0.25, 437618
1000000, 10, 5, 1, 0.25, 438545
1000000, 10, 5, 1, 0.25, 439225
1000000, 10, 5, 1, 0.25, 438279
1000000, 10, 5, 1, 0.25, 438958
1000000, 10, 5, 1, 0.25, 438366
1000000, 10, 5, 1, 0.25, 437844
1000000, 10, 5, 1, 0.25, 438799
1000000, 10, 5, 1, 0.25, 438580
1000000, 10, 5, 1, 0.26, 447062
1000000, 10, 5, 1, 0.26, 447559
1000000, 10, 5, 1, 0.26, 448261
1000000, 10, 5, 1, 0.26, 447486
1000000, 10, 5, 1, 0.26, 447119
1000000, 10, 5, 1, 0.26, 447837
1000000, 10, 5, 1, 0.26, 447961
1000000, 10, 5, 1, 0.26, 447247
1000000, 10, 5, 1, 0.26, 446893
1000000, 10, 5, 1, 0.26, 447482
1000000, 10, 5, 1, 0.26, 447807
1000000, 10, 5, 1, 0.26, 447485
1000000, 10, 5, 1, 0.26, 448237
1000000, 10, 5, 1, 0.26, 447604
1000000, 10, 5, 1, 0.26, 447013
1000000, 10, 5, 1, 0.26, 447950
1000000, 10, 5, 1, 0.26, 447844
1000000, 10, 5, 1, 0.26, 447753
1000000, 10, 5, 1, 0.26, 447346
1000000, 10, 5, 1, 0.26, 447624
1000000, 10, 5, 1, 0.26, 447727
1000000, 10, 5, 1, 0.26, 447416
1000000, 10, 5, 1, 0.26, 448075
1000000, 10, 5, 1, 0.26, 447590
1000000, 10, 5, 1, 0.26, 448150
1000000, 10, 5, 1, 0.26, 448184
1000000, 10, 5, 1, 0.26, 447970
1000000, 10, 5, 1, 0.26, 447301
1000000, 10, 5, 1, 0.26, 447592
1000000, 10, 5, 1, 0.26, 447810
1000000, 10, 5, 1, 0.27, 456228
1000000, 10, 5, 1, 0.27, 456050
1000000, 10, 5, 1, 0.27, 456158
1000000, 10, 5, 1, 0.27, 455413
1000000, 10, 5, 1, 0.27, 455661
1000000, 10, 5, 1, 0.27, 455731
1000000, 10, 5, 1, 0.27, 455209
1000000, 10, 5, 1, 0.27, 456064
1000000, 10, 5, 1, 0.27, 455191
1000000, 10, 5, 1, 0.27, 455583
1000000, 10, 5, 1, 0.27, 455841
1000000, 10, 5, 1, 0.27, 455364
1000000, 10, 5, 1, 0.27, 455902
1000000, 10, 5, 1, 0.27, 456280
1000000, 10, 5, 1, 0.27, 456023
1000000, 10, 5, 1, 0.27, 455513
1000000, 10, 5, 1, 0.27, 455278
1000000, 10, 5, 1, 0.27, 455548
1000000, 10, 5, 1, 0.27, 455714
1000000, 10, 5, 1, 0.27, 455519
1000000, 10, 5, 1, 0.27, 455967
1000000, 10, 5, 1, 0.27, 456510
1000000, 10, 5, 1, 0.27, 455867
1000000, 10, 5, 1, 0.27, 455828
1000000, 10, 5, 1, 0.27, 455169
1000000, 10, 5, 1, 0.27, 456300
1000000, 10, 5, 1, 0.27, 455990
1000000, 10, 5, 1, 0.27, 455568
1000000, 10, 5, 1, 0.27, 456857
1000000, 10, 5, 1, 0.27, 455715
1000000, 10, 5, 1, 0.28, 463112
1000000, 10, 5, 1, 0.28, 463297
1000000, 10, 5, 1, 0.28, 462907
1000000, 10, 5, 1, 0.28, 463197
1000000, 10, 5, 1, 0.28, 463333
1000000, 10, 5, 1, 0.28, 462967
1000000, 10, 5, 1, 0.28, 462467
1000000, 10, 5, 1, 0.28, 463225
1000000, 10, 5, 1, 0.28, 463474
1000000, 10, 5, 1, 0.28, 463576
1000000, 10, 5, 1, 0.28, 462856
1000000, 10, 5, 1, 0.28, 463139
1000000, 10, 5, 1, 0.28, 463374
1000000, 10, 5, 1, 0.28, 462394
1000000, 10, 5, 1, 0.28, 463487
1000000, 10, 5, 1, 0.28, 462918
1000000, 10, 5, 1, 0.28, 462617
1000000, 10, 5, 1, 0.28, 462535
1000000, 10, 5, 1, 0.28, 463617
1000000, 10, 5, 1, 0.28, 462652
1000000, 10, 5, 1, 0.28, 462874
1000000, 10, 5, 1, 0.28, 463068
1000000, 10, 5, 1, 0.28, 463464
1000000, 10, 5, 1, 0.28, 462990
1000000, 10, 5, 1, 0.28, 463603
1000000, 10, 5, 1, 0.28, 462861
1000000, 10, 5, 1, 0.28, 462635
1000000, 10, 5, 1, 0.28, 462823
1000000, 10, 5, 1, 0.28, 462845
1000000, 10, 5, 1, 0.28, 463351
1000000, 10, 5, 1, 0.29, 469702
1000000, 10, 5, 1, 0.29, 469045
1000000, 10, 5, 1, 0.29, 470381
1000000, 10, 5, 1, 0.29, 470281
1000000, 10, 5, 1, 0.29, 469629
1000000, 10, 5, 1, 0.29, 469325
1000000, 10, 5, 1, 0.29, 469655
1000000, 10, 5, 1, 0.29, 470140
1000000, 10, 5, 1, 0.29, 469339
1000000, 10, 5, 1, 0.29, 469406
1000000, 10, 5, 1, 0.29, 469320
1000000, 10, 5, 1, 0.29, 469907
1000000, 10, 5, 1, 0.29, 468942
1000000, 10, 5, 1, 0.29, 469421
1000000, 10, 5, 1, 0.29, 469671
1000000, 10, 5, 1, 0.29, 469823
1000000, 10, 5, 1, 0.29, 469063
1000000, 10, 5, 1, 0.29, 469536
1000000, 10, 5, 1, 0.29, 470199
1000000, 10, 5, 1, 0.29, 469769
1000000, 10, 5, 1, 0.29, 469778
1000000, 10, 5, 1, 0.29, 469346
1000000, 10, 5, 1, 0.29, 469701
1000000, 10, 5, 1, 0.29, 469760
1000000, 10, 5, 1, 0.29, 469582
1000000, 10, 5, 1, 0.29, 469893
1000000, 10, 5, 1, 0.29, 469557
1000000, 10, 5, 1, 0.29, 470019
1000000, 10, 5, 1, 0.29, 469861
1000000, 10, 5, 1, 0.29, 469346
1000000, 10, 5, 1, 0.3, 476108
1000000, 10, 5, 1, 0.3, 475812
1000000, 10, 5, 1, 0.3, 475047
1000000, 10, 5, 1, 0.3, 475206
1000000, 10, 5, 1, 0.3, 475900
1000000, 10, 5, 1, 0.3, 475867
1000000, 10, 5, 1, 0.3, 475281
1000000, 10, 5, 1, 0.3, 476004
1000000, 10, 5, 1, 0.3, 475314
1000000, 10, 5, 1, 0.3, 475641
1000000, 10, 5, 1, 0.3, 475550
1000000, 10, 5, 1, 0.3, 475780
1000000, 10, 5, 1, 0.3, 475854
1000000, 10, 5, 1, 0.3, 475403
1000000, 10, 5, 1, 0.3, 475575
1000000, 10, 5, 1, 0.3, 476009
1000000, 10, 5, 1, 0.3, 475124
1000000, 10, 5, 1, 0.3, 475159
1000000, 10, 5, 1, 0.3, 475489
1000000, 10, 5, 1, 0.3, 475486
1000000, 10, 5, 1, 0.3, 475330
1000000, 10, 5, 1, 0.3, 475825
1000000, 10, 5, 1, 0.3, 475274
1000000, 10, 5, 1, 0.3, 476071
1000000, 10, 5, 1, 0.3, 475748
1000000, 10, 5, 1, 0.3, 475746
1000000, 10, 5, 1, 0.3, 475629
1000000, 10, 5, 1, 0.3, 476158
1000000, 10, 5, 1, 0.3, 475994
1000000, 10, 5, 1, 0.3, 475144
1000000, 10, 5, 1, 0.31, 480322
1000000, 10, 5, 1, 0.31, 481274
1000000, 10, 5, 1, 0.31, 480490
1000000, 10, 5, 1, 0.31, 480525
1000000, 10, 5, 1, 0.31, 481318
1000000, 10, 5, 1, 0.31, 481140
1000000, 10, 5, 1, 0.31, 481013
1000000, 10, 5, 1, 0.31, 480988
1000000, 10, 5, 1, 0.31, 481057
1000000, 10, 5, 1, 0.31, 481037
1000000, 10, 5, 1, 0.31, 481040
1000000, 10, 5, 1, 0.31, 480768
1000000, 10, 5, 1, 0.31, 481224
1000000, 10, 5, 1, 0.31, 481451
1000000, 10, 5, 1, 0.31, 480956
1000000, 10, 5, 1, 0.31, 481242
1000000, 10, 5, 1, 0.31, 480634
1000000, 10, 5, 1, 0.31, 480880
1000000, 10, 5, 1, 0.31, 481327
1000000, 10, 5, 1, 0.31, 480720
1000000, 10, 5, 1, 0.31, 481343
1000000, 10, 5, 1, 0.31, 480943
1000000, 10, 5, 1, 0.31, 480882
1000000, 10, 5, 1, 0.31, 480966
1000000, 10, 5, 1, 0.31, 480560
1000000, 10, 5, 1, 0.31, 481220
1000000, 10, 5, 1, 0.31, 481011
1000000, 10, 5, 1, 0.31, 480794
1000000, 10, 5, 1, 0.31, 481457
1000000, 10, 5, 1, 0.31, 480835
1000000, 10, 5, 1, 0.32, 485623
1000000, 10, 5, 1, 0.32, 485782
1000000, 10, 5, 1, 0.32, 485431
1000000, 10, 5, 1, 0.32, 485666
1000000, 10, 5, 1, 0.32, 486044
1000000, 10, 5, 1, 0.32, 485070
1000000, 10, 5, 1, 0.32, 486073
1000000, 10, 5, 1, 0.32, 485606
1000000, 10, 5, 1, 0.32, 485691
1000000, 10, 5, 1, 0.32, 485959
1000000, 10, 5, 1, 0.32, 485838
1000000, 10, 5, 1, 0.32, 485324
1000000, 10, 5, 1, 0.32, 485806
1000000, 10, 5, 1, 0.32, 485796
1000000, 10, 5, 1, 0.32, 485892
1000000, 10, 5, 1, 0.32, 485497
1000000, 10, 5, 1, 0.32, 485591
1000000, 10, 5, 1, 0.32, 485662
1000000, 10, 5, 1, 0.32, 485517
1000000, 10, 5, 1, 0.32, 485569
1000000, 10, 5, 1, 0.32, 485497
1000000, 10, 5, 1, 0.32, 486360
1000000, 10, 5, 1, 0.32, 486179
1000000, 10, 5, 1, 0.32, 485361
1000000, 10, 5, 1, 0.32, 485507
1000000, 10, 5, 1, 0.32, 486048
1000000, 10, 5, 1, 0.32, 485565
1000000, 10, 5, 1, 0.32, 486050
1000000, 10, 5, 1, 0.32, 485112
1000000, 10, 5, 1, 0.32, 485939
1000000, 10, 5, 1, 0.33, 490073
1000000, 10, 5, 1, 0.33, 490019
1000000, 10, 5, 1, 0.33, 489397
1000000, 10, 5, 1, 0.33, 489571
1000000, 10, 5, 1, 0.33, 490065
1000000, 10, 5, 1, 0.33, 489763
1000000, 10, 5, 1, 0.33, 489607
1000000, 10, 5, 1, 0.33, 490152
1000000, 10, 5, 1, 0.33, 490035
1000000, 10, 5, 1, 0.33, 489880
1000000, 10, 5, 1, 0.33, 490348
1000000, 10, 5, 1, 0.33, 489918
1000000, 10, 5, 1, 0.33, 489859
1000000, 10, 5, 1, 0.33, 490210
1000000, 10, 5, 1, 0.33, 489997
1000000, 10, 5, 1, 0.33, 489980
1000000, 10, 5, 1, 0.33, 489602
1000000, 10, 5, 1, 0.33, 490553
1000000, 10, 5, 1, 0.33, 489685
1000000, 10, 5, 1, 0.33, 489359
1000000, 10, 5, 1, 0.33, 490168
1000000, 10, 5, 1, 0.33, 489598
1000000, 10, 5, 1, 0.33, 489685
1000000, 10, 5, 1, 0.33, 490345
1000000, 10, 5, 1, 0.33, 489714
1000000, 10, 5, 1, 0.33, 490245
1000000, 10, 5, 1, 0.33, 489895
1000000, 10, 5, 1, 0.33, 490037
1000000, 10, 5, 1, 0.33, 489806
1000000, 10, 5, 1, 0.33, 490045
1000000, 10, 5, 1, 0.34, 493408
1000000, 10, 5, 1, 0.34, 493590
1000000, 10, 5, 1, 0.34, 493862
1000000, 10, 5, 1, 0.34, 493488
1000000, 10, 5, 1, 0.34, 493654
1000000, 10, 5, 1, 0.34, 493871
1000000, 10, 5, 1, 0.34, 494059
1000000, 10, 5, 1, 0.34, 494190
1000000, 10, 5, 1, 0.34, 493962
1000000, 10, 5, 1, 0.34, 493705
1000000, 10, 5, 1, 0.34, 493846
1000000, 10, 5, 1, 0.34, 493703
1000000, 10, 5, 1, 0.34, 493883
1000000, 10, 5, 1, 0.34, 493546
1000000, 10, 5, 1, 0.34, 494110
1000000, 10, 5, 1, 0.34, 493821
1000000, 10, 5, 1, 0.34, 493612
1000000, 10, 5, 1, 0.34, 493477
1000000, 10, 5, 1, 0.34, 493723
1000000, 10, 5, 1, 0.34, 494110
1000000, 10, 5, 1, 0.34, 493512
1000000, 10, 5, 1, 0.34, 493992
1000000, 10, 5, 1, 0.34, 493671
1000000, 10, 5, 1, 0.34, 493349
1000000, 10, 5, 1, 0.34, 493861
1000000, 10, 5, 1, 0.34, 493839
1000000, 10, 5, 1, 0.34, 493757
1000000, 10, 5, 1, 0.34, 493592
1000000, 10, 5, 1, 0.34, 493677
1000000, 10, 5, 1, 0.34, 493929
1000000, 10, 5, 1, 0.35, 497286
1000000, 10, 5, 1, 0.35, 497477
1000000, 10, 5, 1, 0.35, 496874
1000000, 10, 5, 1, 0.35, 497396
1000000, 10, 5, 1, 0.35, 497210
1000000, 10, 5, 1, 0.35, 497291
1000000, 10, 5, 1, 0.35, 497457
1000000, 10, 5, 1, 0.35, 497152
1000000, 10, 5, 1, 0.35, 497371
1000000, 10, 5, 1, 0.35, 497626
1000000, 10, 5, 1, 0.35, 496982
1000000, 10, 5, 1, 0.35, 496883
1000000, 10, 5, 1, 0.35, 497509
1000000, 10, 5, 1, 0.35, 496935
1000000, 10, 5, 1, 0.35, 497028
1000000, 10, 5, 1, 0.35, 496974
1000000, 10, 5, 1, 0.35, 497390
1000000, 10, 5, 1, 0.35, 497167
1000000, 10, 5, 1, 0.35, 497182
1000000, 10, 5, 1, 0.35, 496798
1000000, 10, 5, 1, 0.35, 497121
1000000, 10, 5, 1, 0.35, 497381
1000000, 10, 5, 1, 0.35, 497351
1000000, 10, 5, 1, 0.35, 497075
1000000, 10, 5, 1, 0.35, 497144
1000000, 10, 5, 1, 0.35, 497349
1000000, 10, 5, 1, 0.35, 497221
1000000, 10, 5, 1, 0.35, 497167
1000000, 10, 5, 1, 0.35, 497067
1000000, 10, 5, 1, 0.35, 497184
1000000, 10, 5, 1, 0.36, 500526
1000000, 10, 5, 1, 0.36, 500417
1000000, 10, 5, 1, 0.36, 500397
1000000, 10, 5, 1, 0.36, 500375
1000000, 10, 5, 1, 0.36, 500320
1000000, 10, 5, 1, 0.36, 500147
1000000, 10, 5, 1, 0.36, 500361
1000000, 10, 5, 1, 0.36, 500161
1000000, 10, 5, 1, 0.36, 500584
1000000, 10, 5, 1, 0.36, 500036
1000000, 10, 5, 1, 0.36, 500323
1000000, 10, 5, 1, 0.36, 500343
1000000, 10, 5, 1, 0.36, 500259
1000000, 10, 5, 1, 0.36, 500130
1000000, 10, 5, 1, 0.36, 500317
1000000, 10, 5, 1, 0.36, 500357
1000000, 10, 5, 1, 0.36, 500562
1000000, 10, 5, 1, 0.36, 500208
1000000, 10, 5, 1, 0.36, 500073
1000000, 10, 5, 1, 0.36, 500416
1000000, 10, 5, 1, 0.36, 500491
1000000, 10, 5, 1, 0.36, 500293
1000000, 10, 5, 1, 0.36, 500520
1000000, 10, 5, 1, 0.36, 500433
1000000, 10, 5, 1, 0.36, 500277
1000000, 10, 5, 1, 0.36, 500422
1000000, 10, 5, 1, 0.36, 500512
1000000, 10, 5, 1, 0.36, 500426
1000000, 10, 5, 1, 0.36, 500129
1000000, 10, 5, 1, 0.36, 500209
1000000, 10, 5, 1, 0.37, 503591
1000000, 10, 5, 1, 0.37, 503358
1000000, 10, 5, 1, 0.37, 503448
1000000, 10, 5, 1, 0.37, 503344
1000000, 10, 5, 1, 0.37, 503261
1000000, 10, 5, 1, 0.37, 503074
1000000, 10, 5, 1, 0.37, 503338
1000000, 10, 5, 1, 0.37, 503195
1000000, 10, 5, 1, 0.37, 503419
1000000, 10, 5, 1, 0.37, 503234
1000000, 10, 5, 1, 0.37, 503553
1000000, 10, 5, 1, 0.37, 503468
1000000, 10, 5, 1, 0.37, 503196
1000000, 10, 5, 1, 0.37, 503311
1000000, 10, 5, 1, 0.37, 503328
1000000, 10, 5, 1, 0.37, 503202
1000000, 10, 5, 1, 0.37, 502994
1000000, 10, 5, 1, 0.37, 503033
1000000, 10, 5, 1, 0.37, 503008
1000000, 10, 5, 1, 0.37, 503235
1000000, 10, 5, 1, 0.37, 503079
1000000, 10, 5, 1, 0.37, 503537
1000000, 10, 5, 1, 0.37, 502950
1000000, 10, 5, 1, 0.37, 503079
1000000, 10, 5, 1, 0.37, 503392
1000000, 10, 5, 1, 0.37, 503437
1000000, 10, 5, 1, 0.37, 503036
1000000, 10, 5, 1, 0.37, 502838
1000000, 10, 5, 1, 0.37, 502845
1000000, 10, 5, 1, 0.37, 503402
1000000, 10, 5, 1, 0.38, 505630
1000000, 10, 5, 1, 0.38, 505954
1000000, 10, 5, 1, 0.38, 505915
1000000, 10, 5, 1, 0.38, 505455
1000000, 10, 5, 1, 0.38, 505646
1000000, 10, 5, 1, 0.38, 505894
1000000, 10, 5, 1, 0.38, 505552
1000000, 10, 5, 1, 0.38, 505548
1000000, 10, 5, 1, 0.38, 505355
1000000, 10, 5, 1, 0.38, 505328
1000000, 10, 5, 1, 0.38, 505692
1000000, 10, 5, 1, 0.38, 505724
1000000, 10, 5, 1, 0.38, 505491
1000000, 10, 5, 1, 0.38, 505490
1000000, 10, 5, 1, 0.38, 505779
1000000, 10, 5, 1, 0.38, 505651
1000000, 10, 5, 1, 0.38, 505714
1000000, 10, 5, 1, 0.38, 506163
1000000, 10, 5, 1, 0.38, 505539
1000000, 10, 5, 1, 0.38, 505261
1000000, 10, 5, 1, 0.38, 505555
1000000, 10, 5, 1, 0.38, 505804
1000000, 10, 5, 1, 0.38, 505629
1000000, 10, 5, 1, 0.38, 505962
1000000, 10, 5, 1, 0.38, 505782
1000000, 10, 5, 1, 0.38, 505670
1000000, 10, 5, 1, 0.38, 505657
1000000, 10, 5, 1, 0.38, 505900
1000000, 10, 5, 1, 0.38, 505681
1000000, 10, 5, 1, 0.38, 505719
1000000, 10, 5, 1, 0.39, 507816
1000000, 10, 5, 1, 0.39, 508082
1000000, 10, 5, 1, 0.39, 508063
1000000, 10, 5, 1, 0.39, 507940
1000000, 10, 5, 1, 0.39, 508264
1000000, 10, 5, 1, 0.39, 508185
1000000, 10, 5, 1, 0.39, 507883
1000000, 10, 5, 1, 0.39, 507775
1000000, 10, 5, 1, 0.39, 507756
1000000, 10, 5, 1, 0.39, 508030
1000000, 10, 5, 1, 0.39, 508134
1000000, 10, 5, 1, 0.39, 508016
1000000, 10, 5, 1, 0.39, 507782
1000000, 10, 5, 1, 0.39, 507831
1000000, 10, 5, 1, 0.39, 508246
1000000, 10, 5, 1, 0.39, 507930
1000000, 10, 5, 1, 0.39, 507807
1000000, 10, 5, 1, 0.39, 507919
1000000, 10, 5, 1, 0.39, 508026
1000000, 10, 5, 1, 0.39, 508205
1000000, 10, 5, 1, 0.39, 507964
1000000, 10, 5, 1, 0.39, 508120
1000000, 10, 5, 1, 0.39, 508043
1000000, 10, 5, 1, 0.39, 508348
1000000, 10, 5, 1, 0.39, 507633
1000000, 10, 5, 1, 0.39, 508371
1000000, 10, 5, 1, 0.39, 508020
1000000, 10, 5, 1, 0.39, 507984
1000000, 10, 5, 1, 0.39, 508227
1000000, 10, 5, 1, 0.39, 508168
1000000, 10, 5, 1, 0.4, 510047
1000000, 10, 5, 1, 0.4, 510214
1000000, 10, 5, 1, 0.4, 510266
1000000, 10, 5, 1, 0.4, 510157
1000000, 10, 5, 1, 0.4, 509744
1000000, 10, 5, 1, 0.4, 510032
1000000, 10, 5, 1, 0.4, 509890
1000000, 10, 5, 1, 0.4, 510102
1000000, 10, 5, 1, 0.4, 509988
1000000, 10, 5, 1, 0.4, 510201
1000000, 10, 5, 1, 0.4, 509756
1000000, 10, 5, 1, 0.4, 509931
1000000, 10, 5, 1, 0.4, 509790
1000000, 10, 5, 1, 0.4, 510301
1000000, 10, 5, 1, 0.4, 509951
1000000, 10, 5, 1, 0.4, 509971
1000000, 10, 5, 1, 0.4, 509901
1000000, 10, 5, 1, 0.4, 509761
1000000, 10, 5, 1, 0.4, 510243
1000000, 10, 5, 1, 0.4, 510008
1000000, 10, 5, 1, 0.4, 510168
1000000, 10, 5, 1, 0.4, 510297
1000000, 10, 5, 1, 0.4, 509832
1000000, 10, 5, 1, 0.4, 510277
1000000, 10, 5, 1, 0.4, 510098
1000000, 10, 5, 1, 0.4, 510050
1000000, 10, 5, 1, 0.4, 510253
1000000, 10, 5, 1, 0.4, 509761
1000000, 10, 5, 1, 0.4, 510167
1000000, 10, 5, 1, 0.4, 510212
1000000, 10, 5, 1, 0.41, 511710
1000000, 10, 5, 1, 0.41, 511835
1000000, 10, 5, 1, 0.41, 511954
1000000, 10, 5, 1, 0.41, 512041
1000000, 10, 5, 1, 0.41, 511936
1000000, 10, 5, 1, 0.41, 511773
1000000, 10, 5, 1, 0.41, 512084
1000000, 10, 5, 1, 0.41, 511969
1000000, 10, 5, 1, 0.41, 511885
1000000, 10, 5, 1, 0.41, 511828
1000000, 10, 5, 1, 0.41, 511787
1000000, 10, 5, 1, 0.41, 511970
1000000, 10, 5, 1, 0.41, 512067
1000000, 10, 5, 1, 0.41, 511716
1000000, 10, 5, 1, 0.41, 511707
1000000, 10, 5, 1, 0.41, 511936
1000000, 10, 5, 1, 0.41, 511922
1000000, 10, 5, 1, 0.41, 511851
1000000, 10, 5, 1, 0.41, 512154
1000000, 10, 5, 1, 0.41, 511889
1000000, 10, 5, 1, 0.41, 511856
1000000, 10, 5, 1, 0.41, 511960
1000000, 10, 5, 1, 0.41, 512100
1000000, 10, 5, 1, 0.41, 511798
1000000, 10, 5, 1, 0.41, 511993
1000000, 10, 5, 1, 0.41, 512185
1000000, 10, 5, 1, 0.41, 512058
1000000, 10, 5, 1, 0.41, 511817
1000000, 10, 5, 1, 0.41, 512068
1000000, 10, 5, 1, 0.41, 511812
1000000, 10, 5, 1, 0.42, 513584
1000000, 10, 5, 1, 0.42, 513392
1000000, 10, 5, 1, 0.42, 513554
1000000, 10, 5, 1, 0.42, 513290
1000000, 10, 5, 1, 0.42, 513692
1000000, 10, 5, 1, 0.42, 513564
1000000, 10, 5, 1, 0.42, 513576
1000000, 10, 5, 1, 0.42, 513674
1000000, 10, 5, 1, 0.42, 513337
1000000, 10, 5, 1, 0.42, 513718
1000000, 10, 5, 1, 0.42, 513425
1000000, 10, 5, 1, 0.42, 513600
1000000, 10, 5, 1, 0.42, 513547
1000000, 10, 5, 1, 0.42, 513447
1000000, 10, 5, 1, 0.42, 513785
1000000, 10, 5, 1, 0.42, 513518
1000000, 10, 5, 1, 0.42, 513639
1000000, 10, 5, 1, 0.42, 513729
1000000, 10, 5, 1, 0.42, 513688
1000000, 10, 5, 1, 0.42, 513645
1000000, 10, 5, 1, 0.42, 513698
1000000, 10, 5, 1, 0.42, 513479
1000000, 10, 5, 1, 0.42, 513693
1000000, 10, 5, 1, 0.42, 513502
1000000, 10, 5, 1, 0.42, 513522
1000000, 10, 5, 1, 0.42, 513582
1000000, 10, 5, 1, 0.42, 513574
1000000, 10, 5, 1, 0.42, 513509
1000000, 10, 5, 1, 0.42, 513736
1000000, 10, 5, 1, 0.42, 513642
1000000, 10, 5, 1, 0.43, 515172
1000000, 10, 5, 1, 0.43, 514996
1000000, 10, 5, 1, 0.43, 515187
1000000, 10, 5, 1, 0.43, 515299
1000000, 10, 5, 1, 0.43, 515228
1000000, 10, 5, 1, 0.43, 515166
1000000, 10, 5, 1, 0.43, 515157
1000000, 10, 5, 1, 0.43, 515193
1000000, 10, 5, 1, 0.43, 515228
1000000, 10, 5, 1, 0.43, 515036
1000000, 10, 5, 1, 0.43, 515085
1000000, 10, 5, 1, 0.43, 515115
1000000, 10, 5, 1, 0.43, 515112
1000000, 10, 5, 1, 0.43, 515111
1000000, 10, 5, 1, 0.43, 515047
1000000, 10, 5, 1, 0.43, 515038
1000000, 10, 5, 1, 0.43, 515337
1000000, 10, 5, 1, 0.43, 515193
1000000, 10, 5, 1, 0.43, 515142
1000000, 10, 5, 1, 0.43, 515188
1000000, 10, 5, 1, 0.43, 515176
1000000, 10, 5, 1, 0.43, 515144
1000000, 10, 5, 1, 0.43, 515341
1000000, 10, 5, 1, 0.43, 515209
1000000, 10, 5, 1, 0.43, 515209
1000000, 10, 5, 1, 0.43, 515209
1000000, 10, 5, 1, 0.43, 514939
1000000, 10, 5, 1, 0.43, 515271
1000000, 10, 5, 1, 0.43, 515085
1000000, 10, 5, 1, 0.43, 514940
1000000, 10, 5, 1, 0.44, 516589
1000000, 10, 5, 1, 0.44, 516412
1000000, 10, 5, 1, 0.44, 516499
1000000, 10, 5, 1, 0.44, 516445
1000000, 10, 5, 1, 0.44, 516515
1000000, 10, 5, 1, 0.44, 516511
1000000, 10, 5, 1, 0.44, 516614
1000000, 10, 5, 1, 0.44, 516371
1000000, 10, 5, 1, 0.44, 516505
1000000, 10, 5, 1, 0.44, 516640
1000000, 10, 5, 1, 0.44, 516445
1000000, 10, 5, 1, 0.44, 516504
1000000, 10, 5, 1, 0.44, 516419
1000000, 10, 5, 1, 0.44, 516538
1000000, 10, 5, 1, 0.44, 516632
1000000, 10, 5, 1, 0.44, 516214
1000000, 10, 5, 1, 0.44, 516556
1000000, 10, 5, 1, 0.44, 516524
1000000, 10, 5, 1, 0.44, 516368
1000000, 10, 5, 1, 0.44, 516460
1000000, 10, 5, 1, 0.44, 516615
1000000, 10, 5, 1, 0.44, 516727
1000000, 10, 5, 1, 0.44, 516556
1000000, 10, 5, 1, 0.44, 516386
1000000, 10, 5, 1, 0.44, 516255
1000000, 10, 5, 1, 0.44, 516500
1000000, 10, 5, 1, 0.44, 516678
1000000, 10, 5, 1, 0.44, 516605
1000000, 10, 5, 1, 0.44, 516497
1000000, 10, 5, 1, 0.44, 516361
1000000, 10, 5, 1, 0.45, 517917
1000000, 10, 5, 1, 0.45, 517846
1000000, 10, 5, 1, 0.45, 517739
1000000, 10, 5, 1, 0.45, 517857
1000000, 10, 5, 1, 0.45, 517753
1000000, 10, 5, 1, 0.45, 517816
1000000, 10, 5, 1, 0.45, 517736
1000000, 10, 5, 1, 0.45, 517718
1000000, 10, 5, 1, 0.45, 517723
1000000, 10, 5, 1, 0.45, 517813
1000000, 10, 5, 1, 0.45, 517780
1000000, 10, 5, 1, 0.45, 517837
1000000, 10, 5, 1, 0.45, 517793
1000000, 10, 5, 1, 0.45, 517771
1000000, 10, 5, 1, 0.45, 517568
1000000, 10, 5, 1, 0.45, 517616
1000000, 10, 5, 1, 0.45, 517741
1000000, 10, 5, 1, 0.45, 517726
1000000, 10, 5, 1, 0.45, 517793
1000000, 10, 5, 1, 0.45, 517633
1000000, 10, 5, 1, 0.45, 517824
1000000, 10, 5, 1, 0.45, 517786
1000000, 10, 5, 1, 0.45, 517644
1000000, 10, 5, 1, 0.45, 517780
1000000, 10, 5, 1, 0.45, 517424
1000000, 10, 5, 1, 0.45, 517591
1000000, 10, 5, 1, 0.45, 517810
1000000, 10, 5, 1, 0.45, 517613
1000000, 10, 5, 1, 0.45, 517691
1000000, 10, 5, 1, 0.45, 517838
1000000, 10, 5, 1, 0.46, 519016
1000000, 10, 5, 1, 0.46, 518815
1000000, 10, 5, 1, 0.46, 518727
1000000, 10, 5, 1, 0.46, 519060
1000000, 10, 5, 1, 0.46, 518936
1000000, 10, 5, 1, 0.46, 518888
1000000, 10, 5, 1, 0.46, 519166
1000000, 10, 5, 1, 0.46, 518732
1000000, 10, 5, 1, 0.46, 518946
1000000, 10, 5, 1, 0.46, 518811
1000000, 10, 5, 1, 0.46, 518839
1000000, 10, 5, 1, 0.46, 518824
1000000, 10, 5, 1, 0.46, 518921
1000000, 10, 5, 1, 0.46, 518879
1000000, 10, 5, 1, 0.46, 518773
1000000, 10, 5, 1, 0.46, 518781
1000000, 10, 5, 1, 0.46, 518800
1000000, 10, 5, 1, 0.46, 518910
1000000, 10, 5, 1, 0.46, 518869
1000000, 10, 5, 1, 0.46, 518863
1000000, 10, 5, 1, 0.46, 518787
1000000, 10, 5, 1, 0.46, 518834
1000000, 10, 5, 1, 0.46, 518815
1000000, 10, 5, 1, 0.46, 518919
1000000, 10, 5, 1, 0.46, 519089
1000000, 10, 5, 1, 0.46, 518851
1000000, 10, 5, 1, 0.46, 518949
1000000, 10, 5, 1, 0.46, 518888
1000000, 10, 5, 1, 0.46, 518890
1000000, 10, 5, 1, 0.46, 519061
1000000, 10, 5, 1, 0.47, 520112
1000000, 10, 5, 1, 0.47, 519803
1000000, 10, 5, 1, 0.47, 519886
1000000, 10, 5, 1, 0.47, 519890
1000000, 10, 5, 1, 0.47, 519843
1000000, 10, 5, 1, 0.47, 519945
1000000, 10, 5, 1, 0.47, 519893
1000000, 10, 5, 1, 0.47, 519910
1000000, 10, 5, 1, 0.47, 519680
1000000, 10, 5, 1, 0.47, 519867
1000000, 10, 5, 1, 0.47, 519830
1000000, 10, 5, 1, 0.47, 519973
1000000, 10, 5, 1, 0.47, 519911
1000000, 10, 5, 1, 0.47, 519722
1000000, 10, 5, 1, 0.47, 519822
1000000, 10, 5, 1, 0.47, 519931
1000000, 10, 5, 1, 0.47, 519856
1000000, 10, 5, 1, 0.47, 520026
1000000, 10, 5, 1, 0.47, 519862
1000000, 10, 5, 1, 0.47, 519931
1000000, 10, 5, 1, 0.47, 519824
1000000, 10, 5, 1, 0.47, 519887
1000000, 10, 5, 1, 0.47, 519764
1000000, 10, 5, 1, 0.47, 519858
1000000, 10, 5, 1, 0.47, 519745
1000000, 10, 5, 1, 0.47, 520028
1000000, 10, 5, 1, 0.47, 519898
1000000, 10, 5, 1, 0.47, 519892
1000000, 10, 5, 1, 0.47, 519734
1000000, 10, 5, 1, 0.47, 519849
1000000, 10, 5, 1, 0.48, 520721
1000000, 10, 5, 1, 0.48, 520945
1000000, 10, 5, 1, 0.48, 520956
1000000, 10, 5, 1, 0.48, 520752
1000000, 10, 5, 1, 0.48, 520766
1000000, 10, 5, 1, 0.48, 520700
1000000, 10, 5, 1, 0.48, 520747
1000000, 10, 5, 1, 0.48, 520664
1000000, 10, 5, 1, 0.48, 520882
1000000, 10, 5, 1, 0.48, 520841
1000000, 10, 5, 1, 0.48, 520961
1000000, 10, 5, 1, 0.48, 520817
1000000, 10, 5, 1, 0.48, 520949
1000000, 10, 5, 1, 0.48, 520514
1000000, 10, 5, 1, 0.48, 520809
1000000, 10, 5, 1, 0.48, 520818
1000000, 10, 5, 1, 0.48, 520674
1000000, 10, 5, 1, 0.48, 520796
1000000, 10, 5, 1, 0.48, 520541
1000000, 10, 5, 1, 0.48, 520883
1000000, 10, 5, 1, 0.48, 520772
1000000, 10, 5, 1, 0.48, 520749
1000000, 10, 5, 1, 0.48, 520741
1000000, 10, 5, 1, 0.48, 520867
1000000, 10, 5, 1, 0.48, 520840
1000000, 10, 5, 1, 0.48, 520824
1000000, 10, 5, 1, 0.48, 520799
1000000, 10, 5, 1, 0.48, 520690
1000000, 10, 5, 1, 0.48, 520821
1000000, 10, 5, 1, 0.48, 520743
1000000, 10, 5, 1, 0.49, 521667
1000000, 10, 5, 1, 0.49, 521568
1000000, 10, 5, 1, 0.49, 521633
1000000, 10, 5, 1, 0.49, 521529
1000000, 10, 5, 1, 0.49, 521572
1000000, 10, 5, 1, 0.49, 521670
1000000, 10, 5, 1, 0.49, 521563
1000000, 10, 5, 1, 0.49, 521595
1000000, 10, 5, 1, 0.49, 521421
1000000, 10, 5, 1, 0.49, 521608
1000000, 10, 5, 1, 0.49, 521686
1000000, 10, 5, 1, 0.49, 521615
1000000, 10, 5, 1, 0.49, 521541
1000000, 10, 5, 1, 0.49, 521505
1000000, 10, 5, 1, 0.49, 521517
1000000, 10, 5, 1, 0.49, 521569
1000000, 10, 5, 1, 0.49, 521590
1000000, 10, 5, 1, 0.49, 521643
1000000, 10, 5, 1, 0.49, 521776
1000000, 10, 5, 1, 0.49, 521708
1000000, 10, 5, 1, 0.49, 521671
1000000, 10, 5, 1, 0.49, 521573
1000000, 10, 5, 1, 0.49, 521405
1000000, 10, 5, 1, 0.49, 521480
1000000, 10, 5, 1, 0.49, 521393
1000000, 10, 5, 1, 0.49, 521475
1000000, 10, 5, 1, 0.49, 521642
1000000, 10, 5, 1, 0.49, 521760
1000000, 10, 5, 1, 0.49, 521646
1000000, 10, 5, 1, 0.49, 521468
1000000, 10, 5, 1, 0.5, 522323
1000000, 10, 5, 1, 0.5, 522391
1000000, 10, 5, 1, 0.5, 522411
1000000, 10, 5, 1, 0.5, 522324
1000000, 10, 5, 1, 0.5, 522377
1000000, 10, 5, 1, 0.5, 522225
1000000, 10, 5, 1, 0.5, 522513
1000000, 10, 5, 1, 0.5, 522289
1000000, 10, 5, 1, 0.5, 522335
1000000, 10, 5, 1, 0.5, 522352
1000000, 10, 5, 1, 0.5, 522219
1000000, 10, 5, 1, 0.5, 522264
1000000, 10, 5, 1, 0.5, 522294
1000000, 10, 5, 1, 0.5, 522422
1000000, 10, 5, 1, 0.5, 522419
1000000, 10, 5, 1, 0.5, 522247
1000000, 10, 5, 1, 0.5, 522163
1000000, 10, 5, 1, 0.5, 522424
1000000, 10, 5, 1, 0.5, 522502
1000000, 10, 5, 1, 0.5, 522348
1000000, 10, 5, 1, 0.5, 522291
1000000, 10, 5, 1, 0.5, 522343
1000000, 10, 5, 1, 0.5, 522446
1000000, 10, 5, 1, 0.5, 522369
1000000, 10, 5, 1, 0.5, 522357
1000000, 10, 5, 1, 0.5, 522349
1000000, 10, 5, 1, 0.5, 522164
1000000, 10, 5, 1, 0.5, 522364
1000000, 10, 5, 1, 0.5, 522403
1000000, 10, 5, 1, 0.5, 522215
1000000, 10, 5, 1, 0.51, 523008
1000000, 10, 5, 1, 0.51, 522973
1000000, 10, 5, 1, 0.51, 522932
1000000, 10, 5, 1, 0.51, 523049
1000000, 10, 5, 1, 0.51, 523098
1000000, 10, 5, 1, 0.51, 522948
1000000, 10, 5, 1, 0.51, 522911
1000000, 10, 5, 1, 0.51, 523162
1000000, 10, 5, 1, 0.51, 522987
1000000, 10, 5, 1, 0.51, 522895
1000000, 10, 5, 1, 0.51, 523093
1000000, 10, 5, 1, 0.51, 523025
1000000, 10, 5, 1, 0.51, 523079
1000000, 10, 5, 1, 0.51, 522984
1000000, 10, 5, 1, 0.51, 522941
1000000, 10, 5, 1, 0.51, 523040
1000000, 10, 5, 1, 0.51, 523076
1000000, 10, 5, 1, 0.51, 523011
1000000, 10, 5, 1, 0.51, 522938
1000000, 10, 5, 1, 0.51, 522985
1000000, 10, 5, 1, 0.51, 523055
1000000, 10, 5, 1, 0.51, 522942
1000000, 10, 5, 1, 0.51, 522900
1000000, 10, 5, 1, 0.51, 522957
1000000, 10, 5, 1, 0.51, 522966
1000000, 10, 5, 1, 0.51, 523081
1000000, 10, 5, 1, 0.51, 523020
1000000, 10, 5, 1, 0.51, 523095
1000000, 10, 5, 1, 0.51, 523019
1000000, 10, 5, 1, 0.51, 523062
1000000, 10, 5, 1, 0.52, 523542
1000000, 10, 5, 1, 0.52, 523548
1000000, 10, 5, 1, 0.52, 523587
1000000, 10, 5, 1, 0.52, 523522
1000000, 10, 5, 1, 0.52, 523687
1000000, 10, 5, 1, 0.52, 523509
1000000, 10, 5, 1, 0.52, 523513
1000000, 10, 5, 1, 0.52, 523681
1000000, 10, 5, 1, 0.52, 523543
1000000, 10, 5, 1, 0.52, 523568
1000000, 10, 5, 1, 0.52, 523486
1000000, 10, 5, 1, 0.52, 523615
1000000, 10, 5, 1, 0.52, 523394
1000000, 10, 5, 1, 0.52, 523515
1000000, 10, 5, 1, 0.52, 523646
1000000, 10, 5, 1, 0.52, 523580
1000000, 10, 5, 1, 0.52, 523609
1000000, 10, 5, 1, 0.52, 523644
1000000, 10, 5, 1, 0.52, 523474
1000000, 10, 5, 1, 0.52, 523592
1000000, 10, 5, 1, 0.52, 523558
1000000, 10, 5, 1, 0.52, 523505
1000000, 10, 5, 1, 0.52, 523494
1000000, 10, 5, 1, 0.52, 523820
1000000, 10, 5, 1, 0.52, 523654
1000000, 10, 5, 1, 0.52, 523634
1000000, 10, 5, 1, 0.52, 523530
1000000, 10, 5, 1, 0.52, 523600
1000000, 10, 5, 1, 0.52, 523569
1000000, 10, 5, 1, 0.52, 523647
1000000, 10, 5, 1, 0.53, 524078
1000000, 10, 5, 1, 0.53, 524101
1000000, 10, 5, 1, 0.53, 524176
1000000, 10, 5, 1, 0.53, 524169
1000000, 10, 5, 1, 0.53, 524121
1000000, 10, 5, 1, 0.53, 524098
1000000, 10, 5, 1, 0.53, 524197
1000000, 10, 5, 1, 0.53, 524113
1000000, 10, 5, 1, 0.53, 524020
1000000, 10, 5, 1, 0.53, 524135
1000000, 10, 5, 1, 0.53, 524196
1000000, 10, 5, 1, 0.53, 524103
1000000, 10, 5, 1, 0.53, 524206
1000000, 10, 5, 1, 0.53, 524145
1000000, 10, 5, 1, 0.53, 524093
1000000, 10, 5, 1, 0.53, 524169
1000000, 10, 5, 1, 0.53, 524034
1000000, 10, 5, 1, 0.53, 524062
1000000, 10, 5, 1, 0.53, 524195
1000000, 10, 5, 1, 0.53, 524193
1000000, 10, 5, 1, 0.53, 524072
1000000, 10, 5, 1, 0.53, 524059
1000000, 10, 5, 1, 0.53, 524096
1000000, 10, 5, 1, 0.53, 524210
1000000, 10, 5, 1, 0.53, 524137
1000000, 10, 5, 1, 0.53, 524114
1000000, 10, 5, 1, 0.53, 524104
1000000, 10, 5, 1, 0.53, 524128
1000000, 10, 5, 1, 0.53, 524112
1000000, 10, 5, 1, 0.53, 524084
1000000, 10, 5, 1, 0.54, 524564
1000000, 10, 5, 1, 0.54, 524550
1000000, 10, 5, 1, 0.54, 524591
1000000, 10, 5, 1, 0.54, 524669
1000000, 10, 5, 1, 0.54, 524610
1000000, 10, 5, 1, 0.54, 524566
1000000, 10, 5, 1, 0.54, 524577
1000000, 10, 5, 1, 0.54, 524647
1000000, 10, 5, 1, 0.54, 524650
1000000, 10, 5, 1, 0.54, 524582
1000000, 10, 5, 1, 0.54, 524500
1000000, 10, 5, 1, 0.54, 524536
1000000, 10, 5, 1, 0.54, 524714
1000000, 10, 5, 1, 0.54, 524523
1000000, 10, 5, 1, 0.54, 524689
1000000, 10, 5, 1, 0.54, 524694
1000000, 10, 5, 1, 0.54, 524636
1000000, 10, 5, 1, 0.54, 524641
1000000, 10, 5, 1, 0.54, 524622
1000000, 10, 5, 1, 0.54, 524513
1000000, 10, 5, 1, 0.54, 524588
1000000, 10, 5, 1, 0.54, 524664
1000000, 10, 5, 1, 0.54, 524636
1000000, 10, 5, 1, 0.54, 524617
1000000, 10, 5, 1, 0.54, 524594
1000000, 10, 5, 1, 0.54, 524591
1000000, 10, 5, 1, 0.54, 524616
1000000, 10, 5, 1, 0.54, 524644
1000000, 10, 5, 1, 0.54, 524622
1000000, 10, 5, 1, 0.54, 524638
1000000, 10, 5, 1, 0.55, 525042
1000000, 10, 5, 1, 0.55, 525118
1000000, 10, 5, 1, 0.55, 525089
1000000, 10, 5, 1, 0.55, 524989
1000000, 10, 5, 1, 0.55, 525085
1000000, 10, 5, 1, 0.55, 525028
1000000, 10, 5, 1, 0.55, 524954
1000000, 10, 5, 1, 0.55, 525139
1000000, 10, 5, 1, 0.55, 525027
1000000, 10, 5, 1, 0.55, 525067
1000000, 10, 5, 1, 0.55, 525031
1000000, 10, 5, 1, 0.55, 525070
1000000, 10, 5, 1, 0.55, 525068
1000000, 10, 5, 1, 0.55, 525109
1000000, 10, 5, 1, 0.55, 525045
1000000, 10, 5, 1, 0.55, 524997
1000000, 10, 5, 1, 0.55, 525020
1000000, 10, 5, 1, 0.55, 524963
1000000, 10, 5, 1, 0.55, 525068
1000000, 10, 5, 1, 0.55, 525067
1000000, 10, 5, 1, 0.55, 524912
1000000, 10, 5, 1, 0.55, 524950
1000000, 10, 5, 1, 0.55, 525079
1000000, 10, 5, 1, 0.55, 525025
1000000, 10, 5, 1, 0.55, 524999
1000000, 10, 5, 1, 0.55, 525082
1000000, 10, 5, 1, 0.55, 525006
1000000, 10, 5, 1, 0.55, 524961
1000000, 10, 5, 1, 0.55, 525090
1000000, 10, 5, 1, 0.55, 525002
1000000, 10, 5, 1, 0.56, 525439
1000000, 10, 5, 1, 0.56, 525334
1000000, 10, 5, 1, 0.56, 525548
1000000, 10, 5, 1, 0.56, 525489
1000000, 10, 5, 1, 0.56, 525422
1000000, 10, 5, 1, 0.56, 525475
1000000, 10, 5, 1, 0.56, 525425
1000000, 10, 5, 1, 0.56, 525371
1000000, 10, 5, 1, 0.56, 525563
1000000, 10, 5, 1, 0.56, 525376
1000000, 10, 5, 1, 0.56, 525410
1000000, 10, 5, 1, 0.56, 525448
1000000, 10, 5, 1, 0.56, 525345
1000000, 10, 5, 1, 0.56, 525441
1000000, 10, 5, 1, 0.56, 525514
1000000, 10, 5, 1, 0.56, 525351
1000000, 10, 5, 1, 0.56, 525425
1000000, 10, 5, 1, 0.56, 525470
1000000, 10, 5, 1, 0.56, 525423
1000000, 10, 5, 1, 0.56, 525498
1000000, 10, 5, 1, 0.56, 525481
1000000, 10, 5, 1, 0.56, 525522
1000000, 10, 5, 1, 0.56, 525438
1000000, 10, 5, 1, 0.56, 525432
1000000, 10, 5, 1, 0.56, 525373
1000000, 10, 5, 1, 0.56, 525453
1000000, 10, 5, 1, 0.56, 525452
1000000, 10, 5, 1, 0.56, 525493
1000000, 10, 5, 1, 0.56, 525504
1000000, 10, 5, 1, 0.56, 525443
1000000, 10, 5, 1, 0.57, 525757
1000000, 10, 5, 1, 0.57, 525850
1000000, 10, 5, 1, 0.57, 525788
1000000, 10, 5, 1, 0.57, 525771
1000000, 10, 5, 1, 0.57, 525836
1000000, 10, 5, 1, 0.57, 525740
1000000, 10, 5, 1, 0.57, 525866
1000000, 10, 5, 1, 0.57, 525766
1000000, 10, 5, 1, 0.57, 525764
1000000, 10, 5, 1, 0.57, 525647
1000000, 10, 5, 1, 0.57, 525773
1000000, 10, 5, 1, 0.57, 525770
1000000, 10, 5, 1, 0.57, 525817
1000000, 10, 5, 1, 0.57, 525768
1000000, 10, 5, 1, 0.57, 525740
1000000, 10, 5, 1, 0.57, 525789
1000000, 10, 5, 1, 0.57, 525869
1000000, 10, 5, 1, 0.57, 525740
1000000, 10, 5, 1, 0.57, 525777
1000000, 10, 5, 1, 0.57, 525694
1000000, 10, 5, 1, 0.57, 525751
1000000, 10, 5, 1, 0.57, 525793
1000000, 10, 5, 1, 0.57, 525779
1000000, 10, 5, 1, 0.57, 525850
1000000, 10, 5, 1, 0.57, 525747
1000000, 10, 5, 1, 0.57, 525755
1000000, 10, 5, 1, 0.57, 525602
1000000, 10, 5, 1, 0.57, 525754
1000000, 10, 5, 1, 0.57, 525720
1000000, 10, 5, 1, 0.57, 525730
1000000, 10, 5, 1, 0.58, 526145
1000000, 10, 5, 1, 0.58, 526039
1000000, 10, 5, 1, 0.58, 526208
1000000, 10, 5, 1, 0.58, 526042
1000000, 10, 5, 1, 0.58, 526053
1000000, 10, 5, 1, 0.58, 526045
1000000, 10, 5, 1, 0.58, 526134
1000000, 10, 5, 1, 0.58, 526128
1000000, 10, 5, 1, 0.58, 526030
1000000, 10, 5, 1, 0.58, 526119
1000000, 10, 5, 1, 0.58, 526097
1000000, 10, 5, 1, 0.58, 526169
1000000, 10, 5, 1, 0.58, 526086
1000000, 10, 5, 1, 0.58, 526093
1000000, 10, 5, 1, 0.58, 526107
1000000, 10, 5, 1, 0.58, 526061
1000000, 10, 5, 1, 0.58, 526060
1000000, 10, 5, 1, 0.58, 526146
1000000, 10, 5, 1, 0.58, 526053
1000000, 10, 5, 1, 0.58, 526057
1000000, 10, 5, 1, 0.58, 526081
1000000, 10, 5, 1, 0.58, 526068
1000000, 10, 5, 1, 0.58, 526035
1000000, 10, 5, 1, 0.58, 526179
1000000, 10, 5, 1, 0.58, 526181
1000000, 10, 5, 1, 0.58, 526139
1000000, 10, 5, 1, 0.58, 526076
1000000, 10, 5, 1, 0.58, 526091
1000000, 10, 5, 1, 0.58, 526124
1000000, 10, 5, 1, 0.58, 526093
1000000, 10, 5, 1, 0.59, 526359
1000000, 10, 5, 1, 0.59, 526445
1000000, 10, 5, 1, 0.59, 526393
1000000, 10, 5, 1, 0.59, 526437
1000000, 10, 5, 1, 0.59, 526452
1000000, 10, 5, 1, 0.59, 526375
1000000, 10, 5, 1, 0.59, 526398
1000000, 10, 5, 1, 0.59, 526367
1000000, 10, 5, 1, 0.59, 526319
1000000, 10, 5, 1, 0.59, 526393
1000000, 10, 5, 1, 0.59, 526387
1000000, 10, 5, 1, 0.59, 526294
1000000, 10, 5, 1, 0.59, 526388
1000000, 10, 5, 1, 0.59, 526405
1000000, 10, 5, 1, 0.59, 526441
1000000, 10, 5, 1, 0.59, 526438
1000000, 10, 5, 1, 0.59, 526360
1000000, 10, 5, 1, 0.59, 526378
1000000, 10, 5, 1, 0.59, 526422
1000000, 10, 5, 1, 0.59, 526380
1000000, 10, 5, 1, 0.59, 526361
1000000, 10, 5, 1, 0.59, 526367
1000000, 10, 5, 1, 0.59, 526389
1000000, 10, 5, 1, 0.59, 526331
1000000, 10, 5, 1, 0.59, 526307
1000000, 10, 5, 1, 0.59, 526323
1000000, 10, 5, 1, 0.59, 526398
1000000, 10, 5, 1, 0.59, 526329
1000000, 10, 5, 1, 0.59, 526305
1000000, 10, 5, 1, 0.59, 526256
1000000, 10, 5, 1, 0.6, 526656
1000000, 10, 5, 1, 0.6, 526651
1000000, 10, 5, 1, 0.6, 526635
1000000, 10, 5, 1, 0.6, 526526
1000000, 10, 5, 1, 0.6, 526585
1000000, 10, 5, 1, 0.6, 526664
1000000, 10, 5, 1, 0.6, 526605
1000000, 10, 5, 1, 0.6, 526617
1000000, 10, 5, 1, 0.6, 526587
1000000, 10, 5, 1, 0.6, 526631
1000000, 10, 5, 1, 0.6, 526625
1000000, 10, 5, 1, 0.6, 526637
1000000, 10, 5, 1, 0.6, 526648
1000000, 10, 5, 1, 0.6, 526667
1000000, 10, 5, 1, 0.6, 526676
1000000, 10, 5, 1, 0.6, 526675
1000000, 10, 5, 1, 0.6, 526611
1000000, 10, 5, 1, 0.6, 526695
1000000, 10, 5, 1, 0.6, 526575
1000000, 10, 5, 1, 0.6, 526589
1000000, 10, 5, 1, 0.6, 526604
1000000, 10, 5, 1, 0.6, 526637
1000000, 10, 5, 1, 0.6, 526642
1000000, 10, 5, 1, 0.6, 526678
1000000, 10, 5, 1, 0.6, 526717
1000000, 10, 5, 1, 0.6, 526612
1000000, 10, 5, 1, 0.6, 526656
1000000, 10, 5, 1, 0.6, 526588
1000000, 10, 5, 1, 0.6, 526645
1000000, 10, 5, 1, 0.6, 526566
1000000, 10, 5, 1, 0.61, 526805
1000000, 10, 5, 1, 0.61, 526882
1000000, 10, 5, 1, 0.61, 526861
1000000, 10, 5, 1, 0.61, 526839
1000000, 10, 5, 1, 0.61, 526799
1000000, 10, 5, 1, 0.61, 526812
1000000, 10, 5, 1, 0.61, 526873
1000000, 10, 5, 1, 0.61, 526824
1000000, 10, 5, 1, 0.61, 526876
1000000, 10, 5, 1, 0.61, 526851
1000000, 10, 5, 1, 0.61, 526828
1000000, 10, 5, 1, 0.61, 526908
1000000, 10, 5, 1, 0.61, 526876
1000000, 10, 5, 1, 0.61, 526883
1000000, 10, 5, 1, 0.61, 526830
1000000, 10, 5, 1, 0.61, 526853
1000000, 10, 5, 1, 0.61, 526838
1000000, 10, 5, 1, 0.61, 526841
1000000, 10, 5, 1, 0.61, 526789
1000000, 10, 5, 1, 0.61, 526884
1000000, 10, 5, 1, 0.61, 526782
1000000, 10, 5, 1, 0.61, 526789
1000000, 10, 5, 1, 0.61, 526875
1000000, 10, 5, 1, 0.61, 526848
1000000, 10, 5, 1, 0.61, 526880
1000000, 10, 5, 1, 0.61, 526790
1000000, 10, 5, 1, 0.61, 526893
1000000, 10, 5, 1, 0.61, 526831
1000000, 10, 5, 1, 0.61, 526924
1000000, 10, 5, 1, 0.61, 526886
1000000, 10, 5, 1, 0.62, 527066
1000000, 10, 5, 1, 0.62, 527014
1000000, 10, 5, 1, 0.62, 527078
1000000, 10, 5, 1, 0.62, 527062
1000000, 10, 5, 1, 0.62, 527098
1000000, 10, 5, 1, 0.62, 527025
1000000, 10, 5, 1, 0.62, 527021
1000000, 10, 5, 1, 0.62, 527041
1000000, 10, 5, 1, 0.62, 527074
1000000, 10, 5, 1, 0.62, 527077
1000000, 10, 5, 1, 0.62, 527012
1000000, 10, 5, 1, 0.62, 527040
1000000, 10, 5, 1, 0.62, 527051
1000000, 10, 5, 1, 0.62, 527046
1000000, 10, 5, 1, 0.62, 527084
1000000, 10, 5, 1, 0.62, 527076
1000000, 10, 5, 1, 0.62, 527066
1000000, 10, 5, 1, 0.62, 527078
1000000, 10, 5, 1, 0.62, 527083
1000000, 10, 5, 1, 0.62, 527027
1000000, 10, 5, 1, 0.62, 527069
1000000, 10, 5, 1, 0.62, 527085
1000000, 10, 5, 1, 0.62, 527034
1000000, 10, 5, 1, 0.62, 527077
1000000, 10, 5, 1, 0.62, 526991
1000000, 10, 5, 1, 0.62, 527101
1000000, 10, 5, 1, 0.62, 527036
1000000, 10, 5, 1, 0.62, 527043
1000000, 10, 5, 1, 0.62, 527103
1000000, 10, 5, 1, 0.62, 527025
1000000, 10, 5, 1, 0.63, 527260
1000000, 10, 5, 1, 0.63, 527266
1000000, 10, 5, 1, 0.63, 527151
1000000, 10, 5, 1, 0.63, 527166
1000000, 10, 5, 1, 0.63, 527238
1000000, 10, 5, 1, 0.63, 527253
1000000, 10, 5, 1, 0.63, 527253
1000000, 10, 5, 1, 0.63, 527256
1000000, 10, 5, 1, 0.63, 527284
1000000, 10, 5, 1, 0.63, 527247
1000000, 10, 5, 1, 0.63, 527224
1000000, 10, 5, 1, 0.63, 527218
1000000, 10, 5, 1, 0.63, 527215
1000000, 10, 5, 1, 0.63, 527209
1000000, 10, 5, 1, 0.63, 527224
1000000, 10, 5, 1, 0.63, 527198
1000000, 10, 5, 1, 0.63, 527195
1000000, 10, 5, 1, 0.63, 527237
1000000, 10, 5, 1, 0.63, 527218
1000000, 10, 5, 1, 0.63, 527204
1000000, 10, 5, 1, 0.63, 527287
1000000, 10, 5, 1, 0.63, 527234
1000000, 10, 5, 1, 0.63, 527220
1000000, 10, 5, 1, 0.63, 527259
1000000, 10, 5, 1, 0.63, 527214
1000000, 10, 5, 1, 0.63, 527266
1000000, 10, 5, 1, 0.63, 527267
1000000, 10, 5, 1, 0.63, 527236
1000000, 10, 5, 1, 0.63, 527237
1000000, 10, 5, 1, 0.63, 527239
1000000, 10, 5, 1, 0.64, 527408
1000000, 10, 5, 1, 0.64, 527405
1000000, 10, 5, 1, 0.64, 527416
1000000, 10, 5, 1, 0.64, 527375
1000000, 10, 5, 1, 0.64, 527406
1000000, 10, 5, 1, 0.64, 527341
1000000, 10, 5, 1, 0.64, 527414
1000000, 10, 5, 1, 0.64, 527379
1000000, 10, 5, 1, 0.64, 527406
1000000, 10, 5, 1, 0.64, 527408
1000000, 10, 5, 1, 0.64, 527380
1000000, 10, 5, 1, 0.64, 527406
1000000, 10, 5, 1, 0.64, 527368
1000000, 10, 5, 1, 0.64, 527350
1000000, 10, 5, 1, 0.64, 527400
1000000, 10, 5, 1, 0.64, 527400
1000000, 10, 5, 1, 0.64, 527402
1000000, 10, 5, 1, 0.64, 527391
1000000, 10, 5, 1, 0.64, 527439
1000000, 10, 5, 1, 0.64, 527388
1000000, 10, 5, 1, 0.64, 527421
1000000, 10, 5, 1, 0.64, 527366
1000000, 10, 5, 1, 0.64, 527403
1000000, 10, 5, 1, 0.64, 527352
1000000, 10, 5, 1, 0.64, 527408
1000000, 10, 5, 1, 0.64, 527406
1000000, 10, 5, 1, 0.64, 527397
1000000, 10, 5, 1, 0.64, 527352
1000000, 10, 5, 1, 0.64, 527370
1000000, 10, 5, 1, 0.64, 527401
1000000, 10, 5, 1, 0.65, 527556
1000000, 10, 5, 1, 0.65, 527541
1000000, 10, 5, 1, 0.65, 527477
1000000, 10, 5, 1, 0.65, 527505
1000000, 10, 5, 1, 0.65, 527518
1000000, 10, 5, 1, 0.65, 527545
1000000, 10, 5, 1, 0.65, 527514
1000000, 10, 5, 1, 0.65, 527577
1000000, 10, 5, 1, 0.65, 527467
1000000, 10, 5, 1, 0.65, 527555
1000000, 10, 5, 1, 0.65, 527532
1000000, 10, 5, 1, 0.65, 527441
1000000, 10, 5, 1, 0.65, 527531
1000000, 10, 5, 1, 0.65, 527542
1000000, 10, 5, 1, 0.65, 527493
1000000, 10, 5, 1, 0.65, 527509
1000000, 10, 5, 1, 0.65, 527585
1000000, 10, 5, 1, 0.65, 527493
1000000, 10, 5, 1, 0.65, 527533
1000000, 10, 5, 1, 0.65, 527516
1000000, 10, 5, 1, 0.65, 527550
1000000, 10, 5, 1, 0.65, 527487
1000000, 10, 5, 1, 0.65, 527556
1000000, 10, 5, 1, 0.65, 527522
1000000, 10, 5, 1, 0.65, 527540
1000000, 10, 5, 1, 0.65, 527607
1000000, 10, 5, 1, 0.65, 527584
1000000, 10, 5, 1, 0.65, 527542
1000000, 10, 5, 1, 0.65, 527527
1000000, 10, 5, 1, 0.65, 527593
1000000, 10, 5, 1, 0.66, 527759
1000000, 10, 5, 1, 0.66, 527668
1000000, 10, 5, 1, 0.66, 527669
1000000, 10, 5, 1, 0.66, 527629
1000000, 10, 5, 1, 0.66, 527617
1000000, 10, 5, 1, 0.66, 527635
1000000, 10, 5, 1, 0.66, 527661
1000000, 10, 5, 1, 0.66, 527685
1000000, 10, 5, 1, 0.66, 527617
1000000, 10, 5, 1, 0.66, 527582
1000000, 10, 5, 1, 0.66, 527658
1000000, 10, 5, 1, 0.66, 527677
1000000, 10, 5, 1, 0.66, 527650
1000000, 10, 5, 1, 0.66, 527607
1000000, 10, 5, 1, 0.66, 527673
1000000, 10, 5, 1, 0.66, 527689
1000000, 10, 5, 1, 0.66, 527633
1000000, 10, 5, 1, 0.66, 527668
1000000, 10, 5, 1, 0.66, 527643
1000000, 10, 5, 1, 0.66, 527632
1000000, 10, 5, 1, 0.66, 527642
1000000, 10, 5, 1, 0.66, 527633
1000000, 10, 5, 1, 0.66, 527675
1000000, 10, 5, 1, 0.66, 527668
1000000, 10, 5, 1, 0.66, 527659
1000000, 10, 5, 1, 0.66, 527626
1000000, 10, 5, 1, 0.66, 527616
1000000, 10, 5, 1, 0.66, 527629
1000000, 10, 5, 1, 0.66, 527647
1000000, 10, 5, 1, 0.66, 527669
1000000, 10, 5, 1, 0.67, 527723
1000000, 10, 5, 1, 0.67, 527773
1000000, 10, 5, 1, 0.67, 527771
1000000, 10, 5, 1, 0.67, 527770
1000000, 10, 5, 1, 0.67, 527778
1000000, 10, 5, 1, 0.67, 527768
1000000, 10, 5, 1, 0.67, 527755
1000000, 10, 5, 1, 0.67, 527729
1000000, 10, 5, 1, 0.67, 527758
1000000, 10, 5, 1, 0.67, 527779
1000000, 10, 5, 1, 0.67, 527767
1000000, 10, 5, 1, 0.67, 527753
1000000, 10, 5, 1, 0.67, 527759
1000000, 10, 5, 1, 0.67, 527815
1000000, 10, 5, 1, 0.67, 527790
1000000, 10, 5, 1, 0.67, 527823
1000000, 10, 5, 1, 0.67, 527725
1000000, 10, 5, 1, 0.67, 527803
1000000, 10, 5, 1, 0.67, 527762
1000000, 10, 5, 1, 0.67, 527747
1000000, 10, 5, 1, 0.67, 527755
1000000, 10, 5, 1, 0.67, 527817
1000000, 10, 5, 1, 0.67, 527799
1000000, 10, 5, 1, 0.67, 527735
1000000, 10, 5, 1, 0.67, 527783
1000000, 10, 5, 1, 0.67, 527787
1000000, 10, 5, 1, 0.67, 527743
1000000, 10, 5, 1, 0.67, 527821
1000000, 10, 5, 1, 0.67, 527794
1000000, 10, 5, 1, 0.67, 527732
1000000, 10, 5, 1, 0.68, 527901
1000000, 10, 5, 1, 0.68, 527919
1000000, 10, 5, 1, 0.68, 527876
1000000, 10, 5, 1, 0.68, 527859
1000000, 10, 5, 1, 0.68, 527864
1000000, 10, 5, 1, 0.68, 527872
1000000, 10, 5, 1, 0.68, 527874
1000000, 10, 5, 1, 0.68, 527865
1000000, 10, 5, 1, 0.68, 527845
1000000, 10, 5, 1, 0.68, 527878
1000000, 10, 5, 1, 0.68, 527902
1000000, 10, 5, 1, 0.68, 527880
1000000, 10, 5, 1, 0.68, 527875
1000000, 10, 5, 1, 0.68, 527859
1000000, 10, 5, 1, 0.68, 527873
1000000, 10, 5, 1, 0.68, 527853
1000000, 10, 5, 1, 0.68, 527896
1000000, 10, 5, 1, 0.68, 527857
1000000, 10, 5, 1, 0.68, 527925
1000000, 10, 5, 1, 0.68, 527858
1000000, 10, 5, 1, 0.68, 527868
1000000, 10, 5, 1, 0.68, 527856
1000000, 10, 5, 1, 0.68, 527845
1000000, 10, 5, 1, 0.68, 527861
1000000, 10, 5, 1, 0.68, 527922
1000000, 10, 5, 1, 0.68, 527872
1000000, 10, 5, 1, 0.68, 527863
1000000, 10, 5, 1, 0.68, 527869
1000000, 10, 5, 1, 0.68, 527865
1000000, 10, 5, 1, 0.68, 527906
1000000, 10, 5, 1, 0.69, 527950
1000000, 10, 5, 1, 0.69, 527980
1000000, 10, 5, 1, 0.69, 527947
1000000, 10, 5, 1, 0.69, 527951
1000000, 10, 5, 1, 0.69, 528000
1000000, 10, 5, 1, 0.69, 527958
1000000, 10, 5, 1, 0.69, 527937
1000000, 10, 5, 1, 0.69, 527955
1000000, 10, 5, 1, 0.69, 527946
1000000, 10, 5, 1, 0.69, 527921
1000000, 10, 5, 1, 0.69, 527965
1000000, 10, 5, 1, 0.69, 527964
1000000, 10, 5, 1, 0.69, 527959
1000000, 10, 5, 1, 0.69, 527923
1000000, 10, 5, 1, 0.69, 527988
1000000, 10, 5, 1, 0.69, 527949
1000000, 10, 5, 1, 0.69, 527946
1000000, 10, 5, 1, 0.69, 527946
1000000, 10, 5, 1, 0.69, 527895
1000000, 10, 5, 1, 0.69, 528017
1000000, 10, 5, 1, 0.69, 527990
1000000, 10, 5, 1, 0.69, 527959
1000000, 10, 5, 1, 0.69, 527944
1000000, 10, 5, 1, 0.69, 528024
1000000, 10, 5, 1, 0.69, 527965
1000000, 10, 5, 1, 0.69, 527964
1000000, 10, 5, 1, 0.69, 527963
1000000, 10, 5, 1, 0.69, 527973
1000000, 10, 5, 1, 0.69, 527982
1000000, 10, 5, 1, 0.69, 527991
1000000, 10, 5, 1, 0.7, 527997
1000000, 10, 5, 1, 0.7, 528045
1000000, 10, 5, 1, 0.7, 528013
1000000, 10, 5, 1, 0.7, 528041
1000000, 10, 5, 1, 0.7, 528039
1000000, 10, 5, 1, 0.7, 528034
1000000, 10, 5, 1, 0.7, 528056
1000000, 10, 5, 1, 0.7, 528053
1000000, 10, 5, 1, 0.7, 528080
1000000, 10, 5, 1, 0.7, 528033
1000000, 10, 5, 1, 0.7, 528007
1000000, 10, 5, 1, 0.7, 528015
1000000, 10, 5, 1, 0.7, 527989
1000000, 10, 5, 1, 0.7, 528022
1000000, 10, 5, 1, 0.7, 528036
1000000, 10, 5, 1, 0.7, 528048
1000000, 10, 5, 1, 0.7, 528058
1000000, 10, 5, 1, 0.7, 527983
1000000, 10, 5, 1, 0.7, 528068
1000000, 10, 5, 1, 0.7, 528042
1000000, 10, 5, 1, 0.7, 528069
1000000, 10, 5, 1, 0.7, 528024
1000000, 10, 5, 1, 0.7, 527996
1000000, 10, 5, 1, 0.7, 528038
1000000, 10, 5, 1, 0.7, 528020
1000000, 10, 5, 1, 0.7, 528037
1000000, 10, 5, 1, 0.7, 528025
1000000, 10, 5, 1, 0.7, 528036
1000000, 10, 5, 1, 0.7, 528039
1000000, 10, 5, 1, 0.7, 528040
1000000, 10, 5, 1, 0.71, 528108
1000000, 10, 5, 1, 0.71, 528144
1000000, 10, 5, 1, 0.71, 528129
1000000, 10, 5, 1, 0.71, 528111
1000000, 10, 5, 1, 0.71, 528046
1000000, 10, 5, 1, 0.71, 528150
1000000, 10, 5, 1, 0.71, 528107
1000000, 10, 5, 1, 0.71, 528083
1000000, 10, 5, 1, 0.71, 528144
1000000, 10, 5, 1, 0.71, 528122
1000000, 10, 5, 1, 0.71, 528074
1000000, 10, 5, 1, 0.71, 528130
1000000, 10, 5, 1, 0.71, 528108
1000000, 10, 5, 1, 0.71, 528083
1000000, 10, 5, 1, 0.71, 528100
1000000, 10, 5, 1, 0.71, 528117
1000000, 10, 5, 1, 0.71, 528104
1000000, 10, 5, 1, 0.71, 528133
1000000, 10, 5, 1, 0.71, 528098
1000000, 10, 5, 1, 0.71, 528106
1000000, 10, 5, 1, 0.71, 528113
1000000, 10, 5, 1, 0.71, 528070
1000000, 10, 5, 1, 0.71, 528114
1000000, 10, 5, 1, 0.71, 528119
1000000, 10, 5, 1, 0.71, 528079
1000000, 10, 5, 1, 0.71, 528080
1000000, 10, 5, 1, 0.71, 528132
1000000, 10, 5, 1, 0.71, 528107
1000000, 10, 5, 1, 0.71, 528131
1000000, 10, 5, 1, 0.71, 528104
1000000, 10, 5, 1, 0.72, 528189
1000000, 10, 5, 1, 0.72, 528158
1000000, 10, 5, 1, 0.72, 528165
1000000, 10, 5, 1, 0.72, 528160
1000000, 10, 5, 1, 0.72, 528125
1000000, 10, 5, 1, 0.72, 528164
1000000, 10, 5, 1, 0.72, 528159
1000000, 10, 5, 1, 0.72, 528171
1000000, 10, 5, 1, 0.72, 528157
1000000, 10, 5, 1, 0.72, 528150
1000000, 10, 5, 1, 0.72, 528180
1000000, 10, 5, 1, 0.72, 528161
1000000, 10, 5, 1, 0.72, 528196
1000000, 10, 5, 1, 0.72, 528141
1000000, 10, 5, 1, 0.72, 528185
1000000, 10, 5, 1, 0.72, 528200
1000000, 10, 5, 1, 0.72, 528209
1000000, 10, 5, 1, 0.72, 528169
1000000, 10, 5, 1, 0.72, 528197
1000000, 10, 5, 1, 0.72, 528159
1000000, 10, 5, 1, 0.72, 528180
1000000, 10, 5, 1, 0.72, 528155
1000000, 10, 5, 1, 0.72, 528146
1000000, 10, 5, 1, 0.72, 528156
1000000, 10, 5, 1, 0.72, 528185
1000000, 10, 5, 1, 0.72, 528145
1000000, 10, 5, 1, 0.72, 528188
1000000, 10, 5, 1, 0.72, 528172
1000000, 10, 5, 1, 0.72, 528171
1000000, 10, 5, 1, 0.72, 528155
1000000, 10, 5, 1, 0.73, 528227
1000000, 10, 5, 1, 0.73, 528215
1000000, 10, 5, 1, 0.73, 528198
1000000, 10, 5, 1, 0.73, 528218
1000000, 10, 5, 1, 0.73, 528212
1000000, 10, 5, 1, 0.73, 528243
1000000, 10, 5, 1, 0.73, 528204
1000000, 10, 5, 1, 0.73, 528214
1000000, 10, 5, 1, 0.73, 528240
1000000, 10, 5, 1, 0.73, 528220
1000000, 10, 5, 1, 0.73, 528182
1000000, 10, 5, 1, 0.73, 528191
1000000, 10, 5, 1, 0.73, 528206
1000000, 10, 5, 1, 0.73, 528226
1000000, 10, 5, 1, 0.73, 528240
1000000, 10, 5, 1, 0.73, 528245
1000000, 10, 5, 1, 0.73, 528212
1000000, 10, 5, 1, 0.73, 528218
1000000, 10, 5, 1, 0.73, 528245
1000000, 10, 5, 1, 0.73, 528228
1000000, 10, 5, 1, 0.73, 528194
1000000, 10, 5, 1, 0.73, 528204
1000000, 10, 5, 1, 0.73, 528243
1000000, 10, 5, 1, 0.73, 528181
1000000, 10, 5, 1, 0.73, 528239
1000000, 10, 5, 1, 0.73, 528212
1000000, 10, 5, 1, 0.73, 528245
1000000, 10, 5, 1, 0.73, 528233
1000000, 10, 5, 1, 0.73, 528241
1000000, 10, 5, 1, 0.73, 528206
1000000, 10, 5, 1, 0.74, 528259
1000000, 10, 5, 1, 0.74, 528270
1000000, 10, 5, 1, 0.74, 528248
1000000, 10, 5, 1, 0.74, 528260
1000000, 10, 5, 1, 0.74, 528266
1000000, 10, 5, 1, 0.74, 528232
1000000, 10, 5, 1, 0.74, 528268
1000000, 10, 5, 1, 0.74, 528293
1000000, 10, 5, 1, 0.74, 528244
1000000, 10, 5, 1, 0.74, 528235
1000000, 10, 5, 1, 0.74, 528280
1000000, 10, 5, 1, 0.74, 528264
1000000, 10, 5, 1, 0.74, 528280
1000000, 10, 5, 1, 0.74, 528263
1000000, 10, 5, 1, 0.74, 528272
1000000, 10, 5, 1, 0.74, 528271
1000000, 10, 5, 1, 0.74, 528285
1000000, 10, 5, 1, 0.74, 528292
1000000, 10, 5, 1, 0.74, 528252
1000000, 10, 5, 1, 0.74, 528265
1000000, 10, 5, 1, 0.74, 528259
1000000, 10, 5, 1, 0.74, 528271
1000000, 10, 5, 1, 0.74, 528264
1000000, 10, 5, 1, 0.74, 528262
1000000, 10, 5, 1, 0.74, 528269
1000000, 10, 5, 1, 0.74, 528270
1000000, 10, 5, 1, 0.74, 528294
1000000, 10, 5, 1, 0.74, 528242
1000000, 10, 5, 1, 0.74, 528267
1000000, 10, 5, 1, 0.74, 528281
1000000, 10, 5, 1, 0.75, 528289
1000000, 10, 5, 1, 0.75, 528306
1000000, 10, 5, 1, 0.75, 528304
1000000, 10, 5, 1, 0.75, 528282
1000000, 10, 5, 1, 0.75, 528307
1000000, 10, 5, 1, 0.75, 528309
1000000, 10, 5, 1, 0.75, 528312
1000000, 10, 5, 1, 0.75, 528304
1000000, 10, 5, 1, 0.75, 528323
1000000, 10, 5, 1, 0.75, 528312
1000000, 10, 5, 1, 0.75, 528310
1000000, 10, 5, 1, 0.75, 528326
1000000, 10, 5, 1, 0.75, 528313
1000000, 10, 5, 1, 0.75, 528308
1000000, 10, 5, 1, 0.75, 528306
1000000, 10, 5, 1, 0.75, 528311
1000000, 10, 5, 1, 0.75, 528297
1000000, 10, 5, 1, 0.75, 528324
1000000, 10, 5, 1, 0.75, 528288
1000000, 10, 5, 1, 0.75, 528319
1000000, 10, 5, 1, 0.75, 528336
1000000, 10, 5, 1, 0.75, 528311
1000000, 10, 5, 1, 0.75, 528320
1000000, 10, 5, 1, 0.75, 528339
1000000, 10, 5, 1, 0.75, 528347
1000000, 10, 5, 1, 0.75, 528290
1000000, 10, 5, 1, 0.75, 528317
1000000, 10, 5, 1, 0.75, 528325
1000000, 10, 5, 1, 0.75, 528315
1000000, 10, 5, 1, 0.75, 528300
1000000, 10, 5, 1, 0.76, 528299
1000000, 10, 5, 1, 0.76, 528377
1000000, 10, 5, 1, 0.76, 528329
1000000, 10, 5, 1, 0.76, 528339
1000000, 10, 5, 1, 0.76, 528352
1000000, 10, 5, 1, 0.76, 528349
1000000, 10, 5, 1, 0.76, 528340
1000000, 10, 5, 1, 0.76, 528349
1000000, 10, 5, 1, 0.76, 528359
1000000, 10, 5, 1, 0.76, 528357
1000000, 10, 5, 1, 0.76, 528349
1000000, 10, 5, 1, 0.76, 528335
1000000, 10, 5, 1, 0.76, 528336
1000000, 10, 5, 1, 0.76, 528347
1000000, 10, 5, 1, 0.76, 528333
1000000, 10, 5, 1, 0.76, 528357
1000000, 10, 5, 1, 0.76, 528332
1000000, 10, 5, 1, 0.76, 528339
1000000, 10, 5, 1, 0.76, 528347
1000000, 10, 5, 1, 0.76, 528338
1000000, 10, 5, 1, 0.76, 528335
1000000, 10, 5, 1, 0.76, 528365
1000000, 10, 5, 1, 0.76, 528330
1000000, 10, 5, 1, 0.76, 528347
1000000, 10, 5, 1, 0.76, 528353
1000000, 10, 5, 1, 0.76, 528343
1000000, 10, 5, 1, 0.76, 528347
1000000, 10, 5, 1, 0.76, 528322
1000000, 10, 5, 1, 0.76, 528344
1000000, 10, 5, 1, 0.76, 528360
1000000, 10, 5, 1, 0.77, 528360
1000000, 10, 5, 1, 0.77, 528378
1000000, 10, 5, 1, 0.77, 528403
1000000, 10, 5, 1, 0.77, 528355
1000000, 10, 5, 1, 0.77, 528369
1000000, 10, 5, 1, 0.77, 528387
1000000, 10, 5, 1, 0.77, 528360
1000000, 10, 5, 1, 0.77, 528339
1000000, 10, 5, 1, 0.77, 528370
1000000, 10, 5, 1, 0.77, 528354
1000000, 10, 5, 1, 0.77, 528366
1000000, 10, 5, 1, 0.77, 528405
1000000, 10, 5, 1, 0.77, 528373
1000000, 10, 5, 1, 0.77, 528344
1000000, 10, 5, 1, 0.77, 528380
1000000, 10, 5, 1, 0.77, 528374
1000000, 10, 5, 1, 0.77, 528373
1000000, 10, 5, 1, 0.77, 528377
1000000, 10, 5, 1, 0.77, 528356
1000000, 10, 5, 1, 0.77, 528374
1000000, 10, 5, 1, 0.77, 528383
1000000, 10, 5, 1, 0.77, 528376
1000000, 10, 5, 1, 0.77, 528380
1000000, 10, 5, 1, 0.77, 528380
1000000, 10, 5, 1, 0.77, 528378
1000000, 10, 5, 1, 0.77, 528397
1000000, 10, 5, 1, 0.77, 528374
1000000, 10, 5, 1, 0.77, 528380
1000000, 10, 5, 1, 0.77, 528379
1000000, 10, 5, 1, 0.77, 528383
1000000, 10, 5, 1, 0.78, 528415
1000000, 10, 5, 1, 0.78, 528397
1000000, 10, 5, 1, 0.78, 528403
1000000, 10, 5, 1, 0.78, 528405
1000000, 10, 5, 1, 0.78, 528414
1000000, 10, 5, 1, 0.78, 528405
1000000, 10, 5, 1, 0.78, 528383
1000000, 10, 5, 1, 0.78, 528414
1000000, 10, 5, 1, 0.78, 528414
1000000, 10, 5, 1, 0.78, 528386
1000000, 10, 5, 1, 0.78, 528383
1000000, 10, 5, 1, 0.78, 528402
1000000, 10, 5, 1, 0.78, 528380
1000000, 10, 5, 1, 0.78, 528396
1000000, 10, 5, 1, 0.78, 528396
1000000, 10, 5, 1, 0.78, 528389
1000000, 10, 5, 1, 0.78, 528384
1000000, 10, 5, 1, 0.78, 528410
1000000, 10, 5, 1, 0.78, 528411
1000000, 10, 5, 1, 0.78, 528394
1000000, 10, 5, 1, 0.78, 528410
1000000, 10, 5, 1, 0.78, 528384
1000000, 10, 5, 1, 0.78, 528390
1000000, 10, 5, 1, 0.78, 528373
1000000, 10, 5, 1, 0.78, 528405
1000000, 10, 5, 1, 0.78, 528393
1000000, 10, 5, 1, 0.78, 528394
1000000, 10, 5, 1, 0.78, 528392
1000000, 10, 5, 1, 0.78, 528412
1000000, 10, 5, 1, 0.78, 528407
1000000, 10, 5, 1, 0.79, 528402
1000000, 10, 5, 1, 0.79, 528425
1000000, 10, 5, 1, 0.79, 528434
1000000, 10, 5, 1, 0.79, 528437
1000000, 10, 5, 1, 0.79, 528421
1000000, 10, 5, 1, 0.79, 528428
1000000, 10, 5, 1, 0.79, 528416
1000000, 10, 5, 1, 0.79, 528432
1000000, 10, 5, 1, 0.79, 528449
1000000, 10, 5, 1, 0.79, 528418
1000000, 10, 5, 1, 0.79, 528416
1000000, 10, 5, 1, 0.79, 528428
1000000, 10, 5, 1, 0.79, 528413
1000000, 10, 5, 1, 0.79, 528425
1000000, 10, 5, 1, 0.79, 528420
1000000, 10, 5, 1, 0.79, 528420
1000000, 10, 5, 1, 0.79, 528415
1000000, 10, 5, 1, 0.79, 528424
1000000, 10, 5, 1, 0.79, 528409
1000000, 10, 5, 1, 0.79, 528405
1000000, 10, 5, 1, 0.79, 528437
1000000, 10, 5, 1, 0.79, 528429
1000000, 10, 5, 1, 0.79, 528423
1000000, 10, 5, 1, 0.79, 528421
1000000, 10, 5, 1, 0.79, 528418
1000000, 10, 5, 1, 0.79, 528427
1000000, 10, 5, 1, 0.79, 528425
1000000, 10, 5, 1, 0.79, 528417
1000000, 10, 5, 1, 0.79, 528407
1000000, 10, 5, 1, 0.79, 528439